{"PrivateKey":"b7d2c0e2-8651-48be-a200-a6a5e1861ebe","Name":"TV Show","Description":"TV Show","Color":"TVShow","Style":"{}","Icon":"MAM\\VTC\\Image\\Playlist\\2021\\06\\04\\icon\\04062021093456\\093502_TV_SHOW.png","LayoutType":"{\"Type\":\"4\",\"SubType\":\"5\",\"Landscape\":{\"Height\":0,\"Width\":0},\"Portrait\":{\"Height\":0,\"Width\":0}}","CDN":"{\"Name\":\"VNG\",\"LiveDomain\":\"https://liveovp.tek4tv.vn/\",\"VideoDomain\":\"https://vcv60b6khlvod.vcdn.cloud/\",\"ImageDomain\":\"https://vcv60b6khlvod.vcdn.cloud/\",\"IsActive\":true}","OrderID":7,"Components":null,"Media":[{"PrivateID":"dc3e6605-ab46-4df6-b372-8c43225cd1b5","Description":"\"Bạn muốn hẹn hò\" là show truyền hình thực tế giúp những bạn trẻ độc thân tìm thấy một nửa của mình. Nghệ sĩ Quyền Linh và diễn viên Cát Tường đã mai mối thành công cho nhiều cặp.","Image":"[{\"Type\":\"Square\",\"Url\":\"MAM\\\\VTC\\\\HOP_TAC\\\\TV_SHOW\\\\2021\\\\09\\\\02\\\\BAN_MUON_HEN_HO_36\\\\Square\\\\05092021130418\\\\130418_BAN_MUON_HEN_HO.jpg\"},{\"Type\":\"Thumbnail\",\"Url\":\"MAM\\\\VTC\\\\HOP_TAC\\\\TV_SHOW\\\\2021\\\\09\\\\02\\\\BAN_MUON_HEN_HO_36\\\\Thumbnail\\\\05092021130414\\\\130414_Untitled2.jpg\"}]","Name":"Bạn muốn hẹn hò","Title":"Bạn muốn hẹn hò","Path":"https://vcv60b6khlvod.vcdn.cloud///mam/vtc/hop_tac/tv_show/2021/09/02/ban_muon_hen_ho_36/hls/master.m3u8","Schedule":"2021-09-14T21:00:00","Duration":"00:30:42","Metadata":[{"Name":"Title","Value":"Bạn muốn hẹn hò"},{"Name":"GenredDescription","Value":"TV Show"},{"Name":"Episode","Value":"36"},{"Name":"TotalEpisode","Value":"60"},{"Name":"Country","Value":"Việt Nam"},{"Name":"EndTimecode","Value":"b126915a-6d68-4e73-ae83-25bcbba4406c"},{"Name":"Highlight","Value":"false"},{"Name":"ContentType","Value":"0"}]},{"PrivateID":"316e3a32-8d36-472b-860c-2ccd65701e1e","Description":"Mối quan hệ mẹ chồng nàng dâu chưa bao giờ bao giờ là dễ dàng nhưng khi theo dõi chương trình Mẹ chồng nàng dâu, khán giả sẽ được chứng kiến những câu chuyện thực sự cảm động.","Image":"[{\"Type\":\"Square\",\"Url\":\"MAM\\\\VTC\\\\HOP_TAC\\\\TV_SHOW\\\\2021\\\\09\\\\02\\\\ME_CHONG_NANG_DAU_-_TAP_36\\\\Square\\\\05092021130948\\\\130948_ME_CHONG_NANG_DAU.jpg\"},{\"Type\":\"Thumbnail\",\"Url\":\"MAM\\\\VTC\\\\HOP_TAC\\\\TV_SHOW\\\\2021\\\\09\\\\02\\\\ME_CHONG_NANG_DAU_-_TAP_36\\\\Thumbnail\\\\05092021130942\\\\130942_Untitled5.jpg\"}]","Name":"Mẹ chồng nàng dâu","Title":"Mẹ chồng nàng dâu","Path":"https://vcv60b6khlvod.vcdn.cloud///mam/vtc/hop_tac/tv_show/2021/09/02/me_chong_nang_dau_-_tap_36/hls/master.m3u8","Schedule":"2021-09-11T21:00:00","Duration":"00:32:46","Metadata":[{"Name":"Title","Value":"Mẹ chồng nàng dâu"},{"Name":"Episode","Value":"36"},{"Name":"TotalEpisode","Value":"113"},{"Name":"Country","Value":"Việt Nam"},{"Name":"EndTimecode","Value":"b75a5192-25a7-46b4-8e6f-c041c4918ed7"},{"Name":"Highlight","Value":"false"},{"Name":"ContentType","Value":"0"}]},{"PrivateID":"c83c4cdb-c2b6-47b1-b568-c14132ee67dc","Description":"“Cha con hợp sức” là cuộc thi tài giữa 2 đội chơi, mỗi đội gồm một cặp bố và con với các hoạt động: khám phá, trải nghiệm và chinh phục những nhiệm vụ do BTC đưa ra.","Image":"[{\"Type\":\"Square\",\"Url\":\"MAM\\\\VTC\\\\HOP_TAC\\\\TV_SHOW\\\\2021\\\\09\\\\02\\\\CHA_CON_HOP_SUC_TAP_36\\\\Square\\\\05092021130345\\\\130345_CHA_CON_HOP_SUC.jpg\"},{\"Type\":\"Thumbnail\",\"Url\":\"MAM\\\\VTC\\\\HOP_TAC\\\\TV_SHOW\\\\2021\\\\09\\\\02\\\\CHA_CON_HOP_SUC_TAP_36\\\\Thumbnail\\\\05092021130341\\\\130340_Untitled3.jpg\"}]","Name":"Cha con hợp sức","Title":"Cha con hợp sức","Path":"https://vcv60b6khlvod.vcdn.cloud///mam/vtc/hop_tac/tv_show/2021/09/02/cha_con_hop_suc_tap_36/hls/master.m3u8","Schedule":"2021-09-07T21:00:00","Duration":"00:24:43","Metadata":[{"Name":"Title","Value":"Cha con hợp sức"},{"Name":"GenredDescription","Value":"TV Show"},{"Name":"Episode","Value":"36"},{"Name":"TotalEpisode","Value":"165"},{"Name":"EndTimecode","Value":"8e03ba94-9b9c-44d5-8e58-7405e3abc6b6"},{"Name":"Highlight","Value":"false"},{"Name":"ContentType","Value":"0"}]},{"PrivateID":"5bd60716-e5e0-4291-a329-c0c419eb202d","Description":"Dựa theo format “The Perfect Companion”, “Bạn đường hợp ý” là hành trình đua tài giữa hai đội, lần lượt thực hiện các thử thách, nhiệm vụ của chương trình đưa ra.","Image":"[{\"Type\":\"Square\",\"Url\":\"MAM\\\\VTC\\\\HOP_TAC\\\\TV_SHOW\\\\2021\\\\08\\\\12\\\\BAN_DUONG_HOP_Y_-_TAP_35\\\\Square\\\\12082021111240\\\\111240_BDHY_TAP_35.mpeg.0005.jpg\"},{\"Type\":\"Thumbnail\",\"Url\":\"MAM\\\\VTC\\\\HOP_TAC\\\\TV_SHOW\\\\2021\\\\08\\\\12\\\\BAN_DUONG_HOP_Y_-_TAP_35\\\\Thumbnail\\\\12082021111218\\\\111219_35.jpg\"}]","Name":"Bạn đường hợp ý","Title":"Bạn đường hợp ý","Path":"https://vcv60b6khlvod.vcdn.cloud///mam/vtc/hop_tac/tv_show/2021/08/12/ban_duong_hop_y_-_tap_35/hls/master.m3u8","Schedule":"2021-08-28T21:00:00","Duration":"00:28:43","Metadata":[{"Name":"Title","Value":"Bạn đường hợp ý"},{"Name":"GenredDescription","Value":"TV Show"},{"Name":"Episode","Value":"35"},{"Name":"TotalEpisode","Value":"43"},{"Name":"Country","Value":"Việt Nam"},{"Name":"EndTimecode","Value":"85fced49-0ed9-48e0-be61-4ba549c78f06"},{"Name":"Highlight","Value":"false"},{"Name":"ContentType","Value":"0"}]},{"PrivateID":"72416734-795c-4a3b-8f26-f880105f7343","Description":"Sitcom \"Hẻm không sợ vợ\" xoay quanh 5 hộ gia đình cùng nhau sinh sống trong cùng một con hẻm nhỏ giữa lòng thành phố tấp nập với vô số những câu chuyện dở khóc dở cười.","Image":"[{\"Type\":\"Square\",\"Url\":\"MAM\\\\VTC\\\\HOP_TAC\\\\TV_SHOW\\\\2021\\\\08\\\\12\\\\HEM_KHONG_SO_VO_-_TAP_35\\\\Square\\\\12082021112229\\\\112229_HEM_KHONG_SO_VO_35.jpg\"},{\"Type\":\"Thumbnail\",\"Url\":\"MAM\\\\VTC\\\\HOP_TAC\\\\TV_SHOW\\\\2021\\\\08\\\\12\\\\HEM_KHONG_SO_VO_-_TAP_35\\\\Thumbnail\\\\12082021112215\\\\112215_35.jpg\"}]","Name":"Hẻm không sợ vợ","Title":"Hẻm không sợ vợ","Path":"https://vcv60b6khlvod.vcdn.cloud///mam/vtc/hop_tac/tv_show/2021/08/12/hem_khong_so_vo_-_tap_35/hls/master.m3u8","Schedule":"2021-08-26T21:00:00","Duration":"00:12:38","Metadata":[{"Name":"Title","Value":"Hẻm không sợ vợ"},{"Name":"GenredDescription","Value":"TV Show"},{"Name":"Episode","Value":"35"},{"Name":"TotalEpisode","Value":"60"},{"Name":"Country","Value":"Việt Nam"},{"Name":"EndTimecode","Value":"281a3d5b-2767-4a44-ba9f-f475952b99ce "},{"Name":"Highlight","Value":"false"},{"Name":"ContentType","Value":"0"}]},{"PrivateID":"e762d650-f06a-49ed-b3a9-01f4f86eefd5","Description":"Chương trình truyền hình Người kết nối mang ý nghĩa nhân văn sâu sắc, với việc tạo kết nối nhằm mục đích thu hẹp khoảng cách địa lí giúp gắn kết tình thân.\n","Image":"[{\"Type\":\"Square\",\"Url\":\"MAM\\\\VTC\\\\HOP_TAC\\\\TV_SHOW\\\\2021\\\\06\\\\07\\\\NGUOI_KET_NOI_-_TAP_31\\\\Square\\\\07062021151951\\\\151951_NGUOI_KET_NOI_31.jpg\"},{\"Type\":\"Thumbnail\",\"Url\":\"MAM\\\\VTC\\\\HOP_TAC\\\\TV_SHOW\\\\2021\\\\06\\\\07\\\\NGUOI_KET_NOI_-_TAP_31\\\\Thumbnail\\\\07062021151930\\\\151931_tap_31.jpg\"}]","Name":"Người kết nối","Title":"Người kết nối","Path":"https://vcv60b6khlvod.vcdn.cloud///mam/vtc/hop_tac/tv_show/2021/06/07/nguoi_ket_noi_-_tap_31/hls/master.m3u8","Schedule":"2021-07-01T21:00:00","Duration":"00:27:44","Metadata":[{"Name":"Title","Value":"Người kết nối"},{"Name":"GenredDescription","Value":"TV Show"},{"Name":"Episode","Value":"31"},{"Name":"TotalEpisode","Value":"31"},{"Name":"Country","Value":"Việt Nam"},{"Name":"EndTimecode","Value":"24e66c07-dc32-4235-b7da-08a53b44ce98"},{"Name":"Highlight","Value":"false"},{"Name":"ContentType","Value":"0"}]},{"PrivateID":"b44856ce-13eb-4a2b-8ef7-b91fc259d6c1","Description":"Gala Tết Vạn Lộc với chủ đề \"Hai quê\" hứa hẹn mang tới cho quý vị những cảm xúc thăng hoa trong ngày đầu xuân năm mới. Những màn biểu diễn ca múa nhạc lôi cuốn đan xen với các tiểu phẩm hài của các nghệ sĩ không chỉ để lại không khí vui vẻ cho những ngày xuân mới mà còn là những câu chuyện chuyển tải nhiều suy ngẫm cho khán giả. ","Image":"[{\"Type\":\"Thumbnail\",\"Url\":\"MAM\\\\VTC\\\\NOI_DUNG_SO\\\\DUNG_BO_LO\\\\2021\\\\02\\\\08\\\\OK_TET_VAN_LOC_PHAN_2\\\\Thumbnail\\\\14022021145505\\\\145505_092148_THUMB_TET_VAN_LOC_P2.jpg\"},{\"Type\":\"Square\",\"Url\":\"MAM\\\\VTC\\\\NOI_DUNG_SO\\\\DUNG_BO_LO\\\\2021\\\\02\\\\08\\\\OK_TET_VAN_LOC_PHAN_2\\\\Square\\\\14022021145510\\\\145510_092137_tet_van_loc_phan_2.jpg\"}]","Name":"Tết vạn lộc - Phần 2","Title":"Tết vạn lộc - Phần 2","Path":"https://vcv60b6khlvod.vcdn.cloud///mam/vtc/noi_dung_so/dung_bo_lo/2021/02/08/ok_tet_van_loc_phan_2/hls/master.m3u8","Schedule":"2021-02-14T14:05:00","Duration":"01:13:59","Metadata":[{"Name":"Title","Value":"Tết vạn lộc phần 2"}]},{"PrivateID":"0495b5c3-f574-4c6f-aeb4-13d2dbe10ccc","Description":"Những thanh âm trong trẻo trong ca khúc xuân được thể hiện bởi các câu lạc bộ thiếu nhi và cá nhân trực thuộc Group Ngôi Sao Hướng Dương khiến mùa xuân thêm rộn ràng.","Image":"[{\"Type\":\"Square\",\"Url\":\"MAM\\\\VTC\\\\HOP_TAC\\\\TV_SHOW\\\\2021\\\\02\\\\09\\\\LIXINGAYXUAN\\\\Custom\\\\09022021160013\\\\160013_3.jpg\"},{\"Type\":\"Thumbnail\",\"Url\":\"MAM\\\\VTC\\\\HOP_TAC\\\\TV_SHOW\\\\2021\\\\02\\\\09\\\\LIXINGAYXUAN\\\\Thumbnail\\\\09022021155946\\\\155946_5.jpg\"}]","Name":"Lì xì ngày xuân","Title":"Lì xì ngày xuân","Path":"https://vcv60b6khlvod.vcdn.cloud///mam/vtc/hop_tac/tv_show/2021/02/09/lixingayxuan/hls/master.m3u8","Schedule":"2021-02-14T14:00:00","Duration":"01:30:20","Metadata":[{"Name":"Title","Value":"Lì xì ngày xuân"},{"Name":"GenredDescription","Value":"TV Show"},{"Name":"Country","Value":"Việt Nam"},{"Name":"Cast","Value":"Nhiều nghệ sĩ"},{"Name":"ContentType","Value":"0"}]},{"PrivateID":"31f38240-3652-483f-ac39-0d636fd3ce29","Description":"Những ca xuân quen thuộc trong suốt một năm vừa qua được trình bày bởi các ca sĩ trẻ nổi tiếng của làng nhạc Việt. ","Image":"[{\"Type\":\"Square\",\"Url\":\"MAM\\\\VTC\\\\HOP_TAC\\\\TV_SHOW\\\\2021\\\\02\\\\10\\\\XUAN_VE_MUON_NOI\\\\Custom\\\\10022021142624\\\\142624_nhactrevuong.jpg\"},{\"Type\":\"Thumbnail\",\"Url\":\"MAM\\\\VTC\\\\HOP_TAC\\\\TV_SHOW\\\\2021\\\\02\\\\10\\\\XUAN_VE_MUON_NOI\\\\Thumbnail\\\\10022021142559\\\\142600_nhactre.jpg\"}]","Name":"Xuân về muôn nơi","Title":"Xuân về muôn nơi","Path":"https://vcv60b6khlvod.vcdn.cloud///mam/vtc/hop_tac/tv_show/2021/02/10/xuan_ve_muon_noi/hls/master.m3u8","Schedule":"2021-02-14T08:00:00","Duration":"00:26:03","Metadata":[{"Name":"Title","Value":"Xuân về muôn nơi"},{"Name":"GenredDescription","Value":"TV Show"},{"Name":"Country","Value":"Việt Nam"},{"Name":"Cast","Value":"Nhiều nghệ sĩ"},{"Name":"ContentType","Value":"0"}]},{"PrivateID":"e6425239-4bda-402e-831f-284226ac52e3","Description":"Chương trình \"Xuân là để yêu thương\" xoay quanh đề tài mùa xuân và tình yêu với việc thể hiện đan xen giao lưu sân khấu giữa MC, các khách mời PGS. TS Nguyễn Thế Kỷ và nhiều ca sĩ như ca sĩ Thái Thùy Linh, NSƯT Đăng Dương, ca sĩ Bảo Trâm cùng các khách mời gồm nhà thiết kế với các tiết mục ca nhạc và trình diễn thời trang mãn nhãn.\n","Image":"[{\"Type\":\"Square\",\"Url\":\"MAM\\\\VTC\\\\NOI_DUNG_SO\\\\XU_HUONG_24H\\\\2021\\\\02\\\\09\\\\XUAN_LA_DE_YEU_THUONG\\\\Square\\\\09022021141509\\\\141510_xuan_la_de_yeu_thuong_vuong.jpg\"},{\"Type\":\"Thumbnail\",\"Url\":\"MAM\\\\VTC\\\\NOI_DUNG_SO\\\\XU_HUONG_24H\\\\2021\\\\02\\\\09\\\\XUAN_LA_DE_YEU_THUONG\\\\Thumbnail\\\\09022021140652\\\\140653_xuan_la_de_yeu_thuong_thumv.jpg\"}]","Name":"\"Xuân là để yêu thương\": Câu chuyện về mùa xuân và tình yêu","Title":"\"Xuân là để yêu thương\": Câu chuyện về mùa xuân và tình yêu","Path":"https://vcv60b6khlvod.vcdn.cloud///mam/vtc/noi_dung_so/xu_huong_24h/2021/02/09/xuan_la_de_yeu_thuong/hls/master.m3u8","Schedule":"2021-02-13T20:10:00","Duration":"01:30:25","Metadata":[{"Name":"Title","Value":"\"Xuân là để yêu thương\": Mãn nhãn câu chuyện về mùa xuân và tình yêu"}]},{"PrivateID":"6113d3a7-74c0-4a79-bf6f-74e5ec8be616","Description":"\"Lời yêu\" là chương trình nghệ thuật đặc biệt được sản xuất riêng trong dịp Tết Tân Sửu 2021 với sự thể hiện của những \"giọng ca vàng\" của nhà hát Đài Tiếng nói Việt Nam. ","Image":"[{\"Type\":\"Square\",\"Url\":\"MAM\\\\VTC\\\\HOP_TAC\\\\AM_NHAC\\\\2021\\\\02\\\\09\\\\GIONGCAVANGVOV\\\\Custom\\\\09022021190545\\\\190546_giongvavang.jpg\"},{\"Type\":\"Thumbnail\",\"Url\":\"MAM\\\\VTC\\\\HOP_TAC\\\\AM_NHAC\\\\2021\\\\02\\\\09\\\\GIONGCAVANGVOV\\\\Thumbnail\\\\09022021190453\\\\190455_giongvavang.jpg\"}]","Name":"Giọng ca vàng VOV - Lời yêu ","Title":"Giọng ca vàng VOV - Lời yêu ","Path":"https://vcv60b6khlvod.vcdn.cloud///mam/vtc/hop_tac/am_nhac/2021/02/09/giongcavangvov/hls/master.m3u8","Schedule":"2021-02-13T19:05:00","Duration":"00:49:56","Metadata":[{"Name":"Title","Value":"Giọng ca vàng VOV"},{"Name":"GenredDescription","Value":"Âm nhạc"},{"Name":"Country","Value":"Việt Nam"},{"Name":"Cast","Value":"Nhiều nghệ sĩ"},{"Name":"ContentType","Value":"0"}]},{"PrivateID":"40753350-fb9b-4870-9dbf-4b7edc4cf76e","Description":"Các giá hầu đồng với lời hát văn ngọt ngào tha thiết không chỉ tạo nên một không gian tâm linh huyền bí mà còn thể hiện được nét đẹp uy nghi, trang trọng, đa sắc màu của tín ngưỡng Thờ Mẫu.","Image":"[{\"Type\":\"Thumbnail\",\"Url\":\"MAM\\\\VTC\\\\NOI_DUNG_SO\\\\XU_HUONG_24H\\\\2021\\\\02\\\\08\\\\CANH_HAU_DAU_XUAN_TET_TAN_SUU_VTC_NOW\\\\Custom\\\\09022021141836\\\\141836_canh_hau_ok.jpg\"},{\"Type\":\"Square\",\"Url\":\"MAM\\\\VTC\\\\NOI_DUNG_SO\\\\XU_HUONG_24H\\\\2021\\\\02\\\\08\\\\CANH_HAU_DAU_XUAN_TET_TAN_SUU_VTC_NOW\\\\Custom\\\\08022021124134\\\\124133_THUMB_CANH_HAU_vuong.jpg\"}]","Name":"Canh hầu đầu xuân Tân Sửu 2021","Title":"Canh hầu đầu xuân Tân Sửu 2021","Path":"https://vcv60b6khlvod.vcdn.cloud///mam/vtc/noi_dung_so/xu_huong_24h/2021/02/08/canh_hau_dau_xuan_tet_tan_suu_vtc_now/hls/master.m3u8","Schedule":"2021-02-13T17:00:00","Duration":"01:28:45","Metadata":[{"Name":"Title","Value":"Canh hầu đầu xuân Tân Sửu 2021"}]},{"PrivateID":"39ca5733-c640-4401-af3c-428ec1cbb5b5","Description":"Năm 2020 đi qua đã để lại biết bao đau thương, mất mát cho khúc ruột miền Trung. Câu chuyện xúc động về vùng đất lũ, những con người, những nhân vật ấn tượng, mạnh mẽ hồi sinh sau những trận bão lũ kinh hoàng của năm Canh Tý để đón nhận những điều tốt đẹp nhất trong năm Tân Sửu 2021 sẽ có trong chương trình đặc biệt \"Hành trình từ nước mắt đến nụ cười\".\n","Image":"[{\"Type\":\"Square\",\"Url\":\"MAM\\\\VTC\\\\NOI_DUNG_SO\\\\XU_HUONG_24H\\\\2021\\\\02\\\\09\\\\HANH_TRINH_TU_NUOC_MAT_DEN_NU_CUOI\\\\Square\\\\09022021151448\\\\151450_VUONGG.jpg\"},{\"Type\":\"Thumbnail\",\"Url\":\"MAM\\\\VTC\\\\NOI_DUNG_SO\\\\XU_HUONG_24H\\\\2021\\\\02\\\\09\\\\HANH_TRINH_TU_NUOC_MAT_DEN_NU_CUOI\\\\Thumbnail\\\\09022021140450\\\\140451_hanh_trinh_tu_nuoc_mat.jpg\"}]","Name":"\"Hành trình từ nước mắt đến nụ cười\": Xúc động câu chuyện vùng lũ miền Trung ngày Tết","Title":"\"Hành trình từ nước mắt đến nụ cười\": Xúc động câu chuyện vùng lũ miền Trung ngày Tết","Path":"https://vcv60b6khlvod.vcdn.cloud///mam/vtc/noi_dung_so/xu_huong_24h/2021/02/09/hanh_trinh_tu_nuoc_mat_den_nu_cuoi/hls/master.m3u8","Schedule":"2021-02-13T14:00:00","Duration":"00:45:47","Metadata":[{"Name":"Title","Value":"\"Hành trình từ nước mắt đến nụ cười\": Xúc động câu chuyện vùng lũ miền Trung ngày Tết "}]},{"PrivateID":"92cde176-e7b4-453e-9cb3-59a83fd1bf8f","Description":"Khác với mùa xuân ở các thành phố lớn như Hà Nội, Thành phố Hồ Chí Minh với lấp lánh ánh đèn và sự nhộn nhịp của phố phường, xuân Tây Bắc đẹp cuốn hút với khói mờ sương tỏa, với màu trăng tinh khiết của hoa ban, hoa mai, hoa mơ, hoa mận trên khắp các nẻo đường, với từng chồi non lộc biếc nhú lên trên những thân cây xù xì, với rực rỡ sắc áo của trẻ em cùng đồng bào dân tộc, với vẻ đẹp ngây ngất của các cô sơn nữ. Tất cả đều nguyên sơ, mộc mạc nhưng sâu sắc và đi vào lòng người. Xuân nơi vùng cao Tây Bắc không ồn áo, náo nhiệt mà đến lặng lẽ, bình yên. Những nét đặc trưng đó sẽ có trong chương trình \"Sắc xuân trên rẻo cao\".","Image":"[{\"Type\":\"Thumbnail\",\"Url\":\"MAM\\\\VTC\\\\NOI_DUNG_SO\\\\XU_HUONG_24H\\\\2021\\\\02\\\\10\\\\SAC_XUAN_TREN_REO_CAO\\\\Thumbnail\\\\10022021224333\\\\224334_thumb_sac_xuan_tren_reo_cao.jpg\"},{\"Type\":\"Square\",\"Url\":\"MAM\\\\VTC\\\\NOI_DUNG_SO\\\\XU_HUONG_24H\\\\2021\\\\02\\\\10\\\\SAC_XUAN_TREN_REO_CAO\\\\Square\\\\10022021224321\\\\224321_sac_xuan_tren_reo_cao.jpg\"}]","Name":"Sắc xuân trên rẻo cao","Title":"Sắc xuân trên rẻo cao","Path":"https://vcv60b6khlvod.vcdn.cloud///mam/vtc/noi_dung_so/xu_huong_24h/2021/02/10/sac_xuan_tren_reo_cao/hls/master.m3u8","Schedule":"2021-02-13T10:30:00","Duration":"00:59:13","Metadata":[{"Name":"Title","Value":"Sắc xuân trên rẻo cao"}]},{"PrivateID":"43313f84-dd97-4ca5-970f-1bbddd701476","Description":"Chương trình Giữa lòng quê mẹ năm 2021 với chủ đề “Tự hào Việt Nam” là những chia sẻ về nghĩa đồng bào của các khách mời kiều bào Việt trên khắp năm châu trong đại dịch, thiên tai. Đó là Đại sứ Lương Thanh Nghị - Phó Chủ nhiệm ủy ban Nhà nước về người Việt Nam tại nước ngoài, bà Nguyễn Việt Triều - Ủy viên Hội người Việt nam tại Châu Âu, Phó Chủ tịch Hội người Việt nam tại Châu Âu, Tiến sĩ Cello Đinh Hoài Xuân, nghệ nhân dân gian Nguyễn Đức Hiển và ông Khương Hiệp Hà – Giám đốc Học viện âm nhạc Harold Music Canada. ","Image":"[{\"Type\":\"Square\",\"Url\":\"MAM\\\\VTC\\\\NOI_DUNG_SO\\\\DUNG_BO_LO\\\\2021\\\\02\\\\08\\\\OK_GIUA_LONG_QUE_ME\\\\Square\\\\09022021141158\\\\141158_giua_long_que_me.jpg\"},{\"Type\":\"Thumbnail\",\"Url\":\"MAM\\\\VTC\\\\NOI_DUNG_SO\\\\DUNG_BO_LO\\\\2021\\\\02\\\\08\\\\OK_GIUA_LONG_QUE_ME\\\\Thumbnail\\\\09022021141030\\\\141030_thumb_giua_long_que_me_full.jpg\"}]","Name":"Giữa lòng quê mẹ 2021","Title":"Giữa lòng quê mẹ 2021","Path":"https://vcv60b6khlvod.vcdn.cloud///mam/vtc/noi_dung_so/dung_bo_lo/2021/02/08/ok_giua_long_que_me/hls/master.m3u8","Schedule":"2021-02-12T20:00:00","Duration":"01:26:37","Metadata":[{"Name":"Title","Value":"Giữa lòng quê mẹ 2021"}]},{"PrivateID":"fbb2c284-8bda-4f4f-b789-759f430a99f7","Description":"Mùa Xuân là mùa của ước mơ, hy vọng, của những thổn thức suy tư, ngẫm nghĩ về những cái đã qua, để hướng về phía trước. \"Mùa xuân ước mơ\" với phần trình bày của các ca sĩ nhí sẽ mang đến những xúc cảm đặc biệt trong ngày đầu năm mới. ","Image":"[{\"Type\":\"Square\",\"Url\":\"MAM\\\\VTC\\\\HOP_TAC\\\\AM_NHAC\\\\2021\\\\02\\\\09\\\\MUAXUANUOCMO\\\\Custom\\\\09022021191139\\\\191140_muaxuanuocmo.jpg\"},{\"Type\":\"Thumbnail\",\"Url\":\"MAM\\\\VTC\\\\HOP_TAC\\\\AM_NHAC\\\\2021\\\\02\\\\09\\\\MUAXUANUOCMO\\\\Thumbnail\\\\09022021191016\\\\191017_muaxuanuocmo.jpg\"}]","Name":"Ca nhạc thiếu nhi: Mùa xuân ước mơ","Title":"Ca nhạc thiếu nhi: Mùa xuân ước mơ","Path":"https://vcv60b6khlvod.vcdn.cloud///mam/vtc/hop_tac/am_nhac/2021/02/09/muaxuanuocmo/hls/master.m3u8","Schedule":"2021-02-12T17:00:00","Duration":"01:00:15","Metadata":[{"Name":"Title","Value":"Mùa xuân ước mơ"},{"Name":"GenredDescription","Value":"Âm nhạc"},{"Name":"Country","Value":"Việt Nam"},{"Name":"Cast","Value":"Nhiều nghệ sĩ"},{"Name":"ContentType","Value":"0"}]},{"PrivateID":"982b4ce0-5786-4595-8f1a-6ece9da7855d","Description":"Nghệ sĩ Vượng Râu đã có những chia sẻ về chặng đường mang nghệ thuật dân gian Việt Nam đến gần hơn với công chúng và những dự định cho năm mới Tân Sửu 2021 trong chương trình Chân dung nghệ sĩ.","Image":"[{\"Type\":\"Thumbnail\",\"Url\":\"MAM\\\\VTC\\\\NOI_DUNG_SO\\\\XU_HUONG_24H\\\\2021\\\\02\\\\08\\\\CHAN_DUNG_NGHE_SI_VTC_NOW\\\\Custom\\\\09022021142045\\\\142045_thumb_CDNS.jpg\"},{\"Type\":\"Square\",\"Url\":\"MAM\\\\VTC\\\\NOI_DUNG_SO\\\\XU_HUONG_24H\\\\2021\\\\02\\\\08\\\\CHAN_DUNG_NGHE_SI_VTC_NOW\\\\Custom\\\\08022021125640\\\\125639_CHAN_DUNG_NS_vuong.jpg\"}]","Name":"Chân dung nghệ sĩ: Nghe Vượng Râu kể chuyện năm con trâu Tân Sửu","Title":"Chân dung nghệ sĩ: Nghe Vượng Râu kể chuyện năm con trâu Tân Sửu","Path":"https://vcv60b6khlvod.vcdn.cloud///mam/vtc/noi_dung_so/xu_huong_24h/2021/02/08/chan_dung_nghe_si_vtc_now/hls/master.m3u8","Schedule":"2021-02-12T15:05:00","Duration":"00:59:57","Metadata":[{"Name":"Title","Value":"Chân dung nghệ sĩ : Nghe Vượng Râu kể chuyện năm con trâu Tân Sửu"}]},{"PrivateID":"ec701c5e-0884-41d7-9798-c0323bc3740f","Description":"Những khúc nhạc xuân vui tươi sẽ giúp xua tan phiền muộn của năm cũ và đem lại nguồn năng lượng tích cực cho gia đình khi năm mới đến.","Image":"[{\"Type\":\"Square\",\"Url\":\"MAM\\\\VTC\\\\HOP_TAC\\\\TV_SHOW\\\\2021\\\\02\\\\10\\\\XUANYEUTHUONG\\\\Custom\\\\10022021124158\\\\124159_vuidontetviet.jpg\"},{\"Type\":\"Thumbnail\",\"Url\":\"MAM\\\\VTC\\\\HOP_TAC\\\\TV_SHOW\\\\2021\\\\02\\\\10\\\\XUANYEUTHUONG\\\\Thumbnail\\\\10022021124132\\\\124133_vuidontetviet1.jpg\"}]","Name":"Xuân yêu thương","Title":"Xuân yêu thương","Path":"https://vcv60b6khlvod.vcdn.cloud///mam/vtc/hop_tac/tv_show/2021/02/10/xuanyeuthuong/hls/master.m3u8","Schedule":"2021-02-12T12:00:00","Duration":"01:02:57","Metadata":[{"Name":"Title","Value":"Vui đón Tết Việt"},{"Name":"GenredDescription","Value":"TV Show"},{"Name":"Cast","Value":"Nhiều nghệ sĩ"},{"Name":"ContentType","Value":"0"}]},{"PrivateID":"0b718979-e930-4d01-a0fd-aeec4a51ef2e","Description":"Chương trình ca nhạc đặc biệt với những nhạc phẩm mừng xuân mới giàu cảm xúc. ","Image":"[{\"Type\":\"Square\",\"Url\":\"MAM\\\\VTC\\\\HOP_TAC\\\\TV_SHOW\\\\2021\\\\02\\\\10\\\\KHUCXUANCA\\\\Custom\\\\10022021134015\\\\134015_vuinhutetvuong.jpg\"},{\"Type\":\"Thumbnail\",\"Url\":\"MAM\\\\VTC\\\\HOP_TAC\\\\TV_SHOW\\\\2021\\\\02\\\\10\\\\KHUCXUANCA\\\\Thumbnail\\\\10022021133933\\\\133934_vuinhutet.jpg\"}]","Name":"Hồn dân tộc Việt: Khúc xuân ca 2021","Title":"Hồn dân tộc Việt: Khúc xuân ca 2021","Path":"https://vcv60b6khlvod.vcdn.cloud///mam/vtc/hop_tac/tv_show/2021/02/10/khucxuanca/hls/master.m3u8","Schedule":"2021-02-12T10:30:00","Duration":"00:30:34","Metadata":[{"Name":"Title","Value":"Vui như Tết: Khúc xuân ca"},{"Name":"GenredDescription","Value":"TV Show"},{"Name":"Country","Value":"Việt Nam"},{"Name":"Cast","Value":"Nhiều nghệ sĩ"},{"Name":"ContentType","Value":"0"}]},{"PrivateID":"e1e0f255-e455-4822-93db-eef871ed331a","Description":"\"Nụ cười xuân\" là chương trình âm nhạc nghệ thuật đặc biệt chào mừng năm mới Tân Sửu 2021 do Đài Truyền hình Kỹ thuật số VTC sản xuất, hội tụ những gương mặt quen thuộc trong ngành giải trí Việt. ","Image":"[{\"Type\":\"Square\",\"Url\":\"MAM\\\\VTC\\\\HOP_TAC\\\\TV_SHOW\\\\2021\\\\02\\\\11\\\\NU_CUOI_XUAN_OK\\\\Custom\\\\11022021120901\\\\120900_nucuoixuanvuong.jpg\"},{\"Type\":\"Thumbnail\",\"Url\":\"MAM\\\\VTC\\\\HOP_TAC\\\\TV_SHOW\\\\2021\\\\02\\\\11\\\\NU_CUOI_XUAN_OK\\\\Thumbnail\\\\11022021120835\\\\120835_nucuoixuan.jpg\"}]","Name":"Nụ cười xuân","Title":"Nụ cười xuân","Path":"https://vcv60b6khlvod.vcdn.cloud///mam/vtc/hop_tac/tv_show/2021/02/11/nu_cuoi_xuan_ok/hls/master.m3u8","Schedule":"2021-02-12T10:15:00","Duration":"00:21:53","Metadata":[{"Name":"Title","Value":"Nụ cười xuân"},{"Name":"GenredDescription","Value":"TV Show"},{"Name":"Country","Value":"Việt Nam"},{"Name":"Cast","Value":"Nhiều nghệ sĩ"},{"Name":"ContentType","Value":"0"}]}]}