{"PrivateKey":"3db60efd-79c2-4037-a92a-a8c73082956d","Name":"Xe hay","Description":"Xe hay","Color":"xe-hay","Style":"{}","Icon":"MAM\\VTC\\Image\\Playlist\\2021\\08\\11\\icon\\11082021170202\\170203_XE_HAY.png","LayoutType":"{\"Type\":\"8\",\"SubType\":\"12\",\"Landscape\":{\"Height\":0,\"Width\":0},\"Portrait\":{\"Height\":0,\"Width\":0}}","CDN":"{\"Name\":\"VNG\",\"LiveDomain\":\"https://liveovp.tek4tv.vn/\",\"VideoDomain\":\"https://vcv60b6khlvod.vcdn.cloud/\",\"ImageDomain\":\"https://vcv60b6khlvod.vcdn.cloud/\",\"IsActive\":true}","OrderID":0,"Components":null,"Media":[{"PrivateID":"f5d5d856-02e9-458f-8493-6ca8a7e715b7","Description":"Hyundai Santafe bản full option thực sự thoả mãn khách hàng về thiết kế cũng như những tính năng mới tiên tiến của mình. Liệu dòng xe này có chinh phục được những người dùng khó tính hay không?","Image":"[{\"Type\":\"Square\",\"Url\":\"MAM\\\\VTC\\\\DUNG_BO_LO\\\\2021\\\\09\\\\14\\\\HUYNDAI_SANTAFE\\\\Square\\\\15092021132312\\\\132312_VUONG_SANTAFE.jpg\"},{\"Type\":\"Thumbnail\",\"Url\":\"MAM\\\\VTC\\\\DUNG_BO_LO\\\\2021\\\\09\\\\14\\\\HUYNDAI_SANTAFE\\\\Thumbnail\\\\15092021132306\\\\132307_santafe.jpg\"}]","Name":"Hyundai Santafe bản full option: Chinh phục người dùng khó tính","Title":"Hyundai Santafe bản full option: Chinh phục người dùng khó tính","Path":"https://vcv60b6khlvod.vcdn.cloud///mam/vtc/dung_bo_lo/2021/09/14/huyndai_santafe/hls/master.m3u8","Schedule":"2021-09-17T20:00:00","Duration":"00:25:22","Metadata":[{"Name":"Title","Value":"Hyundai Santafe Bản Full Option: Chinh phục người khó tính"}]},{"PrivateID":"01e43fc2-919f-40e1-bd7a-3187d79dde49","Description":"Sau thành công của Honda CR-V, mới đây Honda Việt Nam đã tiếp tục giới thiệu phiên bản mới LSE màu đen tuyền với thiết kế chỉn chu, sang trọng.\n","Image":"[{\"Type\":\"Square\",\"Url\":\"MAM\\\\VTC\\\\DUNG_BO_LO\\\\2021\\\\09\\\\14\\\\HONDA_CR-V_FULL_DEN\\\\Square\\\\15092021132046\\\\132047_vuong_honda_crv_full_den.jpg\"},{\"Type\":\"Thumbnail\",\"Url\":\"MAM\\\\VTC\\\\DUNG_BO_LO\\\\2021\\\\09\\\\14\\\\HONDA_CR-V_FULL_DEN\\\\Thumbnail\\\\15092021132040\\\\132040_honda_nrv_full_den.jpg\"}]","Name":"Honda CRV LSE phiên bản đen tuyền sang trọng, chỉn chu","Title":"Honda CRV LSE phiên bản đen tuyền sang trọng, chỉn chu","Path":"https://vcv60b6khlvod.vcdn.cloud///mam/vtc/dung_bo_lo/2021/09/14/honda_cr-v_full_den/hls/master.m3u8","Schedule":"2021-09-10T20:00:00","Duration":"00:08:41","Metadata":[{"Name":"Title","Value":"Honda CRV LSE phiên bản đen tuyền sang trọng, chỉn chu"}]},{"PrivateID":"26812c3c-d6f7-4402-9e6e-bf64694ebe67","Description":"Người Việt đã quá quen với những chiếc xe của BMW như 3-Series, 5-Series hay X3, X5, X6. Tuy nhiên, với kiểu xe 2 cửa Coupe như chiếc BMW 128i này rất hiếm gặp trên đường phố Việt.","Image":"[{\"Type\":\"Square\",\"Url\":\"MAM\\\\VTC\\\\DUNG_BO_LO\\\\2021\\\\09\\\\14\\\\BMW_128I_VANG\\\\Square\\\\15092021130417\\\\130417_VUONG_BMW12I_VANG.jpg\"},{\"Type\":\"Thumbnail\",\"Url\":\"MAM\\\\VTC\\\\DUNG_BO_LO\\\\2021\\\\09\\\\14\\\\BMW_128I_VANG\\\\Thumbnail\\\\15092021130410\\\\130411_bmw128i_vang.jpg\"}]","Name":"BMW 128i có thực sự hoàn hảo?","Title":"BMW 128i có thực sự hoàn hảo?","Path":"https://vcv60b6khlvod.vcdn.cloud///mam/vtc/dung_bo_lo/2021/09/14/bmw_128i_vang/hls/master.m3u8","Schedule":"2021-09-03T20:00:00","Duration":"00:25:47","Metadata":[{"Name":"Title","Value":"BMW 128i có thực sự hoàn hảo?"}]},{"PrivateID":"09f766df-008b-4a07-85e6-8b3970b96d36","Description":"Nếu quý khán giả còn lăn tăn dòng xe nhập khẩu SUV thì có lẽ Mazda CX-30 sẽ là ứng cử viên số 1 trong cuộc đua lần này.","Image":"[{\"Type\":\"Square\",\"Url\":\"MAM\\\\VTC\\\\DUNG_BO_LO\\\\2021\\\\09\\\\14\\\\MAZDA_CX-30\\\\Square\\\\15092021130915\\\\130915_vuong_mazda_cx30.jpg\"},{\"Type\":\"Thumbnail\",\"Url\":\"MAM\\\\VTC\\\\DUNG_BO_LO\\\\2021\\\\09\\\\14\\\\MAZDA_CX-30\\\\Thumbnail\\\\15092021130907\\\\130907_madza_cx30.jpg\"}]","Name":"Mazda CX-30: Lựa chọn số 1 dành cho gia đình trẻ","Title":"Mazda CX-30: Lựa chọn số 1 dành cho gia đình trẻ","Path":"https://vcv60b6khlvod.vcdn.cloud///mam/vtc/dung_bo_lo/2021/09/14/mazda_cx-30/hls/master.m3u8","Schedule":"2021-08-27T20:00:00","Duration":"00:21:38","Metadata":[{"Name":"Title","Value":"Mazda CX-30: Lựa chọn số 1 dành cho gia đình trẻ"}]},{"PrivateID":"d3563f42-d484-4008-9a98-cbca17828582","Description":"Mẫu SUV cỡ nhỏ Porsche Macan sau 4 năm sử dụng vẫn được định giá tiền tỷ và vẫn duy trì được sức hút đáng nể trong mắt người dùng. Cùng MC Thượng Tiến khám phá một chiếc Porsche Macan như thế.","Image":"[{\"Type\":\"Square\",\"Url\":\"MAM\\\\VTC\\\\DUNG_BO_LO\\\\2021\\\\09\\\\14\\\\POSCHERS_MACAN\\\\Square\\\\15092021131926\\\\131926_vuong_posches.jpg\"},{\"Type\":\"Thumbnail\",\"Url\":\"MAM\\\\VTC\\\\DUNG_BO_LO\\\\2021\\\\09\\\\14\\\\POSCHERS_MACAN\\\\Thumbnail\\\\15092021131918\\\\131919_posches.jpg\"}]","Name":"Vì sao mẫu Porsche Macan vẫn 'hút' khách sau 4 năm sử dụng","Title":"Vì sao mẫu Porsche Macan vẫn 'hút' khách sau 4 năm sử dụng","Path":"https://vcv60b6khlvod.vcdn.cloud///mam/vtc/dung_bo_lo/2021/09/14/poschers_macan/hls/master.m3u8","Schedule":"2021-08-20T20:00:00","Duration":"00:40:13","Metadata":[{"Name":"Title","Value":"Điều gì khiến chiếc Porsche Macan vẫn 'hút' người dùng sau 4 "}]},{"PrivateID":"f4fde51c-4b40-4088-bd0b-205b098c10fa","Description":"\nXe Audi A6 là mẫu xe được thiết kế riêng, cạnh tranh trực tiếp với Mercedes-Benz và BMW.Kết hợp công nghệ High Tech và High End giúp Audi A6 xứng đáng thuộc dòng xe hạng sang.","Image":"[{\"Type\":\"Square\",\"Url\":\"MAM\\\\VTC\\\\DUNG_BO_LO\\\\2021\\\\09\\\\14\\\\AUDI\\\\Square\\\\15092021130312\\\\130313_VUONG_AUDI.jpg\"},{\"Type\":\"Thumbnail\",\"Url\":\"MAM\\\\VTC\\\\DUNG_BO_LO\\\\2021\\\\09\\\\14\\\\AUDI\\\\Thumbnail\\\\15092021130305\\\\130306_audi.jpg\"}]","Name":"Audi A6 2020: Khi High Tech giao thoa cùng High End","Title":"Audi A6 2020: Khi High Tech giao thoa cùng High End","Path":"https://vcv60b6khlvod.vcdn.cloud///mam/vtc/dung_bo_lo/2021/09/14/audi/hls/master.m3u8","Schedule":"2021-08-06T20:00:00","Duration":"00:17:17","Metadata":[{"Name":"Title","Value":"Audi A6 2020: Khi High Tech giao thoa cùng High End"}]},{"PrivateID":"e8eb6645-6c94-4fa1-b2e9-5b7037bb4bed","Description":"Những sự thật ấn tượng của dòng xe Toyota Corolla Cross Hybird và lợi ích hấp dẫn của động cơ Hybrid khiến nhiều người dùng mê mẩn.","Image":"[{\"Type\":\"Square\",\"Url\":\"MAM\\\\VTC\\\\DUNG_BO_LO\\\\2021\\\\09\\\\14\\\\TOYOTA_COROLLA_HYBIRD\\\\Square\\\\15092021131031\\\\131031_VUONG_TOYOTA_COROLLA.jpg\"},{\"Type\":\"Thumbnail\",\"Url\":\"MAM\\\\VTC\\\\DUNG_BO_LO\\\\2021\\\\09\\\\14\\\\TOYOTA_COROLLA_HYBIRD\\\\Thumbnail\\\\15092021131022\\\\131023_toyota_corolla.jpg\"}]","Name":"Giải mã sức hút của Toyota Corolla Cross Hybrid","Title":"Giải mã sức hút của Toyota Corolla Cross Hybrid","Path":"https://vcv60b6khlvod.vcdn.cloud///mam/vtc/dung_bo_lo/2021/09/14/toyota_corolla_hybird/hls/master.m3u8","Schedule":"2021-07-30T20:00:00","Duration":"00:25:48","Metadata":[{"Name":"Title","Value":"Giải mã sức hút của Toyota Corolla Cross Hybrid"}]},{"PrivateID":"aaab868d-8a3c-4306-80b6-0026e6cf891f","Description":"Beijing X7 là mẫu CUV được nhập khẩu về Việt Nam, được coi là đối thủ đáng gờm của loạt mẫu CUV ăn khách ở Việt Nam như Honda CR-V... Cùng Xe hay review để có những đánh giá về chiế","Image":"[{\"Type\":\"Square\",\"Url\":\"MAM\\\\VTC\\\\DUNG_BO_LO\\\\2021\\\\09\\\\14\\\\BEIJING_X7\\\\Square\\\\15092021130647\\\\130648_VUONG_BEJING_X7.jpg\"},{\"Type\":\"Thumbnail\",\"Url\":\"MAM\\\\VTC\\\\DUNG_BO_LO\\\\2021\\\\09\\\\14\\\\BEIJING_X7\\\\Thumbnail\\\\15092021130643\\\\130643_bejing_x7.jpg\"}]","Name":"Beijing X7: Xe Trung Quốc có thực sự 'ngon, bổ, rẻ'?","Title":"Beijing X7: Xe Trung Quốc có thực sự 'ngon, bổ, rẻ'?","Path":"https://vcv60b6khlvod.vcdn.cloud///mam/vtc/dung_bo_lo/2021/09/14/beijing_x7/hls/master.m3u8","Schedule":"2021-07-23T20:00:00","Duration":"00:35:08","Metadata":[{"Name":"Title","Value":"Beijing X7: Xe Trung Quốc có thực sự 'ngon, bổ, rẻ'?"}]},{"PrivateID":"f76cee37-2bb0-4d85-bdf3-e3fbf3847bb0","Description":"Mercedes-Benz GLB200 dòng 7 chỗ là phiên bản hội tụ đầy đủ những yếu tố mà những người yêu xe ngóng chờ. Liệu chiếc xe này có \"đáng đồng tiền bát gạo\"?","Image":"[{\"Type\":\"Square\",\"Url\":\"MAM\\\\VTC\\\\DUNG_BO_LO\\\\2021\\\\09\\\\14\\\\GLB200\\\\Square\\\\15092021131525\\\\131526_vuong_GLB200.jpg\"},{\"Type\":\"Thumbnail\",\"Url\":\"MAM\\\\VTC\\\\DUNG_BO_LO\\\\2021\\\\09\\\\14\\\\GLB200\\\\Thumbnail\\\\15092021131520\\\\131520_GLB200.jpg\"}]","Name":"'Soi' thiết kế nội, ngoại thất Mercedes GLB 200","Title":"'Soi' thiết kế nội, ngoại thất Mercedes GLB 200","Path":"https://vcv60b6khlvod.vcdn.cloud///mam/vtc/dung_bo_lo/2021/09/14/glb200/hls/master.m3u8","Schedule":"2021-07-16T20:00:00","Duration":"00:28:47","Metadata":[{"Name":"Title","Value":"'Soi' thiết kế nội, ngoại thất Mercedes GLB 200"}]}]}