{"PrivateKey":"fb3f8832-71d0-4232-b93d-927ef6f3bdc8","Name":"Nổi bật","Description":"Nổi bật","Color":"","Style":"{}","Icon":"","LayoutType":"{\"Type\":\"1\",\"SubType\":\"1\",\"Landscape\":{\"Height\":0,\"Width\":0},\"Portrait\":{\"Height\":0,\"Width\":0}}","CDN":"{\"Name\":\"VNG\",\"LiveDomain\":\"https://liveovp.tek4tv.vn/\",\"VideoDomain\":\"https://vcv60b6khlvod.vcdn.cloud/\",\"ImageDomain\":\"https://vcv60b6khlvod.vcdn.cloud/\",\"IsActive\":true}","OrderID":0,"Components":null,"Media":[{"PrivateID":"3b51285e-a8eb-4704-8dd1-3c477c158d45","Description":"Khi nào thì Việt Nam tiêm vaccine phòng Covid-19 cho trẻ em? Đây là điều được nhiều bậc phụ huynh quan tâm, nhất là các tỉnh đang hứng chịu hậu quả của đại dịch Covid-19\n","Image":"[{\"Type\":\"Thumbnail\",\"Url\":\"MAM\\\\VTC\\\\VTC14\\\\CHAO_BUOI_TOI\\\\2021\\\\09\\\\17\\\\BAO_GIO_VIET_NAM_TIEM_VACCIEN_PHONG_COVID_CHO_TRE_EM\\\\Thumbnail\\\\17092021185519\\\\185518_4.jpg\"}]","Name":"Đến bao giờ trẻ em Việt Nam sẽ được tiêm vaccine Covid-19?","Title":"Đến bao giờ trẻ em Việt Nam sẽ được tiêm vaccine Covid-19?","Path":"https://vcv60b6khlvod.vcdn.cloud///mam/vtc/vtc14/chao_buoi_toi/2021/09/17/bao_gio_viet_nam_tiem_vaccien_phong_covid_cho_tre_em/hls/master.m3u8","Schedule":"2021-09-17T18:55:30","Duration":"00:09:51","Metadata":[{"Name":"Title","Value":"Đến bao giờ trẻ em Việt Nam sẽ được tiêm vaccine Covid-19?"}]},{"PrivateID":"fa26cecf-9b42-4b61-a2e4-0ab83d2a5a3d","Description":"Cập nhật thông tin mới nhất về dịch Covid-19 tối 17/9/2021 trong bản tin đặc biệt của VTC Now.","Image":"[{\"Type\":\"Square\",\"Url\":\"Mam\\\\VTC\\\\DUNG_BO_LO\\\\2021\\\\09\\\\17\\\\TRUC_TIEP_TIN_TUC_COVID_19_MOI_NHAT_TOI_17_9_2021\\\\Square\\\\17092021150610\\\\150610_BAN_TIN_COVID__VUONG.jpg\"},{\"Type\":\"Thumbnail\",\"Url\":\"Mam\\\\VTC\\\\DUNG_BO_LO\\\\2021\\\\09\\\\17\\\\TRUC_TIEP_TIN_TUC_COVID_19_MOI_NHAT_TOI_17_9_2021\\\\Thumbnail\\\\17092021150602\\\\150602_BAN_TIN_COVID__NGANG.jpg\"}]","Name":"Ngày 17/9, cả nước ghi nhận 11.506 ca mắc Covid-19","Title":"Ngày 17/9, cả nước ghi nhận 11.506 ca mắc Covid-19","Path":"https://vcv60b6khlvod.vcdn.cloud//MAM/VTC/DUNG_BO_LO/2021/09/17/2021/192304_BAN_TIN_COVID_TOI_1709.mp4","Schedule":"2021-09-17T18:40:00","Duration":"00:17:30","Metadata":[{"Name":"Title","Value":"[Trực tiếp] Tin tức Covid-19 mới nhất tối 17/9/2021"},{"Name":"EndTimecode","Value":"fa26cecf-9b42-4b61-a2e4-0ab83d2a5a3d"},{"Name":"Highlight","Value":"false"},{"Name":"ContentType","Value":"0"},{"Name":"FileCode","Value":"https://c0fthcxjokliv.vcdn.cloud/evt1/index.m3u8"}]},{"PrivateID":"b431f0d6-733c-47a7-82be-25b843c5e95b","Description":"Chủ tịch HĐQT tập đoàn FPT, Ông Trương Gia Bình quyết định tập đoàn FPT sẽ mở trường nuôi dạy 1.000 trẻ nhỏ mồ côi cha mẹ bởi dịch Covid-19 cho đến khi khôn lớn.","Image":"[{\"Type\":\"Thumbnail\",\"Url\":\"MAM\\\\VTC\\\\VTC14\\\\CHAO_BUOI_TOI\\\\2021\\\\09\\\\17\\\\TY_PHU_HUA_XAY_TRUONG_NOI_TRU\\\\Thumbnail\\\\17092021183351\\\\183349_2.jpg\"}]","Name":"Chủ tịch FPT hứa xây trường cho 1.000 em nhỏ mồ côi vì Covid-19","Title":"Chủ tịch FPT hứa xây trường cho 1.000 em nhỏ mồ côi vì Covid-19","Path":"https://vcv60b6khlvod.vcdn.cloud///mam/vtc/vtc14/chao_buoi_toi/2021/09/17/ty_phu_hua_xay_truong_noi_tru/hls/master.m3u8","Schedule":"2021-09-17T18:34:02","Duration":"00:02:09","Metadata":[{"Name":"Title","Value":"Tỷ phú công nghệ hứa xây trường nuôi dạy 1.000 em nhỏ mồ côi "}]}]}