{"PrivateKey":"f860cd78-df7f-4987-abfe-f17aa0484cff","Name":"Hôm nay nghe gì?","Description":"Hôm nay nghe gì?","Color":"hom-nay-nghe-gi","Style":"{}","Icon":"","LayoutType":"","CDN":"{\"Name\":\"VNG\",\"LiveDomain\":\"https://liveovp.tek4tv.vn/\",\"VideoDomain\":\"https://vcv60b6khlvod.vcdn.cloud/\",\"ImageDomain\":\"https://vcv60b6khlvod.vcdn.cloud/\",\"IsActive\":true}","OrderID":1,"Components":null,"Media":[{"PrivateID":"05ea90d2-3f90-4c8a-b7b9-7f11d4e6b1ff","Description":"Sài Gòn sầm uất gắn với sự phù phiếm. Thế nhưng, đâu đó trong những con hẻm hay nơi quán cafe \"cóc\" vẫn tồn tại câu chuyện đẹp, bình dị khiến người ta thương Sài Gòn mãi không thôi.","Image":"[{\"Type\":\"Square\",\"Url\":\"MAM\\\\VTC\\\\HOP_TAC\\\\AM_NHAC\\\\2021\\\\09\\\\10\\\\THANH_SO_3_OK\\\\Square\\\\10092021154219\\\\154220_1080x1080_ograne1.jpg\"},{\"Type\":\"Thumbnail\",\"Url\":\"MAM\\\\VTC\\\\HOP_TAC\\\\AM_NHAC\\\\2021\\\\09\\\\10\\\\THANH_SO_3_OK\\\\Thumbnail\\\\10092021154215\\\\154217_1920x1080_organe.jpg\"}]","Name":"Thanh: Sài Gòn","Title":"Thanh: Sài Gòn","Path":"https://vcv60b6khlvod.vcdn.cloud///mam/vtc/hop_tac/am_nhac/2021/09/10/thanh_so_3_ok/hls/master.m3u8","Schedule":"2021-09-10T20:00:00","Duration":"00:37:53","Metadata":[{"Name":"Title","Value":"Thanh: Sài Gòn"},{"Name":"GenredDescription","Value":"Âm nhạc"},{"Name":"Country","Value":"Việt Nam"},{"Name":"Highlight","Value":"false"},{"Name":"ContentType","Value":"0"}]},{"PrivateID":"080ae57a-a49c-41d1-8f62-e35643725d21","Description":"Những giai điệu trữ tình sâu lắng, cùng nhiều bản nhạc nổi tiếng viết về mùa thu được thể hiện bằng những giọng hát đẹp trong không gian âm nhạc đầy lãng mạn.","Image":"[{\"Type\":\"Square\",\"Url\":\"MAM\\\\VTC\\\\HOP_TAC\\\\AM_NHAC\\\\2021\\\\08\\\\28\\\\THANH_1_OKE_OKE_OKE\\\\Square\\\\28082021193614\\\\193613_1080x1080_ograne.jpg\"},{\"Type\":\"Thumbnail\",\"Url\":\"MAM\\\\VTC\\\\HOP_TAC\\\\AM_NHAC\\\\2021\\\\08\\\\28\\\\THANH_1_OKE_OKE_OKE\\\\Thumbnail\\\\28082021193608\\\\193608_1920x1080_organe.jpg\"}]","Name":"Thanh: Câu chuyện mùa thu","Title":"Thanh: Câu chuyện mùa thu","Path":"https://vcv60b6khlvod.vcdn.cloud///mam/vtc/hop_tac/am_nhac/2021/08/28/thanh_1_oke_oke_oke/hls/master.m3u8","Schedule":"2021-08-27T20:30:00","Duration":"00:31:26","Metadata":[{"Name":"Title","Value":"Thanh: Câu chuyện mùa thu"},{"Name":"GenredDescription","Value":"Âm nhạc"},{"Name":"Country","Value":"Việt Nam"},{"Name":"Highlight","Value":"false"},{"Name":"ContentType","Value":"0"}]},{"PrivateID":"3e5b8e97-b6fe-44f3-b783-a35125f2fd08","Description":"","Image":"[{\"Type\":\"Square\",\"Url\":\"MAM\\\\VTC\\\\HOP_TAC\\\\AM_NHAC\\\\2021\\\\05\\\\12\\\\CONMOBANGGIA\\\\Square\\\\12052021104349\\\\104351_noo1.jpg\"},{\"Type\":\"Thumbnail\",\"Url\":\"MAM\\\\VTC\\\\HOP_TAC\\\\AM_NHAC\\\\2021\\\\05\\\\12\\\\CONMOBANGGIA\\\\Thumbnail\\\\12052021104339\\\\104340_noo.jpg\"}]","Name":"Cơn mơ băng giá","Title":"Cơn mơ băng giá","Path":"https://vcv60b6khlvod.vcdn.cloud///mam/vtc/hop_tac/am_nhac/2021/05/12/conmobanggia/hls/master.m3u8","Schedule":"2021-05-12T10:43:59","Duration":"00:04:40","Metadata":[{"Name":"Title","Value":"Cơn mơ băng giá"},{"Name":"GenredDescription","Value":"Âm nhạc"},{"Name":"Country","Value":"Việt Nam"},{"Name":"Highlight","Value":"false"},{"Name":"Cast","Value":"Noo Phước Thịnh"},{"Name":"ContentType","Value":"0"}]},{"PrivateID":"8af23f32-56f6-49b7-81d6-31d74ff3ba11","Description":"","Image":"[{\"Type\":\"Square\",\"Url\":\"MAM\\\\VTC\\\\HOP_TAC\\\\AM_NHAC\\\\2021\\\\05\\\\07\\\\BILLIE_EILISH_-_YOUR_POWER_(OFFICIAL_MUSIC_VIDEO)\\\\Square\\\\07052021100337\\\\100336_billie.jpg\"},{\"Type\":\"Thumbnail\",\"Url\":\"MAM\\\\VTC\\\\HOP_TAC\\\\AM_NHAC\\\\2021\\\\05\\\\07\\\\BILLIE_EILISH_-_YOUR_POWER_(OFFICIAL_MUSIC_VIDEO)\\\\Thumbnail\\\\07052021100333\\\\100332_billie1.jpg\"}]","Name":"Your power","Title":"Your power","Path":"https://vcv60b6khlvod.vcdn.cloud///mam/vtc/hop_tac/am_nhac/2021/05/07/billie_eilish_-_your_power_(official_music_video)/hls/master.m3u8","Schedule":"2021-05-07T10:03:45","Duration":"00:04:22","Metadata":[{"Name":"Title","Value":"Your power"},{"Name":"GenredDescription","Value":"Âm nhạc"},{"Name":"Country","Value":"Mỹ"},{"Name":"Cast","Value":"Billie Eilish"},{"Name":"ContentType","Value":"0"}]},{"PrivateID":"e6748b11-bf47-455c-b5d2-db4b3af089a6","Description":"","Image":"[{\"Type\":\"Square\",\"Url\":\"MAM\\\\VTC\\\\HOP_TAC\\\\AM_NHAC\\\\2021\\\\05\\\\04\\\\SON_TUNG_M-TP_-_MUON_ROI_MA_SAO_CON_-_OFFICIAL_MUSIC_VIDEO\\\\Square\\\\04052021103452\\\\103451_sontung.jpg\"},{\"Type\":\"Thumbnail\",\"Url\":\"MAM\\\\VTC\\\\HOP_TAC\\\\AM_NHAC\\\\2021\\\\05\\\\04\\\\SON_TUNG_M-TP_-_MUON_ROI_MA_SAO_CON_-_OFFICIAL_MUSIC_VIDEO\\\\Thumbnail\\\\04052021103445\\\\103444_sontung1.jpg\"}]","Name":"Muộn rồi mà sao còn","Title":"Muộn rồi mà sao còn","Path":"https://vcv60b6khlvod.vcdn.cloud///mam/vtc/hop_tac/am_nhac/2021/05/04/son_tung_m-tp_-_muon_roi_ma_sao_con_-_official_music_video/hls/master.m3u8","Schedule":"2021-05-04T10:35:03","Duration":"00:04:48","Metadata":[{"Name":"Title","Value":"Muộn rồi mà sao còn"},{"Name":"GenredDescription","Value":"Âm nhạc"},{"Name":"Country","Value":"Việt Nam"},{"Name":"Cast","Value":"Sơn Tùng M-TP"},{"Name":"ContentType","Value":"0"}]},{"PrivateID":"b6c47365-9c31-46ec-9a6b-7f82c73fe1c7","Description":"","Image":"[{\"Type\":\"Square\",\"Url\":\"MAM\\\\VTC\\\\HOP_TAC\\\\AM_NHAC\\\\2021\\\\04\\\\27\\\\CO_MOT_NGUOI_TUNG_LA_TAT_CA_-_JUKY_SAN\\\\Square\\\\27042021104909\\\\104908_juky2.jpg\"},{\"Type\":\"Thumbnail\",\"Url\":\"MAM\\\\VTC\\\\HOP_TAC\\\\AM_NHAC\\\\2021\\\\04\\\\27\\\\CO_MOT_NGUOI_TUNG_LA_TAT_CA_-_JUKY_SAN\\\\Thumbnail\\\\27042021104901\\\\104900_juky3.jpg\"}]","Name":"Có một người từng là tất cả","Title":"Có một người từng là tất cả","Path":"https://vcv60b6khlvod.vcdn.cloud///mam/vtc/hop_tac/am_nhac/2021/04/27/co_mot_nguoi_tung_la_tat_ca_-_juky_san/hls/master.m3u8","Schedule":"2021-04-27T10:52:06","Duration":"00:05:10","Metadata":[{"Name":"Title","Value":"Có một người từng là tất cả"},{"Name":"GenredDescription","Value":"Âm nhạc"},{"Name":"Country","Value":"Việt Nam"},{"Name":"Cast","Value":"Juky San"},{"Name":"ContentType","Value":"0"}]},{"PrivateID":"a5f6778d-f33b-4578-ac43-665ec5478798","Description":"","Image":"[{\"Type\":\"Square\",\"Url\":\"MAM\\\\VTC\\\\HOP_TAC\\\\AM_NHAC\\\\2021\\\\04\\\\23\\\\EMVANHUNGNGAYYEU-KHOAILANGTHANG-6984931\\\\Square\\\\23042021105442\\\\105441_khoai.jpg\"},{\"Type\":\"Thumbnail\",\"Url\":\"MAM\\\\VTC\\\\HOP_TAC\\\\AM_NHAC\\\\2021\\\\04\\\\23\\\\EMVANHUNGNGAYYEU-KHOAILANGTHANG-6984931\\\\Thumbnail\\\\23042021105437\\\\105436_khoai1.jpg\"}]","Name":"Em và những ngày yêu","Title":"Em và những ngày yêu","Path":"https://vcv60b6khlvod.vcdn.cloud///mam/vtc/hop_tac/am_nhac/2021/04/23/emvanhungngayyeu-khoailangthang-6984931/hls/master.m3u8","Schedule":"2021-04-23T10:55:13","Duration":"00:04:50","Metadata":[{"Name":"Title","Value":"Em và những ngày yêu"},{"Name":"GenredDescription","Value":"Âm nhạc"},{"Name":"Country","Value":"Việt Nam"},{"Name":"Cast","Value":"Khoai lang thang"},{"Name":"ContentType","Value":"0"}]},{"PrivateID":"682bee54-3145-428c-95bd-b966724efcc2","Description":"","Image":"[{\"Type\":\"Square\",\"Url\":\"MAM\\\\VTC\\\\HOP_TAC\\\\AM_NHAC\\\\2021\\\\04\\\\20\\\\VU_CAT_TUONG_FT._ONIC_-_TIM_HANH_TINH_KHAC_-_OFFICIAL_MV\\\\Square\\\\20042021101350\\\\101349_vucattuong.jpg\"},{\"Type\":\"Thumbnail\",\"Url\":\"MAM\\\\VTC\\\\HOP_TAC\\\\AM_NHAC\\\\2021\\\\04\\\\20\\\\VU_CAT_TUONG_FT._ONIC_-_TIM_HANH_TINH_KHAC_-_OFFICIAL_MV\\\\Thumbnail\\\\20042021101345\\\\101345_vucattuong1.jpg\"}]","Name":"Tìm hành tinh khác","Title":"Tìm hành tinh khác","Path":"https://vcv60b6khlvod.vcdn.cloud///mam/vtc/hop_tac/am_nhac/2021/04/20/vu_cat_tuong_ft._onic_-_tim_hanh_tinh_khac_-_official_mv/hls/master.m3u8","Schedule":"2021-04-20T10:14:25","Duration":"00:04:28","Metadata":[{"Name":"Title","Value":"Tìm hành tinh khác"},{"Name":"GenredDescription","Value":"Âm nhạc"},{"Name":"Country","Value":"Việt Nam"},{"Name":"Cast","Value":"Vũ Cát Tường, Onic"},{"Name":"ContentType","Value":"0"}]},{"PrivateID":"70131d68-eb07-4298-abeb-ec5be2899c1f","Description":"","Image":"[{\"Type\":\"Square\",\"Url\":\"MAM\\\\VTC\\\\HOP_TAC\\\\AM_NHAC\\\\2021\\\\04\\\\19\\\\TANG_PHUC_FT_TRUONG_THAO_NHI-_CHI_LA_KHONG_CUNG_NHAU_(NHAC_HOA_LOI_VIET)_-_MAY_IN_THE_NEST_28.3.2021\\\\Square\\\\19042021103818\\\\103817_tangphuc1.jpg\"},{\"Type\":\"Thumbnail\",\"Url\":\"MAM\\\\VTC\\\\HOP_TAC\\\\AM_NHAC\\\\2021\\\\04\\\\19\\\\TANG_PHUC_FT_TRUONG_THAO_NHI-_CHI_LA_KHONG_CUNG_NHAU_(NHAC_HOA_LOI_VIET)_-_MAY_IN_THE_NEST_28.3.2021\\\\Thumbnail\\\\19042021103814\\\\103814_tangphuc.jpg\"}]","Name":"Chỉ là không cùng nhau","Title":"Chỉ là không cùng nhau","Path":"https://vcv60b6khlvod.vcdn.cloud///mam/vtc/hop_tac/am_nhac/2021/04/19/tang_phuc_ft_truong_thao_nhi-_chi_la_khong_cung_nhau_(nhac_hoa_loi_viet)_-_may_in_the_nest_28.3.2021/hls/master.m3u8","Schedule":"2021-04-19T10:39:20","Duration":"00:03:52","Metadata":[{"Name":"Title","Value":"Chỉ là không cùng nhau"},{"Name":"GenredDescription","Value":"Âm nhạc"},{"Name":"Country","Value":"Việt Nam"},{"Name":"Cast","Value":"Tăng Phúc, Trương Thảo Nhi"},{"Name":"ContentType","Value":"0"}]},{"PrivateID":"f57e85a7-c7ea-47c6-8689-32b64f46ca5d","Description":"","Image":"[{\"Type\":\"Square\",\"Url\":\"MAM\\\\VTC\\\\HOP_TAC\\\\AM_NHAC\\\\2021\\\\04\\\\16\\\\JACK_-_DOM_DOM_-_OFFICIAL_MUSIC_VIDEO\\\\Square\\\\16042021101243\\\\101243_jack.jpg\"},{\"Type\":\"Thumbnail\",\"Url\":\"MAM\\\\VTC\\\\HOP_TAC\\\\AM_NHAC\\\\2021\\\\04\\\\16\\\\JACK_-_DOM_DOM_-_OFFICIAL_MUSIC_VIDEO\\\\Thumbnail\\\\16042021101240\\\\101240_jack1.jpg\"}]","Name":"Đom đóm","Title":"Đom đóm","Path":"https://vcv60b6khlvod.vcdn.cloud///mam/vtc/hop_tac/am_nhac/2021/04/16/jack_-_dom_dom_-_official_music_video/hls/master.m3u8","Schedule":"2021-04-16T10:12:54","Duration":"00:06:21","Metadata":[{"Name":"Title","Value":"Đom đóm"},{"Name":"GenredDescription","Value":"Âm nhạc"},{"Name":"Country","Value":"Việt Nam"},{"Name":"Cast","Value":"Jack"},{"Name":"ContentType","Value":"0"}]},{"PrivateID":"b3049afd-2fcb-4eef-85ae-03e15cdb4ef2","Description":"","Image":"[{\"Type\":\"Square\",\"Url\":\"MAM\\\\VTC\\\\HOP_TAC\\\\AM_NHAC\\\\2021\\\\04\\\\13\\\\JACK_-_LAYLALAY_-_OFFICIAL_MUSIC_VIDEO\\\\Square\\\\13042021145714\\\\145715_jack1.jpg\"},{\"Type\":\"Thumbnail\",\"Url\":\"MAM\\\\VTC\\\\HOP_TAC\\\\AM_NHAC\\\\2021\\\\04\\\\13\\\\JACK_-_LAYLALAY_-_OFFICIAL_MUSIC_VIDEO\\\\Thumbnail\\\\13042021145705\\\\145706_jack.jpg\"}]","Name":"Lay la lay","Title":"Lay la lay","Path":"https://vcv60b6khlvod.vcdn.cloud///mam/vtc/hop_tac/am_nhac/2021/04/13/jack_-_laylalay_-_official_music_video/hls/master.m3u8","Schedule":"2021-04-13T10:24:06","Duration":"00:04:55","Metadata":[{"Name":"Title","Value":"Lay la lay"},{"Name":"GenredDescription","Value":"Âm nhạc"},{"Name":"Country","Value":"Việt Nam"},{"Name":"Cast","Value":"Jack"},{"Name":"ContentType","Value":"0"}]},{"PrivateID":"91572b85-0873-48f3-b3ee-4e8041b33149","Description":"","Image":"[{\"Type\":\"Square\",\"Url\":\"MAM\\\\VTC\\\\HOP_TAC\\\\AM_NHAC\\\\2021\\\\04\\\\12\\\\BRUNO_MARS_LEAVE_THE_DOOR_OPEN\\\\Square\\\\12042021102510\\\\102510_bruno.jpg\"},{\"Type\":\"Thumbnail\",\"Url\":\"MAM\\\\VTC\\\\HOP_TAC\\\\AM_NHAC\\\\2021\\\\04\\\\12\\\\BRUNO_MARS_LEAVE_THE_DOOR_OPEN\\\\Thumbnail\\\\12042021102503\\\\102504_bruno1.jpg\"}]","Name":"Leave the door open","Title":"Leave the door open","Path":"https://vcv60b6khlvod.vcdn.cloud///mam/vtc/hop_tac/am_nhac/2021/04/12/bruno_mars_leave_the_door_open/hls/master.m3u8","Schedule":"2021-04-12T10:25:29","Duration":"00:04:08","Metadata":[{"Name":"Title","Value":"Leave the door open"},{"Name":"GenredDescription","Value":"Âm nhạc"},{"Name":"Country","Value":"Mỹ"},{"Name":"Cast","Value":"Bruno Mars"},{"Name":"ContentType","Value":"0"}]},{"PrivateID":"a7ac1acd-1851-40bc-9885-7244c7644598","Description":"","Image":"[{\"Type\":\"Square\",\"Url\":\"MAM\\\\VTC\\\\HOP_TAC\\\\AM_NHAC\\\\2021\\\\04\\\\08\\\\ARIANA_GRANDE,_SOCIAL_HOUSE_-_BOYFRIEND_(OFFICIAL_VIDEO)\\\\Square\\\\08042021100651\\\\100652_aria.jpg\"},{\"Type\":\"Thumbnail\",\"Url\":\"MAM\\\\VTC\\\\HOP_TAC\\\\AM_NHAC\\\\2021\\\\04\\\\08\\\\ARIANA_GRANDE,_SOCIAL_HOUSE_-_BOYFRIEND_(OFFICIAL_VIDEO)\\\\Thumbnail\\\\08042021100644\\\\100645_aria1.jpg\"}]","Name":"Boyfriend","Title":"Boyfriend","Path":"https://vcv60b6khlvod.vcdn.cloud//MAM/VTC/HOP_TAC/AM_NHAC/2021/04/08/ARIANA_GRANDE,_SOCIAL_HOUSE_-_BOYFRIEND_(OFFICIAL_VIDEO)/092905_Ariana_Grande,_Social_House_-_boyfriend_(Official_Video).mp3","Schedule":"2021-04-08T10:06:59","Duration":"00:03:41","Metadata":[{"Name":"Title","Value":"Boyfriend"},{"Name":"GenredDescription","Value":"Âm nhạc"},{"Name":"Country","Value":"Mỹ"},{"Name":"Cast","Value":"Ariana Grande, Social House"},{"Name":"ContentType","Value":"0"}]},{"PrivateID":"f74c92ee-d23e-4003-8b30-5532a59c759c","Description":"","Image":"[{\"Type\":\"Square\",\"Url\":\"MAM\\\\VTC\\\\HOP_TAC\\\\AM_NHAC\\\\2021\\\\04\\\\02\\\\FILMOUT_(1)\\\\Square\\\\02042021113445\\\\113445_bts.jpg\"},{\"Type\":\"Thumbnail\",\"Url\":\"MAM\\\\VTC\\\\HOP_TAC\\\\AM_NHAC\\\\2021\\\\04\\\\02\\\\FILMOUT_(1)\\\\Thumbnail\\\\02042021113439\\\\113439_BTS1.jpg\"}]","Name":"Film out","Title":"Film out","Path":"https://vcv60b6khlvod.vcdn.cloud///mam/vtc/hop_tac/am_nhac/2021/04/02/filmout_(1)/hls/master.m3u8","Schedule":"2021-04-02T11:34:56","Duration":"00:03:48","Metadata":[{"Name":"Title","Value":"Film out"},{"Name":"GenredDescription","Value":"Âm nhạc"},{"Name":"Country","Value":"Hàn Quốc"},{"Name":"Cast","Value":"BTS"},{"Name":"ContentType","Value":"0"}]},{"PrivateID":"6b3b7cd5-ac6f-4ec5-a4c7-e2d7cc8bdbd7","Description":"Những bài hát của cố nhạc sĩ Trịnh Công Sơn vẫn luôn là một phần đặc trưng không thể không nhắc đến khi nói về âm nhạc Việt Nam. Cố nhạc sĩ đã để lại một di sản âm nhạc đồ sộ cho làng âm nhạc Việt. Nhân kỷ niệm 20 năm ngày nhạc sĩ tài hoa rời xa cõi tạm (1/4/2001 - 1/4/2021), chương trình nghệ thuật đặc biệt được tổ chức với sự góp mặt của các nghệ sĩ nhiều năm thể hiện các tác phẩm bất hủ của cố nhạc sĩ như ca sĩ - NSƯT Đức Long, Bích Ngọc, Lê Tâm, Diệu Thuý, Trần Tuấn Hoà và MC Kim Nguyên Bảo, Guitar Đạo Nguyễn, Saxophone Phương Nam.","Image":"[{\"Type\":\"Square\",\"Url\":\"Mam\\\\VTC\\\\2021\\\\04\\\\01\\\\TRUC_TIEP_DEM_NHAC_DAC_BIET_20_NAM_NHO_TRINH_CONG_SON___20_NAM_XIN_TRA_NO_NGUOI\\\\Square\\\\01042021173510\\\\173510_thumb_dem_nhac_vuong.jpg\"},{\"Type\":\"Thumbnail\",\"Url\":\"Mam\\\\VTC\\\\2021\\\\04\\\\01\\\\TRUC_TIEP_DEM_NHAC_DAC_BIET_20_NAM_NHO_TRINH_CONG_SON___20_NAM_XIN_TRA_NO_NGUOI\\\\Thumbnail\\\\01042021173506\\\\173506_thumb_dem_nhac_web.jpg\"}]","Name":"Đêm nhạc đặc biệt: 20 năm nhớ Trịnh Công Sơn - 20 năm xin trả nợ Người","Title":"Đêm nhạc đặc biệt: 20 năm nhớ Trịnh Công Sơn - 20 năm xin trả nợ Người","Path":"https://vcv60b6khlvod.vcdn.cloud//MAM/VTC/2021/04/02/_20_NAM_NHO_TRINH_CONG_SON_-_20_NAM_XIN_TRA_NO_NGUOI/112633_DEM_NHAC_TRINH_CONG_SON.mp4","Schedule":"2021-04-01T20:30:00","Duration":"02:21:01","Metadata":[{"Name":"Title","Value":"[Trực tiếp] Đêm nhạc đặc biệt: 20 năm nhớ Trịnh Công Sơn - 20 năm xin trả nợ Người"},{"Name":"EndTimecode","Value":"6b3b7cd5-ac6f-4ec5-a4c7-e2d7cc8bdbd7"},{"Name":"ContentType","Value":"0"},{"Name":"Duration","Value":"150"}]},{"PrivateID":"8f0f0fda-633f-417c-8b4c-c984a3671f9e","Description":"","Image":"[{\"Type\":\"Square\",\"Url\":\"MAM\\\\VTC\\\\HOP_TAC\\\\AM_NHAC\\\\2021\\\\03\\\\30\\\\SAIGONDAULONGQUA\\\\Square\\\\30032021104936\\\\104936_saigon1.jpg\"},{\"Type\":\"Thumbnail\",\"Url\":\"MAM\\\\VTC\\\\HOP_TAC\\\\AM_NHAC\\\\2021\\\\03\\\\30\\\\SAIGONDAULONGQUA\\\\Thumbnail\\\\30032021104928\\\\104929_saigon.jpg\"}]","Name":"Sài Gòn đau lòng quá","Title":"Sài Gòn đau lòng quá","Path":"https://vcv60b6khlvod.vcdn.cloud///mam/vtc/hop_tac/am_nhac/2021/03/30/saigondaulongqua/hls/master.m3u8","Schedule":"2021-03-30T10:49:45","Duration":"00:05:12","Metadata":[{"Name":"Title","Value":"Sài Gòn đau lòng quá"},{"Name":"GenredDescription","Value":"Âm nhạc"},{"Name":"Country","Value":"Việt Nam"},{"Name":"Cast","Value":"Hoàng Duyên, Hứa Kim Tuyền"},{"Name":"ContentType","Value":"0"}]},{"PrivateID":"c2032bbe-c15e-407c-bd79-c6858bc977f8","Description":"","Image":"[{\"Type\":\"Square\",\"Url\":\"MAM\\\\VTC\\\\HOP_TAC\\\\AM_NHAC\\\\2021\\\\03\\\\29\\\\BINZ_X_DEN_-_CHO_MINH_EM_(STUDIO_SESSION)\\\\Square\\\\29032021110107\\\\110106_chominhem1.jpg\"},{\"Type\":\"Thumbnail\",\"Url\":\"MAM\\\\VTC\\\\HOP_TAC\\\\AM_NHAC\\\\2021\\\\03\\\\29\\\\BINZ_X_DEN_-_CHO_MINH_EM_(STUDIO_SESSION)\\\\Thumbnail\\\\29032021110101\\\\110100_chominhem.jpg\"}]","Name":"Cho mình em","Title":"Cho mình em","Path":"https://vcv60b6khlvod.vcdn.cloud///mam/vtc/hop_tac/am_nhac/2021/03/29/binz_x_den_-_cho_minh_em_(studio_session)/hls/master.m3u8","Schedule":"2021-03-29T11:01:21","Duration":"00:03:28","Metadata":[{"Name":"Title","Value":"Cho mình em"},{"Name":"GenredDescription","Value":"Âm nhạc"},{"Name":"Country","Value":"Việt Nam"},{"Name":"Cast","Value":"BinZ, Đen"},{"Name":"ContentType","Value":"0"}]},{"PrivateID":"079aaed8-9f4a-4393-8e77-6e845c69d8e1","Description":"","Image":"[{\"Type\":\"Square\",\"Url\":\"MAM\\\\VTC\\\\HOP_TAC\\\\AM_NHAC\\\\2021\\\\03\\\\26\\\\NGUYEN_TRAN_TRUNG_QUAN_X_DENIS_DANG_-_NUOC_CHAY_HOA_TROI_(REBORN)_-_SHORT_FILM\\\\Square\\\\26032021112649\\\\112648_nttq5.jpg\"},{\"Type\":\"Thumbnail\",\"Url\":\"MAM\\\\VTC\\\\HOP_TAC\\\\AM_NHAC\\\\2021\\\\03\\\\26\\\\NGUYEN_TRAN_TRUNG_QUAN_X_DENIS_DANG_-_NUOC_CHAY_HOA_TROI_(REBORN)_-_SHORT_FILM\\\\Thumbnail\\\\26032021112643\\\\112642_nttq4.jpg\"}]","Name":"Nước chảy hoa trôi","Title":"Nước chảy hoa trôi","Path":"https://vcv60b6khlvod.vcdn.cloud///mam/vtc/hop_tac/am_nhac/2021/03/26/nguyen_tran_trung_quan_x_denis_dang_-_nuoc_chay_hoa_troi_(reborn)_-_short_film/hls/master.m3u8","Schedule":"2021-03-26T11:26:57","Duration":"00:12:34","Metadata":[{"Name":"Title","Value":"Nước chảy hoa trôi"},{"Name":"GenredDescription","Value":"Âm nhạc"},{"Name":"Country","Value":"Việt Nam"},{"Name":"Cast","Value":"Nguyễn Trần Trung Quân"},{"Name":"ContentType","Value":"0"}]},{"PrivateID":"1a5b579e-3f8d-4dd0-8f4c-1513b8f5022d","Description":"","Image":"[{\"Type\":\"Square\",\"Url\":\"MAM\\\\VTC\\\\HOP_TAC\\\\AM_NHAC\\\\2021\\\\03\\\\24\\\\ANNE-MARIE_-_2002_[OFFICIAL_VIDEO]\\\\Square\\\\24032021103252\\\\103251_2002.jpg\"},{\"Type\":\"Thumbnail\",\"Url\":\"MAM\\\\VTC\\\\HOP_TAC\\\\AM_NHAC\\\\2021\\\\03\\\\24\\\\ANNE-MARIE_-_2002_[OFFICIAL_VIDEO]\\\\Thumbnail\\\\24032021103247\\\\103246_20021.jpg\"}]","Name":"2002 ","Title":"2002 ","Path":"https://vcv60b6khlvod.vcdn.cloud///mam/vtc/hop_tac/am_nhac/2021/03/24/anne-marie_-_2002_[official_video]/hls/master.m3u8","Schedule":"2021-03-24T10:33:00","Duration":"00:03:14","Metadata":[{"Name":"Title","Value":"2002 "},{"Name":"GenredDescription","Value":"Âm nhạc"},{"Name":"Country","Value":"Mỹ"},{"Name":"Cast","Value":"Anne Marie"},{"Name":"ContentType","Value":"0"}]},{"PrivateID":"e9170276-8d51-48d3-a016-72d9ea4d2855","Description":"","Image":"[{\"Type\":\"Square\",\"Url\":\"MAM\\\\VTC\\\\HOP_TAC\\\\AM_NHAC\\\\2021\\\\03\\\\22\\\\SAO_CHANG_THE_VI_EM_-_DONG_NHI_-_OFFICIAL_MUSIC_VIDEO\\\\Square\\\\22032021110644\\\\110644_dongnhi3.jpg\"},{\"Type\":\"Thumbnail\",\"Url\":\"MAM\\\\VTC\\\\HOP_TAC\\\\AM_NHAC\\\\2021\\\\03\\\\22\\\\SAO_CHANG_THE_VI_EM_-_DONG_NHI_-_OFFICIAL_MUSIC_VIDEO\\\\Thumbnail\\\\22032021110636\\\\110636_dongnhi2.jpg\"}]","Name":"Sao chẳng thể vì em","Title":"Sao chẳng thể vì em","Path":"https://vcv60b6khlvod.vcdn.cloud///mam/vtc/hop_tac/am_nhac/2021/03/22/sao_chang_the_vi_em_-_dong_nhi_-_official_music_video/hls/master.m3u8","Schedule":"2021-03-22T11:06:53","Duration":"00:05:02","Metadata":[{"Name":"Title","Value":"Sao chẳng thể vì em"},{"Name":"GenredDescription","Value":"Âm nhạc"},{"Name":"Country","Value":"Việt Nam"},{"Name":"Cast","Value":"Đông Nhi"},{"Name":"ContentType","Value":"0"}]}]}