{"PrivateKey":"238181b5-2a56-473f-8db6-d8248e971d8c","Name":"Phim bộ","Description":"Phim bộ","Color":"phim-bo","Style":"{}","Icon":"MAM\\VTC\\Image\\Playlist\\2021\\06\\04\\icon\\04062021093529\\093535_PHIM_BO.png","LayoutType":"{\"Type\":\"4\",\"SubType\":\"20\",\"Landscape\":{\"Height\":0,\"Width\":0},\"Portrait\":{\"Height\":0,\"Width\":0}}","CDN":"{\"Name\":\"VNG\",\"LiveDomain\":\"https://liveovp.tek4tv.vn/\",\"VideoDomain\":\"https://vcv60b6khlvod.vcdn.cloud/\",\"ImageDomain\":\"https://vcv60b6khlvod.vcdn.cloud/\",\"IsActive\":true}","OrderID":7,"Components":null,"Media":[{"PrivateID":"3155453d-3114-487f-b543-3e2a3c5183d2","Description":"Bộ phim là hành trình giải oan cho người mẹ quá cố của Trang Thứ. Mẹ anh bị buộc tội ngộ sát một bệnh nhân nữ và phải thôi việc. Không lâu sau, bà cũng bất ngờ ra đi sau một tai nạn giao thông bí ẩn.","Image":"[{\"Type\":\"Portrait\",\"Url\":\"MAM\\\\VTC\\\\HOP_TAC\\\\PHIM_BO\\\\2021\\\\04\\\\07\\\\BAN_AN_LUONG_TAM_-_TAP44HET\\\\Portrait\\\\08042021214143\\\\214143_BAN_AN_LUONG_TAM.jpg\"},{\"Type\":\"Square\",\"Url\":\"MAM\\\\VTC\\\\HOP_TAC\\\\PHIM_BO\\\\2021\\\\04\\\\07\\\\BAN_AN_LUONG_TAM_-_TAP44HET\\\\Square\\\\08042021214139\\\\214139_BAN_AN_LUONG_TAM_VUONG.jpg\"},{\"Type\":\"Thumbnail\",\"Url\":\"MAM\\\\VTC\\\\HOP_TAC\\\\PHIM_BO\\\\2021\\\\04\\\\07\\\\BAN_AN_LUONG_TAM_-_TAP44HET\\\\Thumbnail\\\\08042021214135\\\\214135_BAN_AN_LUONG_TAM_NGANG.jpg\"}]","Name":"Bản án lương tâm","Title":"Bản án lương tâm","Path":"https://vcv60b6khlvod.vcdn.cloud///mam/vtc/hop_tac/phim_bo/2021/04/07/ban_an_luong_tam_-_tap44het/hls/master.m3u8","Schedule":"2021-09-01T20:00:00","Duration":"00:43:20","Metadata":[{"Name":"Title","Value":"Bản án lương tâm"},{"Name":"GenredDescription","Value":"Tâm lý tình cảm"},{"Name":"Episode","Value":"44"},{"Name":"TotalEpisode","Value":"44"},{"Name":"Country","Value":"Trung Quốc"},{"Name":"EndTimecode","Value":"5a27c083-d3fe-422a-9ff5-c46694d0edc7"},{"Name":"Highlight","Value":"false"},{"Name":"Cast","Value":"Cận Đông, Bạch Bách Hà, Lý Giai Hàng, Lam Doanh Oánh "},{"Name":"Director","Value":"Lý Tuyết "},{"Name":"ContentType","Value":"0"}]},{"PrivateID":"b49311f8-dc64-4658-9536-68a37448c59c","Description":"\"Ly hôn không dễ\" nói về những cặp vợ chồng trẻ kết hôn một hai năm bắt đầu sinh ra những mâu thuẫn trong quan điểm, lối sống. Họ đi đến quyết định ly hôn trước sự ngỡ ngàng của những đứa trẻ, sự bỏ cuộc dễ dàng của bản thân.","Image":"[{\"Type\":\"Portrait\",\"Url\":\"MAM\\\\VTC\\\\HOP_TAC\\\\PHIM_BO\\\\2021\\\\04\\\\14\\\\LY_HON_KHONG_DE_-_TAP38HET.MP4\\\\Portrait\\\\22042021201850\\\\201850_LY_HON_KHONG_DE_DOC.jpg\"},{\"Type\":\"Square\",\"Url\":\"MAM\\\\VTC\\\\HOP_TAC\\\\PHIM_BO\\\\2021\\\\04\\\\14\\\\LY_HON_KHONG_DE_-_TAP38HET.MP4\\\\Square\\\\22042021201848\\\\201848_LY_HON_KHONG_DE_VUONG.jpg\"},{\"Type\":\"Thumbnail\",\"Url\":\"MAM\\\\VTC\\\\HOP_TAC\\\\PHIM_BO\\\\2021\\\\04\\\\14\\\\LY_HON_KHONG_DE_-_TAP38HET.MP4\\\\Thumbnail\\\\22042021201845\\\\201846_LY_HON_KHONG_DE.jpg\"}]","Name":"Ly hôn không dễ","Title":"Ly hôn không dễ","Path":"https://vcv60b6khlvod.vcdn.cloud///mam/vtc/hop_tac/phim_bo/2021/04/14/ly_hon_khong_de_-_tap38het.mp4/hls/master.m3u8","Schedule":"2021-08-29T20:00:00","Duration":"00:45:00","Metadata":[{"Name":"Title","Value":"Ly hôn không dễ"},{"Name":"GenredDescription","Value":"Tâm lý tình cảm"},{"Name":"Episode","Value":"38"},{"Name":"TotalEpisode","Value":"38"},{"Name":"Country","Value":"Trung Quốc"},{"Name":"EndTimecode","Value":"eb90185d-cbe8-4763-b135-5838a0da9b93"},{"Name":"Cast","Value":"Đỗ Giang, Hà Trại Ty, Hoắc Tư Uyên, Vương Chí Huy"},{"Name":"Director","Value":"Vương Hiểu Minh"},{"Name":"ContentType","Value":"0"}]},{"PrivateID":"8654f5ff-b6d2-4a2e-a8b5-fe4f80a1c9f5","Description":"Khi đối mặt với các vấn đề cuộc sống cùng với các nguy cơ tuổi luống tuổi, ba người bạn thân sau 30 năm gặp lại đã chọn cách nương tựa lẫn nhau tìm kiếm hạnh phúc","Image":"[{\"Type\":\"Portrait\",\"Url\":\"MAM\\\\VTC\\\\HOP_TAC\\\\PHIM_BO\\\\2021\\\\04\\\\06\\\\BAT_GAP_HANH_PHUC_-_TAP42HET\\\\Portrait\\\\09042021105309\\\\105309_BAT_GAP_HANH_PHUC_DOC.jpg\"},{\"Type\":\"Square\",\"Url\":\"MAM\\\\VTC\\\\HOP_TAC\\\\PHIM_BO\\\\2021\\\\04\\\\06\\\\BAT_GAP_HANH_PHUC_-_TAP42HET\\\\Square\\\\09042021105306\\\\105306_BAT_GAP_HANH_PHUC_VUONG.jpg\"},{\"Type\":\"Thumbnail\",\"Url\":\"MAM\\\\VTC\\\\HOP_TAC\\\\PHIM_BO\\\\2021\\\\04\\\\06\\\\BAT_GAP_HANH_PHUC_-_TAP42HET\\\\Thumbnail\\\\09042021105304\\\\105304_BAT_GAP_HANH_PHUC.jpg\"}]","Name":"Bắt gặp hạnh phúc","Title":"Bắt gặp hạnh phúc","Path":"https://vcv60b6khlvod.vcdn.cloud///mam/vtc/hop_tac/phim_bo/2021/04/06/bat_gap_hanh_phuc_-_tap42het/hls/master.m3u8","Schedule":"2021-08-26T20:00:00","Duration":"00:48:07","Metadata":[{"Name":"Title","Value":"Bắt gặp hạnh phúc"},{"Name":"GenredDescription","Value":"Tâm lý tình cảm"},{"Name":"Episode","Value":"42"},{"Name":"TotalEpisode","Value":"42"},{"Name":"Country","Value":"Trung Quốc"},{"Name":"EndTimecode","Value":"6ecc93ad-9913-4c76-970a-5d45ff229d82"},{"Name":"Highlight","Value":"false"},{"Name":"Cast","Value":"Tưởng Hân, Lý Quang Khiết, Quách Kinh Phi, Lưu Tư, Tạ Thừa Trạch, Lưu Di Hâm"},{"Name":"Director","Value":"Mộng Kế"},{"Name":"ContentType","Value":"0"}]},{"PrivateID":"04b2f212-9d85-4997-be79-08305e7dbb1d","Description":"Quả Quả thất lạc gia đình từ nhỏ. Lớn lên, cô xin học nghề tại xưởng thêu nổi tiếng của Kim Lũ Quán và nhanh chóng trở thành học trò giỏi của bà chủ xưởng dệt mà không biết đó là mẹ","Image":"[{\"Type\":\"Portrait\",\"Url\":\"MAM\\\\VTC\\\\HOP_TAC\\\\PHIM_BO\\\\2021\\\\04\\\\21\\\\VI_EM_DA_DEN_-_TAP40\\\\Portrait\\\\06082021151327\\\\151045_viemdaden_doc.jpg\"},{\"Type\":\"Square\",\"Url\":\"MAM\\\\VTC\\\\HOP_TAC\\\\PHIM_BO\\\\2021\\\\04\\\\21\\\\VI_EM_DA_DEN_-_TAP40\\\\Square\\\\06082021151324\\\\151043_viemdaden_vuong.jpg\"},{\"Type\":\"Thumbnail\",\"Url\":\"MAM\\\\VTC\\\\HOP_TAC\\\\PHIM_BO\\\\2021\\\\04\\\\21\\\\VI_EM_DA_DEN_-_TAP40\\\\Thumbnail\\\\06082021151321\\\\151039_Viemdaden_Ngang.jpg\"}]","Name":"Vì em đã đến","Title":"Vì em đã đến","Path":"https://vcv60b6khlvod.vcdn.cloud///mam/vtc/hop_tac/phim_bo/2021/04/21/vi_em_da_den_-_tap40/hls/master.m3u8","Schedule":"2021-08-24T20:00:00","Duration":"00:43:10","Metadata":[{"Name":"Title","Value":"Vì em đã đến"},{"Name":"Episode","Value":"40"},{"Name":"TotalEpisode","Value":"56"},{"Name":"EndTimecode","Value":"a047e25f-fc94-4d77-86c8-a2a704a53512"},{"Name":"Highlight","Value":"false"},{"Name":"Cast","Value":"Tôn Di, Đặng Luân, Ngô Ưu, Đại Siêu, Phan Nghi Quân, Lưu Mẫn Đào "},{"Name":"Director","Value":"Chu Hiểu Bằng "},{"Name":"ContentType","Value":"0"}]},{"PrivateID":"3426f2db-a525-4ead-8588-f7bd7875ddc1","Description":"Nghệ sĩ Giang còi, Quang tèo và Công Lý vào vai những người nông dân từ quê ra tỉnh kiếm việc làm. Những tình huống dở khóc dở cười nảy sinh từ đây.      ","Image":"[{\"Type\":\"Portrait\",\"Url\":\"MAM\\\\VTC\\\\HOP_TAC\\\\PHIM_BO\\\\2021\\\\08\\\\06\\\\VIEC_LAM_-_TAP_10\\\\Portrait\\\\06082021104535\\\\104535_tap_10.jpg\"},{\"Type\":\"Square\",\"Url\":\"MAM\\\\VTC\\\\HOP_TAC\\\\PHIM_BO\\\\2021\\\\08\\\\06\\\\VIEC_LAM_-_TAP_10\\\\Square\\\\06082021104532\\\\104532_1080x1080.jpg\"},{\"Type\":\"Thumbnail\",\"Url\":\"MAM\\\\VTC\\\\HOP_TAC\\\\PHIM_BO\\\\2021\\\\08\\\\06\\\\VIEC_LAM_-_TAP_10\\\\Thumbnail\\\\06082021103943\\\\103943_1920x1080.jpg\"}]","Name":"Việc làm","Title":"Việc làm","Path":"https://vcv60b6khlvod.vcdn.cloud///mam/vtc/hop_tac/phim_bo/2021/08/06/viec_lam_-_tap_10/hls/master.m3u8","Schedule":"2021-08-06T10:45:00","Duration":"00:24:35","Metadata":[{"Name":"Title","Value":"Việc làm"},{"Name":"GenredDescription","Value":"Phim bộ"},{"Name":"Episode","Value":"10"},{"Name":"TotalEpisode","Value":"10"},{"Name":"EndTimecode","Value":"709e0fea-ac2b-4957-9a36-f58b6fd308d7"},{"Name":"Highlight","Value":"false"},{"Name":"Cast","Value":"Giang còi, Quang tèo và Công Lý"},{"Name":"ContentType","Value":"0"}]},{"PrivateID":"d9ba049f-8847-4f8a-a91f-4d1b50eb76bf","Description":"Hoắc Chi, tình cờ cứu Giang Thôn khi anh gặp tai nạn xe hơi và được Giang Thôn yêu ngay từ cái nhìn đầu tiên. Tuy nhiên, anh lại theo đuổi nhầm chị gái song sinh của Hoắc Chi là Anh Tố.","Image":"[{\"Type\":\"Portrait\",\"Url\":\"MAM\\\\VTC\\\\HOP_TAC\\\\PHIM_BO\\\\2021\\\\04\\\\14\\\\TINH_YEU_AM_AP_-_TAP34HET\\\\Portrait\\\\22042021205434\\\\205435_TINH_YEU_AM_AP_DOC.jpg\"},{\"Type\":\"Square\",\"Url\":\"MAM\\\\VTC\\\\HOP_TAC\\\\PHIM_BO\\\\2021\\\\04\\\\14\\\\TINH_YEU_AM_AP_-_TAP34HET\\\\Square\\\\22042021205432\\\\205433_TINH_YEU_AM_AP_VUONG.jpg\"},{\"Type\":\"Thumbnail\",\"Url\":\"MAM\\\\VTC\\\\HOP_TAC\\\\PHIM_BO\\\\2021\\\\04\\\\14\\\\TINH_YEU_AM_AP_-_TAP34HET\\\\Thumbnail\\\\22042021205430\\\\205430_TINH_YEU_AM_AP.jpg\"}]","Name":"Tình yêu ấm áp","Title":"Tình yêu ấm áp","Path":"https://vcv60b6khlvod.vcdn.cloud///mam/vtc/hop_tac/phim_bo/2021/04/14/tinh_yeu_am_ap_-_tap34het/hls/master.m3u8","Schedule":"2021-07-27T20:55:00","Duration":"00:44:29","Metadata":[{"Name":"Title","Value":"Tình yêu ấm áp"},{"Name":"GenredDescription","Value":"Tâm lý tình cảm"},{"Name":"Episode","Value":"34"},{"Name":"TotalEpisode","Value":"34"},{"Name":"Country","Value":"Trung Quốc"},{"Name":"EndTimecode","Value":"bc57ecf6-37fd-4afe-9843-1adee8c47f4c"},{"Name":"Cast","Value":"Giang Khải Đồng, Trác Thiên Lâm, Bạch Hủy Tử, Phó Gia"},{"Name":"Director","Value":"Dư Đinh"},{"Name":"ContentType","Value":"0"}]},{"PrivateID":"80b5e00e-7daa-45cb-acbb-89dcf0d52a7c","Description":"Cuộc hành quân phối hợp Việt - Mỹ tại Củ Chi bị bẻ gẫy. An ninh ở Sài Gòn không đảm bảo, đại tá Coordell, trưởng phòng tình báo CIA và Michael phát hiện ra ni cô Huyền Trang là Việt cộng. Huyền Trang bị địch tra tấn dã man, nhưng chúng không khai thác được gì. Về sau Huyền Trang được đổi lấy đại tá Coordell bị ta bắt cóc.","Image":"[{\"Type\":\"Portrait\",\"Url\":\"MAM\\\\VTC\\\\HOP_TAC\\\\PHIM_BO\\\\2021\\\\04\\\\29\\\\BIET_DONG_SAI_GON_-_TAP4\\\\Portrait\\\\29042021095956\\\\095956_biet_dong_sai_gon_doc.jpg\"},{\"Type\":\"Square\",\"Url\":\"MAM\\\\VTC\\\\HOP_TAC\\\\PHIM_BO\\\\2021\\\\04\\\\29\\\\BIET_DONG_SAI_GON_-_TAP4\\\\Square\\\\29042021095954\\\\095954_biet_dong_sai_gon_vuong.jpg\"},{\"Type\":\"Thumbnail\",\"Url\":\"MAM\\\\VTC\\\\HOP_TAC\\\\PHIM_BO\\\\2021\\\\04\\\\29\\\\BIET_DONG_SAI_GON_-_TAP4\\\\Thumbnail\\\\29042021095922\\\\095922_biet_dong_sai_gon_ngang.jpg\"}]","Name":"Biệt động Sài Gòn ","Title":"Biệt động Sài Gòn ","Path":"https://vcv60b6khlvod.vcdn.cloud///mam/vtc/hop_tac/phim_bo/2021/04/29/biet_dong_sai_gon_-_tap4/hls/master.m3u8","Schedule":"2021-05-02T19:59:00","Duration":"01:20:12","Metadata":[{"Name":"Title","Value":"Biệt động Sài Gòn "},{"Name":"GenredDescription","Value":"Phim bộ"},{"Name":"Episode","Value":"4"},{"Name":"TotalEpisode","Value":"4"},{"Name":"EndTimecode","Value":"6a85df42-0801-40e7-bf17-904f56d9ce09"},{"Name":"Cast","Value":"Hà Xuyên, Quang Thái, Thanh Loan, Thương Tín, Thúy An, Bùi Cường"},{"Name":"Director","Value":"Long Vân "},{"Name":"ContentType","Value":"0"}]}]}