{"PrivateKey":"9091a911-f06a-42a8-87c2-99eed75677e5","Name":"Tin mới","Description":"Tin mới","Color":"tin-moi","Style":"{}","Icon":"MAM\\VTC\\Image\\Playlist\\2021\\06\\04\\icon\\04062021093353\\093400_TIN_MOI.png","LayoutType":"{\"Type\":\"3\",\"SubType\":\"3\",\"Landscape\":{\"Height\":0,\"Width\":0},\"Portrait\":{\"Height\":0,\"Width\":0}}","CDN":"{\"Name\":\"VNG\",\"LiveDomain\":\"https://liveovp.tek4tv.vn/\",\"VideoDomain\":\"https://vcv60b6khlvod.vcdn.cloud/\",\"ImageDomain\":\"https://vcv60b6khlvod.vcdn.cloud/\",\"IsActive\":true}","OrderID":2,"Components":"[{\"ID\":2024,\"Name\":\"Đời sống\",\"PrivateKey\":\"b72b59b9-a9e7-4d83-aae6-3e609466c204\",\"Count\":40,\"OrderID\":0,\"Domain\":\"\",\"Components\":null,\"LayoutType\":{\"Type\":0,\"SubType\":0,\"Landscape\":{\"Height\":0,\"Width\":0},\"Portrait\":{\"Height\":0,\"Width\":0}},\"Icon\":\"https://k3kkd4yblsweb.vcdn.cloud/\",\"Logo\":null,\"Schedule\":\"{\\\"Duration\\\":0,\\\"Time\\\":\\\"00:00\\\",\\\"Repeat\\\":\\\"\\\"}\",\"Description\":\"Đời sống\",\"Url\":\"doi-song\"},{\"ID\":2054,\"Name\":\"Kinh tế\",\"PrivateKey\":\"58d0ffb6-7035-45a7-957f-df08184d0b4e\",\"Count\":40,\"OrderID\":1,\"Domain\":\"\",\"Components\":null,\"LayoutType\":{\"Type\":0,\"SubType\":0,\"Landscape\":{\"Height\":0,\"Width\":0},\"Portrait\":{\"Height\":0,\"Width\":0}},\"Icon\":\"https://k3kkd4yblsweb.vcdn.cloud/\",\"Logo\":null,\"Schedule\":\"{\\\"Duration\\\":0,\\\"Time\\\":\\\"00:00\\\",\\\"Repeat\\\":\\\"\\\"}\",\"Description\":\"Kinh tế\",\"Url\":\"kinh-te\"},{\"ID\":2025,\"Name\":\"Thế giới\",\"PrivateKey\":\"4e4fa674-7923-45aa-b4c9-196f36a9bf58\",\"Count\":40,\"OrderID\":2,\"Domain\":\"\",\"Components\":null,\"LayoutType\":{\"Type\":0,\"SubType\":0,\"Landscape\":{\"Height\":0,\"Width\":0},\"Portrait\":{\"Height\":0,\"Width\":0}},\"Icon\":\"https://k3kkd4yblsweb.vcdn.cloud/\",\"Logo\":null,\"Schedule\":\"{\\\"Duration\\\":0,\\\"Time\\\":\\\"00:00\\\",\\\"Repeat\\\":\\\"\\\"}\",\"Description\":\"Thế giới\",\"Url\":\"the-gioi\"},{\"ID\":2026,\"Name\":\"Thể thao\",\"PrivateKey\":\"f7dba73e-eb32-4531-a2a2-fdd72db2d854\",\"Count\":20,\"OrderID\":3,\"Domain\":\"\",\"Components\":null,\"LayoutType\":{\"Type\":\"4\",\"SubType\":\"11\",\"Landscape\":{\"Height\":0,\"Width\":0},\"Portrait\":{\"Height\":0,\"Width\":0}},\"Icon\":\"https://k3kkd4yblsweb.vcdn.cloud/\",\"Logo\":null,\"Schedule\":\"{\\\"Duration\\\":0,\\\"Time\\\":\\\"00:00\\\",\\\"Repeat\\\":\\\"\\\"}\",\"Description\":\"Thể thao\",\"Url\":\"the-thao\"},{\"ID\":2027,\"Name\":\"Giải trí\",\"PrivateKey\":\"e75d11e9-ac03-44bd-9638-fe3ea67cc286\",\"Count\":20,\"OrderID\":4,\"Domain\":\"\",\"Components\":null,\"LayoutType\":{\"Type\":0,\"SubType\":0,\"Landscape\":{\"Height\":0,\"Width\":0},\"Portrait\":{\"Height\":0,\"Width\":0}},\"Icon\":\"https://k3kkd4yblsweb.vcdn.cloud/\",\"Logo\":null,\"Schedule\":\"{\\\"Duration\\\":0,\\\"Time\\\":\\\"00:00\\\",\\\"Repeat\\\":\\\"\\\"}\",\"Description\":\"Giải trí\",\"Url\":\"giai-tri\"},{\"ID\":2030,\"Name\":\"Công nghệ\",\"PrivateKey\":\"b08c545f-bcb7-487f-9ea8-55e925d15d9b\",\"Count\":20,\"OrderID\":5,\"Domain\":\"\",\"Components\":null,\"LayoutType\":{\"Type\":0,\"SubType\":0,\"Landscape\":{\"Height\":0,\"Width\":0},\"Portrait\":{\"Height\":0,\"Width\":0}},\"Icon\":\"https://k3kkd4yblsweb.vcdn.cloud/\",\"Logo\":null,\"Schedule\":\"{\\\"Duration\\\":0,\\\"Time\\\":\\\"00:00\\\",\\\"Repeat\\\":\\\"\\\"}\",\"Description\":\"Công nghệ\",\"Url\":\"cong-nghe\"},{\"ID\":2031,\"Name\":\"Cộng đồng\",\"PrivateKey\":\"00496fc8-2a3c-42cc-9e1d-ea6f75efef5f\",\"Count\":20,\"OrderID\":6,\"Domain\":\"\",\"Components\":null,\"LayoutType\":{\"Type\":0,\"SubType\":0,\"Landscape\":{\"Height\":0,\"Width\":0},\"Portrait\":{\"Height\":0,\"Width\":0}},\"Icon\":\"https://k3kkd4yblsweb.vcdn.cloud/\",\"Logo\":null,\"Schedule\":\"{\\\"Duration\\\":0,\\\"Time\\\":\\\"00:00\\\",\\\"Repeat\\\":\\\"\\\"}\",\"Description\":\"Cộng đồng\",\"Url\":\"cong-dong\"}]","Media":[{"PrivateID":"a2923fb0-a0dd-4676-a01b-bebb16fa86a9","Description":"Kết thúc buổi livestream \"Mang sao kê ra trước công chúng\" liên quan đến chuyến từ thiện miền Trung, vợ chồng Công Vinh - Thủy Tiên nhận về vô số bình luận trái chiều đến từ cư dân mạng.","Image":"[{\"Type\":\"Thumbnail\",\"Url\":\"MAM\\\\VTC\\\\VTC1\\\\BAN_TIN_TOI\\\\2021\\\\09\\\\17\\\\THUY_TIEN_GAY_TRANG_CAI_SAU_LIVESTREAM_SAO_KE_TIEN_TU_THIEN\\\\Thumbnail\\\\17092021200614\\\\200614_Untitled1.jpg\"}]","Name":"Tranh cãi sau livestream sao kê \"chóng vánh\" của Thủy Tiên","Title":"Tranh cãi sau livestream sao kê \"chóng vánh\" của Thủy Tiên","Path":"https://vcv60b6khlvod.vcdn.cloud//MAM/VTC/VTC1/BAN_TIN_TOI/2021/09/17/THUY_TIEN_GAY_TRANG_CAI_SAU_LIVESTREAM_SAO_KE_TIEN_TU_THIEN/194624_THUY_TIEN_GAY_TRANG_CAI_SAU_LIVESTREAM_SAO_KE_TIEN_TU_THIEN.mp4","Schedule":"2021-09-17T20:06:45","Duration":"00:03:38","Metadata":[{"Name":"Title","Value":"Tranh cãi nổ ra sau livestream sao kê chóng vánh của Thủy Tiê"}]},{"PrivateID":"639b829e-0982-4cb7-a7e8-afe58eaa1f7e","Description":"Sở Y tế Hà Nội tối 17/9 cho biết trong 24 giờ qua, TP ghi nhận 12 ca mắc Covid-19 mới.","Image":"[{\"Type\":\"Thumbnail\",\"Url\":\"MAM\\\\VTC\\\\NOI_DUNG_SO\\\\2021\\\\09\\\\17\\\\HA_NOI_CA_MOI_TOI_WEB\\\\Thumbnail\\\\17092021193202\\\\193201_ca_moi_hn_toi_web.jpg\"}]","Name":"Hà Nội ghi nhận 2 ca mắc Covid-19 mới tối 17/9","Title":"Hà Nội ghi nhận 2 ca mắc Covid-19 mới tối 17/9","Path":"https://vcv60b6khlvod.vcdn.cloud//MAM/VTC/NOI_DUNG_SO/2021/09/17/HA_NOI_CA_MOI_TOI_WEB/193112_ha_noi_ca_moi_toi_web.mp4","Schedule":"2021-09-17T19:32:09","Duration":"00:01:53","Metadata":[{"Name":"Title","Value":"Hà Nội ghi nhận 2 ca mắc Covid-19 mới tối 17/9"}]},{"PrivateID":"5287c2b8-33f2-4b21-aa14-9cf059aa031e","Description":"Đại diện TPHCM cho biết con số nửa triệu người người chưa tiêm mũi 1 vaccine Covid-19 được tính trên dân số thành phố trừ đi người đã tiêm, nhưng thống kê có thể chưa chính xác.","Image":"[{\"Type\":\"Thumbnail\",\"Url\":\"MAM\\\\VTC\\\\NOI_DUNG_SO\\\\2021\\\\09\\\\17\\\\TPHCM_CHUA_TIEM_MUI_1_WEB\\\\Thumbnail\\\\17092021192027\\\\192026_tphcm_chua_tiem_mui_1_web.jpg\"}]","Name":"TPHCM lý giải con số nửa triệu người chưa tiêm vaccine mũi 1","Title":"TPHCM lý giải con số nửa triệu người chưa tiêm vaccine mũi 1","Path":"https://vcv60b6khlvod.vcdn.cloud//MAM/VTC/NOI_DUNG_SO/2021/09/17/TPHCM_CHUA_TIEM_MUI_1_WEB/191715_tphcm_chua_tiem_mui_1_web.mp4","Schedule":"2021-09-17T19:20:34","Duration":"00:01:48","Metadata":[{"Name":"Title","Value":"TPHCM lý giải con số nửa triệu người chưa tiêm vaccine mũi 1"}]},{"PrivateID":"7ab62ad6-6259-4301-ac3e-ae1944f3ef0b","Description":"Ngày 17/9, Công an tỉnh Đồng Tháp khởi tố 2 đối tượng về hành vi làm giả 67 giấy xét nghiệm SARS-CoV-2 để bán cho nhiều người khác.","Image":"[{\"Type\":\"Thumbnail\",\"Url\":\"MAM\\\\VTC\\\\NOI_DUNG_SO\\\\2021\\\\09\\\\17\\\\LAM_GIA_67_GIAY_XN_WEB\\\\Thumbnail\\\\17092021191830\\\\191829_lam_gia_67_giay_xn_web.jpg\"}]","Name":"Khởi tố 2 đối tượng làm giả 67 giấy xét nghiệm Covid-19","Title":"Khởi tố 2 đối tượng làm giả 67 giấy xét nghiệm Covid-19","Path":"https://vcv60b6khlvod.vcdn.cloud//MAM/VTC/NOI_DUNG_SO/2021/09/17/LAM_GIA_67_GIAY_XN_WEB/191714_lam_gia_67_giay_xn_web.mp4","Schedule":"2021-09-17T19:18:36","Duration":"00:01:17","Metadata":[{"Name":"Title","Value":"Khởi tố 2 đối tượng làm giả 67 giấy xét nghiệm SARS-CoV-2"}]},{"PrivateID":"3b51285e-a8eb-4704-8dd1-3c477c158d45","Description":"Khi nào thì Việt Nam tiêm vaccine phòng Covid-19 cho trẻ em? Đây là điều được nhiều bậc phụ huynh quan tâm, nhất là các tỉnh đang hứng chịu hậu quả của đại dịch Covid-19\n","Image":"[{\"Type\":\"Thumbnail\",\"Url\":\"MAM\\\\VTC\\\\VTC14\\\\CHAO_BUOI_TOI\\\\2021\\\\09\\\\17\\\\BAO_GIO_VIET_NAM_TIEM_VACCIEN_PHONG_COVID_CHO_TRE_EM\\\\Thumbnail\\\\17092021185519\\\\185518_4.jpg\"}]","Name":"Đến bao giờ trẻ em Việt Nam sẽ được tiêm vaccine Covid-19?","Title":"Đến bao giờ trẻ em Việt Nam sẽ được tiêm vaccine Covid-19?","Path":"https://vcv60b6khlvod.vcdn.cloud///mam/vtc/vtc14/chao_buoi_toi/2021/09/17/bao_gio_viet_nam_tiem_vaccien_phong_covid_cho_tre_em/hls/master.m3u8","Schedule":"2021-09-17T18:55:30","Duration":"00:09:51","Metadata":[{"Name":"Title","Value":"Đến bao giờ trẻ em Việt Nam sẽ được tiêm vaccine Covid-19?"}]},{"PrivateID":"fa26cecf-9b42-4b61-a2e4-0ab83d2a5a3d","Description":"Cập nhật thông tin mới nhất về dịch Covid-19 tối 17/9/2021 trong bản tin đặc biệt của VTC Now.","Image":"[{\"Type\":\"Square\",\"Url\":\"Mam\\\\VTC\\\\DUNG_BO_LO\\\\2021\\\\09\\\\17\\\\TRUC_TIEP_TIN_TUC_COVID_19_MOI_NHAT_TOI_17_9_2021\\\\Square\\\\17092021150610\\\\150610_BAN_TIN_COVID__VUONG.jpg\"},{\"Type\":\"Thumbnail\",\"Url\":\"Mam\\\\VTC\\\\DUNG_BO_LO\\\\2021\\\\09\\\\17\\\\TRUC_TIEP_TIN_TUC_COVID_19_MOI_NHAT_TOI_17_9_2021\\\\Thumbnail\\\\17092021150602\\\\150602_BAN_TIN_COVID__NGANG.jpg\"}]","Name":"Ngày 17/9, cả nước ghi nhận 11.506 ca mắc Covid-19","Title":"Ngày 17/9, cả nước ghi nhận 11.506 ca mắc Covid-19","Path":"https://vcv60b6khlvod.vcdn.cloud//MAM/VTC/DUNG_BO_LO/2021/09/17/2021/192304_BAN_TIN_COVID_TOI_1709.mp4","Schedule":"2021-09-17T18:40:00","Duration":"00:17:30","Metadata":[{"Name":"Title","Value":"[Trực tiếp] Tin tức Covid-19 mới nhất tối 17/9/2021"},{"Name":"EndTimecode","Value":"fa26cecf-9b42-4b61-a2e4-0ab83d2a5a3d"},{"Name":"Highlight","Value":"false"},{"Name":"ContentType","Value":"0"},{"Name":"FileCode","Value":"https://c0fthcxjokliv.vcdn.cloud/evt1/index.m3u8"}]},{"PrivateID":"b431f0d6-733c-47a7-82be-25b843c5e95b","Description":"Chủ tịch HĐQT tập đoàn FPT, Ông Trương Gia Bình quyết định tập đoàn FPT sẽ mở trường nuôi dạy 1.000 trẻ nhỏ mồ côi cha mẹ bởi dịch Covid-19 cho đến khi khôn lớn.","Image":"[{\"Type\":\"Thumbnail\",\"Url\":\"MAM\\\\VTC\\\\VTC14\\\\CHAO_BUOI_TOI\\\\2021\\\\09\\\\17\\\\TY_PHU_HUA_XAY_TRUONG_NOI_TRU\\\\Thumbnail\\\\17092021183351\\\\183349_2.jpg\"}]","Name":"Chủ tịch FPT hứa xây trường cho 1.000 em nhỏ mồ côi vì Covid-19","Title":"Chủ tịch FPT hứa xây trường cho 1.000 em nhỏ mồ côi vì Covid-19","Path":"https://vcv60b6khlvod.vcdn.cloud///mam/vtc/vtc14/chao_buoi_toi/2021/09/17/ty_phu_hua_xay_truong_noi_tru/hls/master.m3u8","Schedule":"2021-09-17T18:34:02","Duration":"00:02:09","Metadata":[{"Name":"Title","Value":"Tỷ phú công nghệ hứa xây trường nuôi dạy 1.000 em nhỏ mồ côi "}]},{"PrivateID":"caba3a43-bcb9-46c3-a4a0-ad7999017467","Description":"Những tín hiệu tích cực xuất hiện ngày một nhiều ở TPHCM khi hôm nay, một bệnh nhân đặc biệt có cân nặng tới hơn 100 kg đã được xuất viện, trong khi một cụ bà 110 tuổi cũng đã hồi phục tốt, chờ ngày ra viện.","Image":"[{\"Type\":\"Thumbnail\",\"Url\":\"MAM\\\\VTC\\\\VTC14\\\\CHAO_BUOI_TOI\\\\2021\\\\09\\\\17\\\\THANG_COVID_CU_BA_110_TUOI_HOI_PHUC\\\\Thumbnail\\\\17092021183209\\\\183209_1.jpg\"}]","Name":"Cụ bà 110 tuổi và người đàn ông 100kg đã \"chiến thắng\" Covid-19","Title":"Cụ bà 110 tuổi và người đàn ông 100kg đã \"chiến thắng\" Covid-19","Path":"https://vcv60b6khlvod.vcdn.cloud///mam/vtc/vtc14/chao_buoi_toi/2021/09/17/thang_covid_cu_ba_110_tuoi_hoi_phuc/hls/master.m3u8","Schedule":"2021-09-17T18:32:32","Duration":"00:01:55","Metadata":[{"Name":"Title","Value":"Thắng Covid-19, cụ bà 110 tuổi hồi phục, người đàn ông 100kg "}]},{"PrivateID":"ceb5e32e-06c6-4f65-8d1b-33bcc6f3a61a","Description":"Ngày 17/9, Công an tỉnh Khánh Hòa đã khởi tố bị can, thực hiện lệnh bắt tạm giam đối với ông Lê Văn Dẽ, nguyên Giám đốc Sở Xây dựng tỉnh vì liên quan tới vụ án dự án núi Chín Khúc.","Image":"[{\"Type\":\"Thumbnail\",\"Url\":\"MAM\\\\VTC\\\\NOI_DUNG_SO\\\\2021\\\\09\\\\17\\\\BAT_GIAM_DOC_SO_XAY_DUNG_WEB\\\\Thumbnail\\\\17092021175720\\\\175718_bat_giam_doc_so_xay_dung_web.jpg\"}]","Name":"Bắt tạm giam nguyên Giám đốc Sở Xây dựng Khánh Hòa","Title":"Bắt tạm giam nguyên Giám đốc Sở Xây dựng Khánh Hòa","Path":"https://vcv60b6khlvod.vcdn.cloud//MAM/VTC/NOI_DUNG_SO/2021/09/17/BAT_GIAM_DOC_SO_XAY_DUNG_WEB/175656_bat_giam_doc_so_xay_dung_web.mp4","Schedule":"2021-09-17T17:57:27","Duration":"00:01:51","Metadata":[{"Name":"Title","Value":"Bắt tạm giam nguyên Giám đốc Sở Xây dựng Khánh Hòa"}]},{"PrivateID":"fba02cf3-b11e-4ae3-acda-35d95ea31924","Description":"Bố đẻ bé gái 6 tuổi tử vong ở Xuân Đỉnh (quận Bắc Từ Liêm, Hà Nội) khai nhận đã bạo hành cháu bé. Hiện nghi phạm này đã bị bắt giữ.","Image":"[{\"Type\":\"Thumbnail\",\"Url\":\"MAM\\\\VTC\\\\NOI_DUNG_SO\\\\2021\\\\09\\\\17\\\\CHAU_BE_LOP_1_TU_VONG_WEB\\\\Thumbnail\\\\17092021172202\\\\172201_chau_be_lop_1_tu_vong_web.jpg\"}]","Name":"Bắt giữ nghi phạm vụ cháu bé lớp 1 ở Hà Nội tử vong ","Title":"Bắt giữ nghi phạm vụ cháu bé lớp 1 ở Hà Nội tử vong ","Path":"https://vcv60b6khlvod.vcdn.cloud//MAM/VTC/NOI_DUNG_SO/2021/09/17/CHAU_BE_LOP_1_TU_VONG_WEB/171703_chau_be_lop_1_tu_vong_web.mp4","Schedule":"2021-09-17T17:22:09","Duration":"00:01:28","Metadata":[{"Name":"Title","Value":"Bắt giữ nghi phạm vụ cháu bé lớp 1 tử vong nghi bị bạo hành"}]},{"PrivateID":"35004129-b06d-47c0-8ed5-a85128103352","Description":"WHO cảnh báo việc thiếu vaccine Covid-19 ở châu Phi có thể đưa thành quả chống dịch của thế giới về vạch xuất phát.","Image":"[{\"Type\":\"Thumbnail\",\"Url\":\"MAM\\\\VTC\\\\NOI_DUNG_SO\\\\2021\\\\09\\\\17\\\\VACCINE_CHAU_PHI_WEB\\\\Thumbnail\\\\17092021172102\\\\172101_vaccine_chau_phi_web.jpg\"}]","Name":"Thiếu vaccine ở châu Phi sẽ \"đưa thế giới về vạch xuất phát\"","Title":"Thiếu vaccine ở châu Phi sẽ \"đưa thế giới về vạch xuất phát\"","Path":"https://vcv60b6khlvod.vcdn.cloud//MAM/VTC/NOI_DUNG_SO/2021/09/17/VACCINE_CHAU_PHI_WEB/171700_vaccine_chau_phi_web.mp4","Schedule":"2021-09-17T17:21:12","Duration":"00:01:54","Metadata":[{"Name":"Title","Value":"Thiếu vaccine ở châu Phi sẽ \"đưa thế giới về vạch xuất phát\""}]},{"PrivateID":"f9f471a2-2fbe-4210-a7a4-cb2b2fa7c31e","Description":"Trưa 17/9, vợ chồng Công Vinh - Thủy Tiên đã giữ đúng lời hứa, đưa ra 18.000 trang sao kê từ thiện như đã tuyên bố trước đó, đồng thời tuyên bố sẽ khởi kiện người vu khống mình.","Image":"[{\"Type\":\"Thumbnail\",\"Url\":\"MAM\\\\VTC\\\\NOI_DUNG_SO\\\\2021\\\\09\\\\17\\\\THUY_TIEN_CONG_VINH\\\\Thumbnail\\\\17092021164301\\\\164300_thuy_tien_cong_vinh.jpg\"}]","Name":"Công Vinh - Thủy Tiên công bố sao kê, tuyên bố khởi kiện","Title":"Công Vinh - Thủy Tiên công bố sao kê, tuyên bố khởi kiện","Path":"https://vcv60b6khlvod.vcdn.cloud//MAM/VTC/NOI_DUNG_SO/2021/09/17/THUY_TIEN_CONG_VINH/164041_thuy_tien_cong_vinh.mp4","Schedule":"2021-09-17T16:43:12","Duration":"00:12:39","Metadata":[{"Name":"Title","Value":"Công Vinh - Thủy Tiên chính thức khởi kiện, công bố sao kê"}]},{"PrivateID":"bc224ce4-f1a3-4d3d-8e1a-c4298216ae70","Description":"Chiều 16/9, Bộ Tài chính đã có Thông tin báo chí về nguồn dự phòng ngân sách Trung ương cho công tác phòng chống dịch bệnh Covid-19.","Image":"[{\"Type\":\"Thumbnail\",\"Url\":\"MAM\\\\VTC\\\\NOI_DUNG_SO\\\\2021\\\\09\\\\17\\\\BO_TAI_CHINH_WEB\\\\Thumbnail\\\\17092021171846\\\\171845_phoc.jpg\"}]","Name":"Bộ Tài chính nói gì về thông tin \"ngân sách Trung ương gần như không còn\"?","Title":"Bộ Tài chính nói gì về thông tin \"ngân sách Trung ương gần như không còn\"?","Path":"https://vcv60b6khlvod.vcdn.cloud//MAM/VTC/NOI_DUNG_SO/2021/09/17/BO_TAI_CHINH_WEB/155552_BO_TAI_CHINH_WEB.mp4","Schedule":"2021-09-17T15:58:23","Duration":"00:01:29","Metadata":[{"Name":"Title","Value":"Bộ Tài chính thông tin về dự phòng ngân sách TƯ cho Covid-19"}]},{"PrivateID":"49ad68e8-cdb9-4217-b458-48b1ba1d2058","Description":"Ngày 17/9, lãnh đạo Quận ủy Thốt Nốt, TP Cần Thơ, cho biết địa phương đã có kết quả xác minh vụ 57 trẻ dưới 18 tuổi được tiêm vaccine ngừa Covid-19.","Image":"[{\"Type\":\"Thumbnail\",\"Url\":\"MAM\\\\VTC\\\\NOI_DUNG_SO\\\\2021\\\\09\\\\17\\\\57_TRE_TIEM_VACCINE_WEB\\\\Thumbnail\\\\17092021155534\\\\155533_57_TRE_TIEM_VACCINE_WEB.jpg\"}]","Name":"57 trẻ dưới 18 tuổi khỏe mạnh sau khi tiêm vaccine Pfizer","Title":"57 trẻ dưới 18 tuổi khỏe mạnh sau khi tiêm vaccine Pfizer","Path":"https://vcv60b6khlvod.vcdn.cloud//MAM/VTC/NOI_DUNG_SO/2021/09/17/57_TRE_TIEM_VACCINE_WEB/155126_57_TRE_TIEM_VACCINE_WEB.mp4","Schedule":"2021-09-17T15:55:40","Duration":"00:02:10","Metadata":[{"Name":"Title","Value":"Sức khỏe 57 trẻ dưới 18 tuổi sau khi tiêm vaccine Pfizer"}]},{"PrivateID":"97364157-8dbd-41f6-a1d9-77613f6830a9","Description":"Những ngày gần đây, trên các hội nhóm kinh doanh cà phê liên tục xuất hiện những bài đăng rao bán, sang nhượng hoặc thanh lý quán cà phê, trà sữa tại Hà Nội.","Image":"[{\"Type\":\"Thumbnail\",\"Url\":\"MAM\\\\VTC\\\\NOI_DUNG_SO\\\\2021\\\\09\\\\17\\\\QUAN_CA_FE_WEB\\\\Thumbnail\\\\17092021155402\\\\155400_QUAN_CA_FE_WEB.jpg\"}]","Name":"Hàng loạt quán cà phê Hà Nội rao bán, đại hạ giá 4-5 lần","Title":"Hàng loạt quán cà phê Hà Nội rao bán, đại hạ giá 4-5 lần","Path":"https://vcv60b6khlvod.vcdn.cloud//MAM/VTC/NOI_DUNG_SO/2021/09/17/QUAN_CA_FE_WEB/155126_QUAN_CA_FE_WEB.mp4","Schedule":"2021-09-17T15:54:12","Duration":"00:01:22","Metadata":[{"Name":"Title","Value":"Hàng loạt quán cà phê Hà Nội rao bán, đại hạ giá 4-5 lần"}]},{"PrivateID":"ddbb0f88-76b6-4d5e-88e9-2cdbd933825d","Description":"Tổng thống Putin vừa tuyên bố rằng hàng chục nhân vật thân cận của ông tại điện Kremlin đã có kết quả dương tính với virus SARS-CoV-2.","Image":"[{\"Type\":\"Thumbnail\",\"Url\":\"MAM\\\\VTC\\\\NOI_DUNG_SO\\\\XU_HUONG_24H\\\\2021\\\\09\\\\17\\\\PUTIN_OK\\\\Thumbnail\\\\17092021141849\\\\141851_t13.jpg\"}]","Name":"Hàng chục quan chức thân của ông Putin cận mắc Covid-19","Title":"Hàng chục quan chức thân của ông Putin cận mắc Covid-19","Path":"https://vcv60b6khlvod.vcdn.cloud///mam/vtc/noi_dung_so/xu_huong_24h/2021/09/17/putin_ok/hls/master.m3u8","Schedule":"2021-09-17T14:19:16","Duration":"00:01:07","Metadata":[{"Name":"Title","Value":"Ông Putin tiết lộ có hàng chục quan chức thân cận mắc Covid-1"}]},{"PrivateID":"7c133732-e739-41c9-8878-28a398355bb2","Description":"Sở Y tế TPHCM đề nghị UBND TP Thủ Đức và các quận, huyện cung cấp chính xác tổng số người trên 18 tuổi chưa tiêm mũi 1 và gửi văn bản về sở trước 18/9 để dự trù, điều phối vaccine. ","Image":"[{\"Type\":\"Thumbnail\",\"Url\":\"MAM\\\\VTC\\\\VTC1\\\\BAN_TIN_TRUA_\\\\2021\\\\09\\\\17\\\\TPHCM_DE_NGHI_CUNG_CAP_SO_LIEU_NGUOI_CHUA_TIEM_VACCINE_MUI_1_TRUOC_18-9\\\\Thumbnail\\\\17092021131601\\\\131608_20CAP_NHAT_SO_LIEU_NGUOII_CHUA_TIEM.jpg\"}]","Name":"TPHCM đề nghị cung cấp số người chưa tiêm vaccine mũi 1","Title":"TPHCM đề nghị cung cấp số người chưa tiêm vaccine mũi 1","Path":"https://vcv60b6khlvod.vcdn.cloud///mam/vtc/vtc1/ban_tin_trua_/2021/09/17/tphcm_de_nghi_cung_cap_so_lieu_nguoi_chua_tiem_vaccine_mui_1_truoc_18-9/hls/master.m3u8","Schedule":"2021-09-17T13:16:06","Duration":"00:01:33","Metadata":[{"Name":"Title","Value":"TPHCM đề nghị cung cấp số người chưa tiêm vaccine mũi 1"}]},{"PrivateID":"d824f4bc-ede2-4478-8105-4396ac22b7c0","Description":"Sở Y tế Hà Nội cho biết, số ca mắc Covid-19 mới trưa 17/9 là 7 ca bệnh, trong đó 4 ca tại khu cách ly và 3 ca tại khu phong tỏa.\n","Image":"[{\"Type\":\"Thumbnail\",\"Url\":\"MAM\\\\VTC\\\\NOI_DUNG_SO\\\\XU_HUONG_24H\\\\2021\\\\09\\\\17\\\\CA_MOI_TRUA\\\\Thumbnail\\\\17092021124733\\\\124732_T15.jpg\"}]","Name":"Trưa 17/9, Hà Nội ghi nhận 7 ca Covid-19","Title":"Trưa 17/9, Hà Nội ghi nhận 7 ca Covid-19","Path":"https://vcv60b6khlvod.vcdn.cloud///mam/vtc/noi_dung_so/xu_huong_24h/2021/09/17/ca_moi_trua/hls/master.m3u8","Schedule":"2021-09-17T12:47:44","Duration":"00:01:16","Metadata":[{"Name":"Title","Value":"Trưa 17/9, Hà Nội ghi nhận 7 ca Covid-19, 4 ca ở \"ổ\" Đền Lừ "}]},{"PrivateID":"44a5e0a5-70ec-4bc1-9dab-3d1b80289296","Description":"Điểm chuẩn các trường đại học năm nay tăng vọt so với những năm trước. Những kỷ lục mới về điểm chuẩn liên tục bị phá vỡ.","Image":"[{\"Type\":\"Thumbnail\",\"Url\":\"MAM\\\\VTC\\\\VTC1\\\\BAN_TIN_TRUA_\\\\2021\\\\09\\\\17\\\\DIEM_CHUAN_NHIEU_TRUONG_DAI_HOC_PHIA_NAM_TANG_CAO\\\\Thumbnail\\\\17092021123746\\\\123752_27DIEM_CHUAN_TANG_CAO.jpg\"}]","Name":"Điểm chuẩn nhiều ngành tăng \"chóng mặt\"","Title":"Điểm chuẩn nhiều ngành tăng \"chóng mặt\"","Path":"https://vcv60b6khlvod.vcdn.cloud///mam/vtc/vtc1/ban_tin_trua_/2021/09/17/diem_chuan_nhieu_truong_dai_hoc_phia_nam_tang_cao/hls/master.m3u8","Schedule":"2021-09-17T12:37:55","Duration":"00:03:28","Metadata":[{"Name":"Title","Value":"Điểm chuẩn nhiều ngành tăng \"chóng mặt\""}]},{"PrivateID":"0479b2eb-63bc-419b-8c80-d64a836be139","Description":"Hơn 10.000 người di cư muốn tị nạn tại Mỹ, phần lớn là người dân Haiti, đang phải chầu chực dưới gầm một cây cầu nối liền Mỹ và Mexico để chờ tới lượt được xét nhập cảnh.\n","Image":"[{\"Type\":\"Thumbnail\",\"Url\":\"MAM\\\\VTC\\\\NOI_DUNG_SO\\\\XU_HUONG_24H\\\\2021\\\\09\\\\17\\\\DI_DAN_GAM_CAU\\\\Thumbnail\\\\17092021123157\\\\123156_t14.jpg\"}]","Name":"Hơn 10 nghìn người chầu chực ở gầm cầu để có cơ hội vào Mỹ","Title":"Hơn 10 nghìn người chầu chực ở gầm cầu để có cơ hội vào Mỹ","Path":"https://vcv60b6khlvod.vcdn.cloud///mam/vtc/noi_dung_so/xu_huong_24h/2021/09/17/di_dan_gam_cau/hls/master.m3u8","Schedule":"2021-09-17T12:32:08","Duration":"00:01:19","Metadata":[{"Name":"Title","Value":"Hơn 10.000 di dân chầu chực dưới gầm cầu để có cơ hội vào Mỹ"}]},{"PrivateID":"cf710e35-f363-4e56-93fd-391e6a553c26","Description":"Sở LĐ-TB và XH Hà Nội vừa có đề nghị các địa phương thống kê người lao động, người dân ngoại tỉnh có nguyện vọng trở về quê để Hà Nội xây dựng phương án hộ trợ khi đủ điều kiện. ","Image":"[{\"Type\":\"Thumbnail\",\"Url\":\"MAM\\\\VTC\\\\VTC1\\\\BAN_TIN_TRUA_\\\\2021\\\\09\\\\17\\\\HA_NOI_NGUOI_LAO_DONG_MONG_MOI_TRO_VE_QUE\\\\Thumbnail\\\\17092021122034\\\\122040_25NGUOI_DAN_MONG_MOI_VE_QUE.jpg\"}]","Name":"Người lao động ngoại tỉnh ở Hà Nội mong mỏi sớm được về quê","Title":"Người lao động ngoại tỉnh ở Hà Nội mong mỏi sớm được về quê","Path":"https://vcv60b6khlvod.vcdn.cloud///mam/vtc/vtc1/ban_tin_trua_/2021/09/17/ha_noi_nguoi_lao_dong_mong_moi_tro_ve_que/hls/master.m3u8","Schedule":"2021-09-17T12:20:39","Duration":"00:03:24","Metadata":[{"Name":"Title","Value":"Người lao động ngoại tỉnh ở Hà Nội mong mỏi sớm được về quê"}]},{"PrivateID":"68d223b8-eb8d-471d-bb6e-34df0f776888","Description":"Ngày 17/9, Công an huyện Đức Trọng (Lâm Đồng) đã khởi tố bị can, cấm đi khỏi nơi cư trú đối với Bùi Văn Dũng (35 tuổi) về tội Làm lây lan dịch bệnh trong cộng đồng.","Image":"[{\"Type\":\"Thumbnail\",\"Url\":\"MAM\\\\VTC\\\\NOI_DUNG_SO\\\\XU_HUONG_24H\\\\2021\\\\09\\\\17\\\\TAI_XE_BAN_GAI\\\\Thumbnail\\\\17092021121643\\\\121642_T12.jpg\"},{\"Type\":\"Thumbnail\",\"Url\":\"MAM\\\\VTC\\\\NOI_DUNG_SO\\\\XU_HUONG_24H\\\\2021\\\\09\\\\17\\\\TAI_XE_BAN_GAI\\\\Thumbnail\\\\17092021121643\\\\121642_T12.jpg\"}]","Name":"Khởi tố tài xế ở Lâm Đồng lây dịch bệnh cho bạn gái","Title":"Khởi tố tài xế ở Lâm Đồng lây dịch bệnh cho bạn gái","Path":"https://vcv60b6khlvod.vcdn.cloud///mam/vtc/noi_dung_so/xu_huong_24h/2021/09/17/tai_xe_ban_gai/hls/master.m3u8","Schedule":"2021-09-17T12:16:50","Duration":"00:01:17","Metadata":[{"Name":"Title","Value":"Khởi tố tài xế ở Lâm Đồng lây dịch bệnh cho bạn gái"}]},{"PrivateID":"925d767d-e9c7-4ed0-81b7-adee86fd8b78","Description":"Bản tin Xu hướng 24h phát sóng 12h30 hàng ngày trên ứng dụng, website VTC Now và My TV.","Image":"[{\"Type\":\"Square\",\"Url\":\"Mam\\\\VTC\\\\DUNG_BO_LO\\\\2021\\\\09\\\\17\\\\TRUC_TIEP_COVID_19_KEO_DAI__VON_FDI_CO_DANG_CHAY_KHOI_VIET_NAM\\\\Square\\\\17092021120933\\\\120933_XU_HUONG_24H__VUONG_OK_OK.jpg\"},{\"Type\":\"Thumbnail\",\"Url\":\"Mam\\\\VTC\\\\DUNG_BO_LO\\\\2021\\\\09\\\\17\\\\TRUC_TIEP_COVID_19_KEO_DAI__VON_FDI_CO_DANG_CHAY_KHOI_VIET_NAM\\\\Thumbnail\\\\17092021120927\\\\120927_XU_HUONG_24H__NGANG_OK_OK.jpg\"}]","Name":"Covid-19 kéo dài, vốn FDI có đang “chạy” khỏi Việt Nam","Title":"Covid-19 kéo dài, vốn FDI có đang “chạy” khỏi Việt Nam","Path":"https://vcv60b6khlvod.vcdn.cloud//MAM/VTC/DUNG_BO_LO/2021/09/17/[TRUC_TIEP]_COVID-19_KEO_DAI,_VON_FDI_CO_DANG_%E2%80%9CCHAY%E2%80%9D_KHOI_VIET_NAM/133710_XU_HUONG_12H30_1709_-_WEB.mp4","Schedule":"2021-09-17T12:09:54","Duration":"00:31:47","Metadata":[{"Name":"Title","Value":"[Trực tiếp] Covid-19 kéo dài, vốn FDI có đang “chạy” khỏi Việt Nam"},{"Name":"EndTimecode","Value":"925d767d-e9c7-4ed0-81b7-adee86fd8b78"},{"Name":"Highlight","Value":"false"},{"Name":"ContentType","Value":"0"},{"Name":"FileCode","Value":"https://c0fthcxjokliv.vcdn.cloud/evt1/index.m3u8"}]},{"PrivateID":"fcc7ef40-999a-4795-966c-6485850bd4f8","Description":"Từ nay đến 30/9, TPHCM lấy mẫu xét nghiệm toàn bộ người dân ở vùng cam, vùng đỏ với tần suất 3 lần/7 ngày theo hộ gia đình.","Image":"[{\"Type\":\"Thumbnail\",\"Url\":\"MAM\\\\VTC\\\\NOI_DUNG_SO\\\\XU_HUONG_24H\\\\2021\\\\09\\\\17\\\\TPHCM_XET_NGHIEM\\\\Thumbnail\\\\17092021120744\\\\120743_T11.jpg\"}]","Name":"TPHCM thần tốc xét nghiệm toàn dân từ nay đến ngày 30/9","Title":"TPHCM thần tốc xét nghiệm toàn dân từ nay đến ngày 30/9","Path":"https://vcv60b6khlvod.vcdn.cloud///mam/vtc/noi_dung_so/xu_huong_24h/2021/09/17/tphcm_xet_nghiem/hls/master.m3u8","Schedule":"2021-09-17T12:07:50","Duration":"00:01:23","Metadata":[{"Name":"Title","Value":"TP.HCM thần tốc xét nghiệm toàn dân từ nay đến ngày 30/9"}]},{"PrivateID":"163ac060-2267-4505-984a-808d359e55ce","Description":"\nSáng 17/9, UBND phường Xuân Đỉnh cho biết, cơ quan chức năng của phường, Công an quận Bắc Từ Liêm (Hà Nội) đang tích cực điều tra nguyên nhân cái chết thương tâm của cháu bé 6 tuổi","Image":"[{\"Type\":\"Thumbnail\",\"Url\":\"MAM\\\\VTC\\\\NOI_DUNG_SO\\\\XU_HUONG_24H\\\\2021\\\\09\\\\17\\\\BE_GAI_6_TUOI\\\\Thumbnail\\\\17092021110554\\\\110553_T9.jpg\"}]","Name":"Hà Nội: Bé gái 6 tuổi tử vong, nghi bị bạo hành","Title":"Hà Nội: Bé gái 6 tuổi tử vong, nghi bị bạo hành","Path":"https://vcv60b6khlvod.vcdn.cloud///mam/vtc/noi_dung_so/xu_huong_24h/2021/09/17/be_gai_6_tuoi/hls/master.m3u8","Schedule":"2021-09-17T11:06:09","Duration":"00:01:34","Metadata":[{"Name":"Title","Value":"Hà Nội: Lãnh đạo Phòng GD&ĐT quận lên tiếng vụ bé gái 6 tuổi "}]},{"PrivateID":"d87a3925-1d8f-43db-a031-3fd8f6129113","Description":"Trung Quốc thông báo nước này vừa nộp đơn xin gia nhập CPTPP, hiệp định thương mại tự do mà Mỹ rút lui từ 4 năm trước dưới thời cựu Tổng thống Donald Trump.\n","Image":"[{\"Type\":\"Thumbnail\",\"Url\":\"MAM\\\\VTC\\\\NOI_DUNG_SO\\\\XU_HUONG_24H\\\\2021\\\\09\\\\17\\\\TRUNG_QUOC\\\\Thumbnail\\\\17092021105520\\\\105519_T8.jpg\"}]","Name":"Trung Quốc nộp đơn xin gia nhập hiệp định CPTPP","Title":"Trung Quốc nộp đơn xin gia nhập hiệp định CPTPP","Path":"https://vcv60b6khlvod.vcdn.cloud///mam/vtc/noi_dung_so/xu_huong_24h/2021/09/17/trung_quoc/hls/master.m3u8","Schedule":"2021-09-17T10:55:24","Duration":"00:01:27","Metadata":[{"Name":"Title","Value":"Trung Quốc nộp đơn xin gia nhập hiệp định CPTPP"}]},{"PrivateID":"9c97d883-f733-4a30-993c-f20564b4298d","Description":"Nhật Bản hôm nay (17/9) ban bố cảnh báo sau khi ngọn núi lửa ở phía tây nam nước này phun trào, bắn những tảng đá lớn ra xa hàng trăm mét khỏi miệng núi lửa.","Image":"[{\"Type\":\"Thumbnail\",\"Url\":\"MAM\\\\VTC\\\\NOI_DUNG_SO\\\\XU_HUONG_24H\\\\2021\\\\09\\\\17\\\\NHAT_BAN_NUI_LUA\\\\Thumbnail\\\\17092021103340\\\\103339_T5.jpg\"}]","Name":"Núi lửa phun trào lúc nửa đêm, Nhật Bản phát cảnh báo khẩn","Title":"Núi lửa phun trào lúc nửa đêm, Nhật Bản phát cảnh báo khẩn","Path":"https://vcv60b6khlvod.vcdn.cloud///mam/vtc/noi_dung_so/xu_huong_24h/2021/09/17/nhat_ban_nui_lua/hls/master.m3u8","Schedule":"2021-09-17T10:33:53","Duration":"00:01:16","Metadata":[{"Name":"Title","Value":"Núi lửa phun trào lúc nửa đêm, Nhật Bản phát cảnh báo khẩn"}]},{"PrivateID":"0d71ddfd-3569-44a5-ae19-59d7f77f6340","Description":"Các nhà khoa học Mỹ đã phát hiện một số người có hệ miễn dịch phản ứng rất mạnh trước các biến thể của virus SARS-CoV-2, trong đó có cả biến thể siêu lây nhiễm Delta.","Image":"[{\"Type\":\"Thumbnail\",\"Url\":\"MAM\\\\VTC\\\\VTC14\\\\CUOC_SONG_24H\\\\2021\\\\09\\\\17\\\\PHAT_HIEN_1_SO_NGUOI_CO_SIEU_MIEN_DICH_VOI_VIRUS_SARS_CO_V_2\\\\Thumbnail\\\\17092021094929\\\\094936_8SIEU_KHANG_THE.jpg\"}]","Name":"Phát hiện một số người có \"siêu miễn dịch\" với Covid-19","Title":"Phát hiện một số người có \"siêu miễn dịch\" với Covid-19","Path":"https://vcv60b6khlvod.vcdn.cloud///mam/vtc/vtc14/cuoc_song_24h/2021/09/17/phat_hien_1_so_nguoi_co_sieu_mien_dich_voi_virus_sars_co_v_2/hls/master.m3u8","Schedule":"2021-09-17T09:49:33","Duration":"00:00:58","Metadata":[{"Name":"Title","Value":"Phát hiện những người có \"siêu kháng thể\" với Covid-19"}]},{"PrivateID":"b4a5dba8-a916-4514-abd4-bef0cd920cf8","Description":"Từ 0h ngày 17/9, tỉnh Hải Dương cho phép vận tải hành khách nội tỉnh hoạt động trở lại, với các loại hình phương tiện như xe bus, xe tuyến cố định nội tỉnh, xe hợp đồng, xe taxi.","Image":"[{\"Type\":\"Thumbnail\",\"Url\":\"MAM\\\\VTC\\\\VTC14\\\\CUOC_SONG_24H\\\\2021\\\\09\\\\17\\\\TINH_HAI_DUONG_CHO_PHEP_XE_BUS_TAXI_HOAT_DONG\\\\Thumbnail\\\\17092021093543\\\\093550_6VAN_TAI_HANH_KHACH_HAI_DUONG_HOAT_DONG.jpg\"}]","Name":"Hải Dương cho phép taxi, xe buýt hoạt động trở lại","Title":"Hải Dương cho phép taxi, xe buýt hoạt động trở lại","Path":"https://vcv60b6khlvod.vcdn.cloud///mam/vtc/vtc14/cuoc_song_24h/2021/09/17/tinh_hai_duong_cho_phep_xe_bus_taxi_hoat_dong/hls/master.m3u8","Schedule":"2021-09-17T09:35:48","Duration":"00:00:50","Metadata":[{"Name":"Title","Value":"Hải Dương cho phép taxi, xe buýt hoạt động trở lại"}]},{"PrivateID":"a0332864-09eb-4cbb-bc84-ccfcdfc3a878","Description":"Công an Hà Nội chỉ đạo các đơn vị tiến hành tháo dỡ 39 chốt kiểm soát trên những trục đường chính ra, vào vùng 1 của thành phố, tiếp tục duy trì 23 chốt cửa ngõ.","Image":"[{\"Type\":\"Thumbnail\",\"Url\":\"MAM\\\\VTC\\\\VTC14\\\\CUOC_SONG_24H\\\\2021\\\\09\\\\17\\\\HA_NOI_DO_BO_39_CHOT_KIEM_SOAT_DICH_RA_VAO_VUNG_DO\\\\Thumbnail\\\\17092021093043\\\\093049_5HA_NOI_DO_BO_CHOT.jpg\"}]","Name":"Hà Nội dỡ bỏ 39 chốt kiểm soát dịch ra vào \"vùng đỏ\"","Title":"Hà Nội dỡ bỏ 39 chốt kiểm soát dịch ra vào \"vùng đỏ\"","Path":"https://vcv60b6khlvod.vcdn.cloud///mam/vtc/vtc14/cuoc_song_24h/2021/09/17/ha_noi_do_bo_39_chot_kiem_soat_dich_ra_vao_vung_do/hls/master.m3u8","Schedule":"2021-09-17T09:31:13","Duration":"00:00:56","Metadata":[{"Name":"Title","Value":"Hà Nội dỡ bỏ 39 chốt kiểm soát dịch ra vào \"vùng đỏ\""}]},{"PrivateID":"44eb2d3b-ea1d-422a-98d9-0821b33682ec","Description":"Theo Phó Thủ tướng Vũ Đức Đam, TPHCM cần chuẩn bị tâm thế sống chung với dịch bệnh COVID-19, không thể theo đuổi chiến lược “zero F0”.","Image":"[{\"Type\":\"Thumbnail\",\"Url\":\"MAM\\\\VTC\\\\NOI_DUNG_SO\\\\XU_HUONG_24H\\\\2021\\\\09\\\\17\\\\PHO_THU_TUONG\\\\Thumbnail\\\\17092021093025\\\\093024_T4.jpg\"}]","Name":"\"TPHCM phải sẵn sàng tâm thế sống chung với dịch\"","Title":"\"TPHCM phải sẵn sàng tâm thế sống chung với dịch\"","Path":"https://vcv60b6khlvod.vcdn.cloud///mam/vtc/noi_dung_so/xu_huong_24h/2021/09/17/pho_thu_tuong/hls/master.m3u8","Schedule":"2021-09-17T09:30:40","Duration":"00:01:11","Metadata":[{"Name":"Title","Value":"Phó Thủ tướng Vũ Đức Đam: TPHCM sẵn sàng chung sống với dịch"}]},{"PrivateID":"65a1e475-aecf-4762-9e4d-a146e07dc46c","Description":"Sở GD&ĐT TPHCM đưa ra 10 tiêu chí để chấm điểm an toàn phòng, chống dịch Covid-19. Những trường có điểm đánh giá từ 50% trở lên sẽ được mở cửa đón học sinh.\n","Image":"[{\"Type\":\"Thumbnail\",\"Url\":\"MAM\\\\VTC\\\\NOI_DUNG_SO\\\\XU_HUONG_24H\\\\2021\\\\09\\\\17\\\\TPHCM_TIEU_CHI\\\\Thumbnail\\\\17092021092542\\\\092544_3.jpg\"}]","Name":"10 tiêu chí để trường học tại TPHCM mở cửa trở lại","Title":"10 tiêu chí để trường học tại TPHCM mở cửa trở lại","Path":"https://vcv60b6khlvod.vcdn.cloud///mam/vtc/noi_dung_so/xu_huong_24h/2021/09/17/tphcm_tieu_chi/hls/master.m3u8","Schedule":"2021-09-17T09:29:13","Duration":"00:01:37","Metadata":[{"Name":"Title","Value":"Sở GD&ĐT TPHCM đưa ra các tiêu chí an toàn để mở cửa trường "}]},{"PrivateID":"a32af129-3c14-4370-8ae4-4bed0351df0c","Description":"Giá vàng hôm nay 17/9, lao dốc không phanh, xuống ngưỡng 1.753,0 USD/ounce khi đồng USD tăng","Image":"[{\"Type\":\"Thumbnail\",\"Url\":\"MAM\\\\VTC\\\\NOI_DUNG_SO\\\\XU_HUONG_24H\\\\2021\\\\09\\\\17\\\\GIA_VANG_1709\\\\Thumbnail\\\\17092021090725\\\\090724_T2.jpg\"}]","Name":"Vàng bất ngờ lao dốc, chạm mức thấp nhất 4 tuần","Title":"Vàng bất ngờ lao dốc, chạm mức thấp nhất 4 tuần","Path":"https://vcv60b6khlvod.vcdn.cloud///mam/vtc/noi_dung_so/xu_huong_24h/2021/09/17/gia_vang_1709/hls/master.m3u8","Schedule":"2021-09-17T09:07:35","Duration":"00:01:46","Metadata":[{"Name":"Title","Value":"Vàng bất ngờ lao dốc, chạm mức thấp nhất 4 tuần"}]},{"PrivateID":"185ad3c3-ad40-4e63-950a-47e62ac25671","Description":"Sáng 17/9, Sở Y tế Hà Nội cho biết trong 12 giờ qua Hà Nội phát hiện thêm 3 ca mắc Covid-19 mới đều ở khu cách ly","Image":"[{\"Type\":\"Thumbnail\",\"Url\":\"MAM\\\\VTC\\\\NOI_DUNG_SO\\\\XU_HUONG_24H\\\\2021\\\\09\\\\17\\\\CA_MOI_HN\\\\Thumbnail\\\\17092021090228\\\\090229_t1.jpg\"}]","Name":"Sáng 17/9, Hà Nội phát hiện thêm 3 ca mắc Covid-19 mới","Title":"Sáng 17/9, Hà Nội phát hiện thêm 3 ca mắc Covid-19 mới","Path":"https://vcv60b6khlvod.vcdn.cloud///mam/vtc/noi_dung_so/xu_huong_24h/2021/09/17/ca_moi_hn/hls/master.m3u8","Schedule":"2021-09-17T09:02:38","Duration":"00:01:02","Metadata":[{"Name":"Title","Value":"Sáng 17/9, Hà Nội phát hiện thêm 3 ca mắc Covid-19 mới"}]},{"PrivateID":"f6c5a6ee-d1b2-4cca-836c-a26f8588e83c","Description":"WHO cảnh báo các khu vực ở châu Phi nguy cơ trở thành nơi sinh sôi các biến chủng kháng vaccine Covid-19 do thiếu hụt vaccine và tỷ lệ tiêm chủng thấp.\n\n","Image":"[{\"Type\":\"Thumbnail\",\"Url\":\"MAM\\\\VTC\\\\NOI_DUNG_SO\\\\XU_HUONG_24H\\\\2021\\\\09\\\\17\\\\CHAU_PHI\\\\Thumbnail\\\\17092021104547\\\\104547_T6.jpg\"}]","Name":"WHO cảnh báo châu Phi thành \"lò ấp\" biến chủng SARS-CoV-2","Title":"WHO cảnh báo châu Phi thành \"lò ấp\" biến chủng SARS-CoV-2","Path":"https://vcv60b6khlvod.vcdn.cloud///mam/vtc/noi_dung_so/xu_huong_24h/2021/09/17/chau_phi/hls/master.m3u8","Schedule":"2021-09-17T08:45:00","Duration":"00:01:30","Metadata":[{"Name":"Title","Value":"WHO cảnh báo châu Phi thành \"lò ấp\" biến chủng SARS-CoV-2"}]},{"PrivateID":"889cdf07-9ceb-4d39-9164-c59326b09eaf","Description":"TPHCM hiện có khoảng 100.000 học sinh kẹt ở các tỉnh thành khi về quê nghỉ hè, hay được cha mẹ gửi về quê tránh dịch Covid-19.","Image":"[{\"Type\":\"Thumbnail\",\"Url\":\"MAM\\\\VTC\\\\VTC14\\\\CUOC_SONG_24H\\\\2021\\\\09\\\\17\\\\TPHCM_HON_100_NGHIN_HOC_SINH_DANG_BI_KET_O_QUE\\\\Thumbnail\\\\17092021075657\\\\075703_3BI_KET_O_QUE.jpg\"}]","Name":"Gần 100 nghìn học sinh TPHCM đang bị kẹt ở các tỉnh thành ","Title":"Gần 100 nghìn học sinh TPHCM đang bị kẹt ở các tỉnh thành ","Path":"https://vcv60b6khlvod.vcdn.cloud///mam/vtc/vtc14/cuoc_song_24h/2021/09/17/tphcm_hon_100_nghin_hoc_sinh_dang_bi_ket_o_que/hls/master.m3u8","Schedule":"2021-09-17T07:57:01","Duration":"00:01:18","Metadata":[{"Name":"Title","Value":"Gần 100.000 học sinh TPHCM đang bị kẹt ở quê "}]}]}