{"PrivateKey":"67797e75-9fcb-465c-853a-feea5dc1cb92","Name":"Sách hay","Description":"Sách hay","Color":"sach-hay","Style":"{}","Icon":"","LayoutType":"{\"Type\":\"6\",\"SubType\":\"8\",\"Landscape\":{\"Height\":0,\"Width\":0},\"Portrait\":{\"Height\":0,\"Width\":0}}","CDN":"{\"Name\":\"VNG\",\"LiveDomain\":\"https://liveovp.tek4tv.vn/\",\"VideoDomain\":\"https://vcv60b6khlvod.vcdn.cloud/\",\"ImageDomain\":\"https://vcv60b6khlvod.vcdn.cloud/\",\"IsActive\":true}","OrderID":10,"Components":"[{\"ID\":2047,\"Name\":\"Truyện ngắn\",\"PrivateKey\":\"51fd33cd-a57e-49d2-9a0e-41d8457e3767\",\"Count\":20,\"OrderID\":0,\"Domain\":\"\",\"Components\":null,\"LayoutType\":{\"Type\":0,\"SubType\":0,\"Landscape\":{\"Height\":0,\"Width\":0},\"Portrait\":{\"Height\":0,\"Width\":0}},\"Icon\":\"https://k3kkd4yblsweb.vcdn.cloud/\",\"Logo\":null,\"Schedule\":\"{\\\"Duration\\\":0,\\\"Time\\\":\\\"00:00\\\",\\\"Repeat\\\":\\\"\\\"}\",\"Description\":\"Truyện ngắn\",\"Url\":\"truyen-ngan\"},{\"ID\":2042,\"Name\":\"Trinh thám\",\"PrivateKey\":\"ad5b7feb-8ae2-4396-b143-aa971e72bcbf\",\"Count\":20,\"OrderID\":1,\"Domain\":\"\",\"Components\":null,\"LayoutType\":{\"Type\":0,\"SubType\":0,\"Landscape\":{\"Height\":0,\"Width\":0},\"Portrait\":{\"Height\":0,\"Width\":0}},\"Icon\":\"https://k3kkd4yblsweb.vcdn.cloud/\",\"Logo\":null,\"Schedule\":\"{\\\"Duration\\\":0,\\\"Time\\\":\\\"00:00\\\",\\\"Repeat\\\":\\\"\\\"}\",\"Description\":\"Trinh thám\",\"Url\":\"trinh-tham\"},{\"ID\":2044,\"Name\":\"Kinh điển\",\"PrivateKey\":\"187d7ec4-df89-4d3d-8e09-cc6ec83af5c4\",\"Count\":20,\"OrderID\":2,\"Domain\":\"\",\"Components\":null,\"LayoutType\":{\"Type\":0,\"SubType\":0,\"Landscape\":{\"Height\":0,\"Width\":0},\"Portrait\":{\"Height\":0,\"Width\":0}},\"Icon\":\"https://k3kkd4yblsweb.vcdn.cloud/\",\"Logo\":null,\"Schedule\":\"{\\\"Duration\\\":0,\\\"Time\\\":\\\"00:00\\\",\\\"Repeat\\\":\\\"\\\"}\",\"Description\":\"Kinh điển\",\"Url\":\"sach-hay/kinh-dien\"},{\"ID\":2045,\"Name\":\"Tự truyện\",\"PrivateKey\":\"af1872c3-45f3-4f45-aca7-40e1d96bed7e\",\"Count\":20,\"OrderID\":3,\"Domain\":\"\",\"Components\":null,\"LayoutType\":{\"Type\":0,\"SubType\":0,\"Landscape\":{\"Height\":0,\"Width\":0},\"Portrait\":{\"Height\":0,\"Width\":0}},\"Icon\":\"https://k3kkd4yblsweb.vcdn.cloud/\",\"Logo\":null,\"Schedule\":\"{\\\"Duration\\\":0,\\\"Time\\\":\\\"00:00\\\",\\\"Repeat\\\":\\\"\\\"}\",\"Description\":\"Tự truyện\",\"Url\":\"tu-truyen\"},{\"ID\":2046,\"Name\":\"Thiếu nhi\",\"PrivateKey\":\"38997f8b-a3be-4a21-ac19-52c947821fb6\",\"Count\":20,\"OrderID\":4,\"Domain\":\"\",\"Components\":null,\"LayoutType\":{\"Type\":0,\"SubType\":0,\"Landscape\":{\"Height\":0,\"Width\":0},\"Portrait\":{\"Height\":0,\"Width\":0}},\"Icon\":\"https://k3kkd4yblsweb.vcdn.cloud/\",\"Logo\":null,\"Schedule\":\"{\\\"Duration\\\":0,\\\"Time\\\":\\\"00:00\\\",\\\"Repeat\\\":\\\"\\\"}\",\"Description\":\"Thiếu nhi\",\"Url\":\"thieu-nhi\"},{\"ID\":2048,\"Name\":\"Khác\",\"PrivateKey\":\"ae640238-1950-4376-b8d8-9652d9911ffb\",\"Count\":20,\"OrderID\":5,\"Domain\":\"\",\"Components\":null,\"LayoutType\":{\"Type\":0,\"SubType\":0,\"Landscape\":{\"Height\":0,\"Width\":0},\"Portrait\":{\"Height\":0,\"Width\":0}},\"Icon\":\"https://k3kkd4yblsweb.vcdn.cloud/\",\"Logo\":null,\"Schedule\":\"{\\\"Duration\\\":0,\\\"Time\\\":\\\"00:00\\\",\\\"Repeat\\\":\\\"\\\"}\",\"Description\":\"Khác\",\"Url\":\"sach-hay/khac\"}]","Media":[{"PrivateID":"9552a204-4dc3-42a8-963b-5d355edefb12","Description":"Hôn nhân không hạnh phúc có phải là mồ chôn của tự do? Có cơ hội nào cho nhân vật một lối thoát bớt tủi hổ, bớt tổn thương. Có lẽ trước khi tìm ra lối thoát, họ phải đối mặt với chính vấn đề của mình.","Image":"[{\"Type\":\"Square\",\"Url\":\"MAM\\\\VTC\\\\NOI_DUNG_SO\\\\TRUYEN_HAY\\\\2020\\\\11\\\\23\\\\08_GIAC_MO_CANH_CO\\\\Custom\\\\07122020093440\\\\093438_giacmocanhcoVuong.jpg\"},{\"Url\":\"MAM\\\\VTC\\\\NOI_DUNG_SO\\\\TRUYEN_HAY\\\\2020\\\\11\\\\23\\\\08_GIAC_MO_CANH_CO\\\\thumbnail\\\\07122020093408\\\\093406_giacmocanhco.jpg\",\"Type\":\"Thumbnail\"},{\"Url\":\"MAM\\\\VTC\\\\NOI_DUNG_SO\\\\TRUYEN_HAY\\\\2020\\\\11\\\\23\\\\08_GIAC_MO_CANH_CO\\\\Poster\\\\07122020093432\\\\093431_giacmocanhco_doc.jpg\",\"Type\":\"Portrait\"}]","Name":"Giấc mơ cánh cò","Title":"Giấc mơ cánh cò","Path":"https://vcv60b6khlvod.vcdn.cloud//MAM/VTC/NOI_DUNG_SO/TRUYEN_HAY/2020/11/23/08_GIAC_MO_CANH_CO/105014_08_Giac_mo_canh_co.mp3","Schedule":"2021-09-17T20:00:00","Duration":"00:35:04","Metadata":[{"Name":"Title","Value":"Giông đêm"},{"Name":"GenredDescription","Value":"Truyện ngắn "},{"Name":"Director","Value":"Lục Mạnh Cường"},{"Name":"ContentType","Value":"0"}]},{"PrivateID":"8484ede0-f8b1-46fc-85ea-206a1245573b","Description":"Câu chuyện chính là bức tranh biếm họa phản ánh sự tương phản giữa trẻ em nghèo thôn quê và cậu ấm em chã con quan lại thời xưa. \n","Image":"[{\"Type\":\"Square\",\"Url\":\"MAM\\\\VTC\\\\NOI_DUNG_SO\\\\TRUYEN_HAY\\\\2020\\\\11\\\\11\\\\CON_VE_-_NGUYEN_CONG_HOAN_-_NOW_TRUYEN_HAY\\\\Custom\\\\12112020175343\\\\175346_vuong.jpg\"},{\"Url\":\"MAM/VTC/NOI_DUNG_SO/TRUYEN_HAY/2020/11/11/CON_VE_-_NGUYEN_CONG_HOAN_-_NOW_TRUYEN_HAY/Image/162705_thumbnail.jpg\",\"Type\":\"Thumbnail\"},{\"Url\":\"MAM\\\\VTC\\\\NOI_DUNG_SO\\\\TRUYEN_HAY\\\\2020\\\\11\\\\11\\\\CON_VE_-_NGUYEN_CONG_HOAN_-_NOW_TRUYEN_HAY\\\\Poster\\\\12112020175334\\\\175337_con_ve.jpg\",\"Type\":\"Portrait\"}]","Name":"Con ve ","Title":"Con ve ","Path":"https://vcv60b6khlvod.vcdn.cloud//MAM/VTC/NOI_DUNG_SO/TRUYEN_HAY/2020/11/11/CON_VE_-_NGUYEN_CONG_HOAN_-_NOW_TRUYEN_HAY/162704_Con_ve_-_Nguyen_Cong_Hoan_-_Now_Truyen_hay.mp3","Schedule":"2021-09-15T20:00:00","Duration":"00:07:41","Metadata":[{"Name":"Title","Value":"Con ve "},{"Name":"GenredDescription","Value":"Truyện ngắn"},{"Name":"ContentType","Value":"0"},{"Name":"Director","Value":"Nguyễn Công Hoan"}]},{"PrivateID":"39962bf0-cc30-401d-9467-32719e6d8311","Description":"Bằng cách nào đó, mỗi con người giữa chúng ta sẽ nhận ra sự nguyên bản của mình, trong sâu thẳm mỗi người đàn bà đều tồn tại một tâm hồn trinh nữ, chỉ muốn thuộc về một người duy nhất. Cùng lắng nghe tiếng lòng da diết - Tình Nhân","Image":"[{\"Type\":\"Portrait\",\"Url\":\"MAM\\\\VTC\\\\NOI_DUNG_SO\\\\TRUYEN_HAY\\\\2020\\\\11\\\\23\\\\07_TINH_NHAN\\\\Custom\\\\07122020093020\\\\093019_tinh_nhan_doc.jpg\"},{\"Url\":\"MAM\\\\VTC\\\\NOI_DUNG_SO\\\\TRUYEN_HAY\\\\2020\\\\11\\\\23\\\\07_TINH_NHAN\\\\thumbnail\\\\07122020092954\\\\092952_tinh_nhan111.jpg\",\"Type\":\"Thumbnail\"},{\"Url\":\"MAM\\\\VTC\\\\NOI_DUNG_SO\\\\TRUYEN_HAY\\\\2020\\\\11\\\\23\\\\07_TINH_NHAN\\\\Poster\\\\07122020093015\\\\093013_Tinh_nhan_Vuong.jpg\",\"Type\":\"Square\"}]","Name":"Tình nhân ","Title":"Tình nhân ","Path":"https://vcv60b6khlvod.vcdn.cloud//MAM/VTC/NOI_DUNG_SO/TRUYEN_HAY/2020/11/23/07_TINH_NHAN/104949_07_Tinh_nhan.mp3","Schedule":"2021-09-13T20:00:00","Duration":"00:12:00","Metadata":[{"Name":"Title","Value":"Tình nhân "},{"Name":"GenredDescription","Value":"Truyện ngắn "},{"Name":"Director","Value":"Linh"},{"Name":"ContentType","Value":"0"}]},{"PrivateID":"d3990207-a73f-4519-a16e-b7e26d6a0640","Description":"Trong đời Lan đã có hai lần xin lỗi. Nhận xin lỗi vì bị lừa dối, và chính mình xin lỗi vì thiếu sự đồng cảm trong tình yêu.","Image":"[{\"Type\":\"Portrait\",\"Url\":\"MAM\\\\VTC\\\\NOI_DUNG_SO\\\\TRUYEN_HAY\\\\2021\\\\08\\\\22\\\\HAI_LOI_XIN_LOI_L_HA_MINH_DUC_L_AUDIOBOOK_VTC_NOW\\\\Portrait\\\\22082021163553\\\\163553_hailoixinloidoc.jpg\"},{\"Type\":\"Square\",\"Url\":\"MAM\\\\VTC\\\\NOI_DUNG_SO\\\\TRUYEN_HAY\\\\2021\\\\08\\\\22\\\\HAI_LOI_XIN_LOI_L_HA_MINH_DUC_L_AUDIOBOOK_VTC_NOW\\\\Square\\\\22082021163550\\\\163550_hailoixinloivuong.jpg\"},{\"Type\":\"Thumbnail\",\"Url\":\"MAM\\\\VTC\\\\NOI_DUNG_SO\\\\TRUYEN_HAY\\\\2021\\\\08\\\\22\\\\HAI_LOI_XIN_LOI_L_HA_MINH_DUC_L_AUDIOBOOK_VTC_NOW\\\\Thumbnail\\\\22082021163521\\\\163521_poster_3.jpg\"}]","Name":"Hai lời xin lỗi ","Title":"Hai lời xin lỗi ","Path":"https://vcv60b6khlvod.vcdn.cloud//MAM/VTC/NOI_DUNG_SO/TRUYEN_HAY/2021/08/22/HAI_LOI_XIN_LOI_L_HA_MINH_DUC_L_AUDIOBOOK_VTC_NOW/163317_Hai_loi_xin_loi_l_Ha_Minh_Duc_l_Audiobook_VTC_Now.mp3","Schedule":"2021-09-11T20:00:00","Duration":"00:11:22","Metadata":[{"Name":"Title","Value":"Hai lời xin lỗi "},{"Name":"GenredDescription","Value":"Truyện ngắn "},{"Name":"Highlight","Value":"false"},{"Name":"Director","Value":"Hà Minh Đức"},{"Name":"ContentType","Value":"0"}]},{"PrivateID":"c71701cd-6957-4ecf-9a02-895ef93bd2e6","Description":"Thương con, dù không có nhiều tiền nhưng bố mẹ Dỉ vẫn cố gắng mua cho nó chiếc xe máy màu đỏ để nó sớm lấy được vợ.\n","Image":"[{\"Type\":\"Portrait\",\"Url\":\"MAM\\\\VTC\\\\NOI_DUNG_SO\\\\TRUYEN_HAY\\\\2021\\\\07\\\\13\\\\XE_MAY_DO_-_CHU_THI_MINH_HUE_-_NOW_TRUYEN_HAY\\\\Portrait\\\\13072021171711\\\\171711_xe_may_do_doc.jpg\"},{\"Type\":\"Square\",\"Url\":\"MAM\\\\VTC\\\\NOI_DUNG_SO\\\\TRUYEN_HAY\\\\2021\\\\07\\\\13\\\\XE_MAY_DO_-_CHU_THI_MINH_HUE_-_NOW_TRUYEN_HAY\\\\Square\\\\13072021171709\\\\171709_xe_may_do_vuong.jpg\"},{\"Type\":\"Thumbnail\",\"Url\":\"MAM\\\\VTC\\\\NOI_DUNG_SO\\\\TRUYEN_HAY\\\\2021\\\\07\\\\13\\\\XE_MAY_DO_-_CHU_THI_MINH_HUE_-_NOW_TRUYEN_HAY\\\\Thumbnail\\\\13072021171645\\\\171646_xe_may_do_ngang.jpg\"}]","Name":"Xe máy đỏ","Title":"Xe máy đỏ","Path":"https://vcv60b6khlvod.vcdn.cloud//MAM/VTC/NOI_DUNG_SO/TRUYEN_HAY/2021/07/13/XE_MAY_DO_-_CHU_THI_MINH_HUE_-_NOW_TRUYEN_HAY/171615_Xe_may_do_-_Chu_Thi_Minh_Hue_-_Now_Truyen_hay.mp3","Schedule":"2021-09-09T20:00:00","Duration":"00:23:37","Metadata":[{"Name":"Title","Value":"Xe máy đỏ"},{"Name":"GenredDescription","Value":"Truyện ngắn "},{"Name":"Highlight","Value":"false"},{"Name":"Director","Value":"Chu Thị Minh Huệ"},{"Name":"ContentType","Value":"0"}]},{"PrivateID":"7adb0aba-0698-4546-a5c5-58053993f4b6","Description":"Câu chuyện về những bông hoa hướng dương kiêu căng ngạo mạn.","Image":"[{\"Type\":\"Portrait\",\"Url\":\"MAM\\\\VTC\\\\NOI_DUNG_SO\\\\TRUYEN_HAY\\\\2021\\\\05\\\\30\\\\CHUYEN_HOA_MAT_TROI_L_VU_TU_NAM_L_AUDIOBOOK_VTC_NOW\\\\Portrait\\\\30052021154544\\\\154544_Chuyenhoamattroi.jpg\"},{\"Type\":\"Square\",\"Url\":\"MAM\\\\VTC\\\\NOI_DUNG_SO\\\\TRUYEN_HAY\\\\2021\\\\05\\\\30\\\\CHUYEN_HOA_MAT_TROI_L_VU_TU_NAM_L_AUDIOBOOK_VTC_NOW\\\\Square\\\\30052021164243\\\\164246_chuyen_hoa_mat_troi_vuong.jpg\"},{\"Type\":\"Thumbnail\",\"Url\":\"MAM\\\\VTC\\\\NOI_DUNG_SO\\\\TRUYEN_HAY\\\\2021\\\\05\\\\30\\\\CHUYEN_HOA_MAT_TROI_L_VU_TU_NAM_L_AUDIOBOOK_VTC_NOW\\\\Thumbnail\\\\30052021152720\\\\152721_poster_1.jpg\"}]","Name":"Chuyện hoa mặt trời ","Title":"Chuyện hoa mặt trời ","Path":"https://vcv60b6khlvod.vcdn.cloud//MAM/VTC/NOI_DUNG_SO/TRUYEN_HAY/2021/05/30/CHUYEN_HOA_MAT_TROI_L_VU_TU_NAM_L_AUDIOBOOK_VTC_NOW/152238_Chuyen_hoa_mat_troi_l_Vu_Tu_Nam_l_Audiobook_VTC_Now.mp3","Schedule":"2021-09-08T20:00:00","Duration":"00:01:53","Metadata":[{"Name":"Title","Value":"Chuyện hoa mặt trời "},{"Name":"GenredDescription","Value":"Thiếu nhi "},{"Name":"Highlight","Value":"false"},{"Name":"Director","Value":"Vũ Tú Nam"},{"Name":"ContentType","Value":"0"}]},{"PrivateID":"ae8223d3-b89e-43f9-9cae-4583cb161713","Description":"Trong bốn bức tường kia là những tội phạm. Cầu cho mỗi người trong bọn họ mỗi tuần có một người mang hoa để tặng. Nếu họ còn một trái tim nhân ái, chắc họ sẽ phải đau xót, hối hận về những tội ác của mình...","Image":"[{\"Type\":\"Portrait\",\"Url\":\"MAM\\\\VTC\\\\NOI_DUNG_SO\\\\TRUYEN_HAY\\\\2021\\\\05\\\\03\\\\HOA_HONG_TRANG\\\\Portrait\\\\03052021165207\\\\165207_hoa_hong_trang_doc.jpg\"},{\"Type\":\"Square\",\"Url\":\"MAM\\\\VTC\\\\NOI_DUNG_SO\\\\TRUYEN_HAY\\\\2021\\\\05\\\\03\\\\HOA_HONG_TRANG\\\\Square\\\\03052021165205\\\\165205_hoa_hong_trangvuong.jpg\"},{\"Type\":\"Thumbnail\",\"Url\":\"MAM\\\\VTC\\\\NOI_DUNG_SO\\\\TRUYEN_HAY\\\\2021\\\\05\\\\03\\\\HOA_HONG_TRANG\\\\Thumbnail\\\\03052021165143\\\\165143_hoa_hong_trang_ngang.jpg\"}]","Name":"Hoa hồng trắng","Title":"Hoa hồng trắng","Path":"https://vcv60b6khlvod.vcdn.cloud//MAM/VTC/NOI_DUNG_SO/TRUYEN_HAY/2021/05/03/HOA_HONG_TRANG/165119_hoa_hong_trang.mp3","Schedule":"2021-09-06T20:00:00","Duration":"00:18:58","Metadata":[{"Name":"Title","Value":"Hoa hồng trắng"},{"Name":"GenredDescription","Value":"Truyện ngắn "},{"Name":"Director","Value":"Hoàng Minh Tường "},{"Name":"ContentType","Value":"0"}]},{"PrivateID":"2c930966-4cd2-4e4f-9680-b2dc54500ff4","Description":"Chuyện Con chuột láu nằm trong tuyển tập truyện ngắn của nhà văn Vũ Tú Nam","Image":"[{\"Type\":\"Portrait\",\"Url\":\"MAM\\\\VTC\\\\NOI_DUNG_SO\\\\TRUYEN_HAY\\\\2021\\\\05\\\\30\\\\CON_CHUOT_LAU_L_VU_TU_NAM_L_AUDIOBOOK_VTC_NOW\\\\Portrait\\\\30052021165414\\\\165415_Conchuotlau.jpg\"},{\"Type\":\"Square\",\"Url\":\"MAM\\\\VTC\\\\NOI_DUNG_SO\\\\TRUYEN_HAY\\\\2021\\\\05\\\\30\\\\CON_CHUOT_LAU_L_VU_TU_NAM_L_AUDIOBOOK_VTC_NOW\\\\Square\\\\30052021165412\\\\165412_con_chuot_lau_vuong.jpg\"},{\"Type\":\"Thumbnail\",\"Url\":\"MAM\\\\VTC\\\\NOI_DUNG_SO\\\\TRUYEN_HAY\\\\2021\\\\05\\\\30\\\\CON_CHUOT_LAU_L_VU_TU_NAM_L_AUDIOBOOK_VTC_NOW\\\\Thumbnail\\\\30052021165324\\\\165324_poster_2.jpg\"}]","Name":"Con chuột láu","Title":"Con chuột láu","Path":"https://vcv60b6khlvod.vcdn.cloud//MAM/VTC/NOI_DUNG_SO/TRUYEN_HAY/2021/05/30/CON_CHUOT_LAU_L_VU_TU_NAM_L_AUDIOBOOK_VTC_NOW/152241_Con_chuot_lau_l_Vu_Tu_Nam_l_Audiobook_VTC_Now.mp3","Schedule":"2021-09-05T20:00:00","Duration":"00:05:28","Metadata":[{"Name":"Title","Value":"Con chuột láu"},{"Name":"GenredDescription","Value":"Thiếu nhi"},{"Name":"Highlight","Value":"false"},{"Name":"ContentType","Value":"0"}]},{"PrivateID":"dae60b2a-ca99-4a99-91f6-bbb2e5544d3a","Description":"Ông Khùa - người đàn ông ngoài 60 đã vay nợ một số tiền khổng lồ để có tiền nuôi con gái đi học đại học. Và để có thể cứu con gái khỏi cảnh bị đem đi gán nợ, ông đã làm một việc tày trời.","Image":"[{\"Type\":\"Square\",\"Url\":\"MAM\\\\VTC\\\\NOI_DUNG_SO\\\\TRUYEN_HAY\\\\2020\\\\08\\\\19\\\\CHIM_GOI_NGAY_DA_HOT_-_KIEU_DUY_KHANH_-_VTC_NOW_TRUYEN_HAY\\\\Thumbnail\\\\19082020161640\\\\161640_chimgoingaydahot_KieuDuyKhanh.jpg\"},{\"Url\":\"MAM\\\\VTC\\\\NOI_DUNG_SO\\\\TRUYEN_HAY\\\\2020\\\\08\\\\19\\\\CHIM_GOI_NGAY_DA_HOT_-_KIEU_DUY_KHANH_-_VTC_NOW_TRUYEN_HAY\\\\Thumbnail\\\\27082020103521\\\\103519_chimgoingaydahot.jpg\",\"Type\":\"Thumbnail\"},{\"Url\":\"MAM\\\\VTC\\\\NOI_DUNG_SO\\\\TRUYEN_HAY\\\\2020\\\\08\\\\19\\\\CHIM_GOI_NGAY_DA_HOT_-_KIEU_DUY_KHANH_-_VTC_NOW_TRUYEN_HAY\\\\Portrait\\\\19082020161636\\\\161635_Chimgoingaydahot480.jpg\",\"Type\":\"Portrait\"}]","Name":"Chim gọi ngày đã hót","Title":"Chim gọi ngày đã hót","Path":"https://vcv60b6khlvod.vcdn.cloud//MAM/VTC/NOI_DUNG_SO/TRUYEN_HAY/2020/08/19/CHIM_GOI_NGAY_DA_HOT_-_KIEU_DUY_KHANH_-_VTC_NOW_TRUYEN_HAY/110430_Chim_goi_ngay_da_hot_-_Kieu_Duy_Khanh_-_VTC_NOW_Truyen_hay.mp3","Schedule":"2021-09-04T20:00:00","Duration":"00:29:24","Metadata":[{"Name":"Title","Value":"Chim gọi ngày đã hót - Kiều Duy Khánh"},{"Name":"GenredDescription","Value":"Truyện ngắn"},{"Name":"Director","Value":"Kiều Duy Khánh"},{"Name":"ContentType","Value":"0"}]},{"PrivateID":"e2fc602e-9cc0-45b7-b86e-44da10c2a54e","Description":"Cuối cùng, quả bóng của Wheeler cũng bay đến chỗ Keller và họ có những câu chào đầu tiên.","Image":"[{\"Type\":\"Portrait\",\"Url\":\"MAM\\\\VTC\\\\NOI_DUNG_SO\\\\TRUYEN_HAY\\\\2021\\\\07\\\\14\\\\PHI_VU_CUOI_-_26-26_L_LAWRENCE_BLOCK_L_AUDIOBOOK_VTC_NOW\\\\Portrait\\\\14072021121548\\\\121547_phivucuoidoc.jpg\"},{\"Type\":\"Square\",\"Url\":\"MAM\\\\VTC\\\\NOI_DUNG_SO\\\\TRUYEN_HAY\\\\2021\\\\07\\\\14\\\\PHI_VU_CUOI_-_26-26_L_LAWRENCE_BLOCK_L_AUDIOBOOK_VTC_NOW\\\\Square\\\\14072021121546\\\\121545_phi_vu_cuoi__vuong.jpg\"},{\"Type\":\"Thumbnail\",\"Url\":\"MAM\\\\VTC\\\\NOI_DUNG_SO\\\\TRUYEN_HAY\\\\2021\\\\07\\\\14\\\\PHI_VU_CUOI_-_26-26_L_LAWRENCE_BLOCK_L_AUDIOBOOK_VTC_NOW\\\\Thumbnail\\\\14072021121524\\\\121523_phi_vu_cuoi_ngang.jpg\"}]","Name":"Phi vụ cuối ","Title":"Phi vụ cuối ","Path":"https://vcv60b6khlvod.vcdn.cloud//MAM/VTC/NOI_DUNG_SO/TRUYEN_HAY/2021/07/14/PHI_VU_CUOI_-_26-26_L_LAWRENCE_BLOCK_L_AUDIOBOOK_VTC_NOW/111132_Phi_vu_cuoi_-_26-26_l_Lawrence_Block_l_Audiobook_VTC_Now.mp3","Schedule":"2021-09-04T20:00:00","Duration":"00:30:59","Metadata":[{"Name":"Title","Value":"Phi vụ cuối "},{"Name":"GenredDescription","Value":"Trinh thám "},{"Name":"Episode","Value":"26"},{"Name":"TotalEpisode","Value":"26"},{"Name":"EndTimecode","Value":"9080ac5d-5570-44e4-b78e-eca82f6862c5"},{"Name":"Highlight","Value":"false"},{"Name":"Director","Value":"Lawrence Block"},{"Name":"ContentType","Value":"0"}]},{"PrivateID":"a3a559e6-c8a3-43a0-8dc8-fad341837308","Description":"Tác giả viết về những kỷ niệm, những cảm nhận vừa chân thực, vừa mộng tưởng của chính mình về quê hương, gia đình, người thầy và văn chương.","Image":"[{\"Type\":\"Portrait\",\"Url\":\"MAM\\\\VTC\\\\NOI_DUNG_SO\\\\TRUYEN_HAY\\\\2021\\\\08\\\\22\\\\NOI_NHO_VE_MOT_DONG_SONG_L_HA_MINH_DUC_L_AUDIOBOOK_VTC_NOW\\\\Portrait\\\\22082021164425\\\\164425_noinhovemotdongsongdoc.jpg\"},{\"Type\":\"Square\",\"Url\":\"MAM\\\\VTC\\\\NOI_DUNG_SO\\\\TRUYEN_HAY\\\\2021\\\\08\\\\22\\\\NOI_NHO_VE_MOT_DONG_SONG_L_HA_MINH_DUC_L_AUDIOBOOK_VTC_NOW\\\\Square\\\\22082021164422\\\\164422_noinhovemotdongsongvuong.jpg\"},{\"Type\":\"Thumbnail\",\"Url\":\"MAM\\\\VTC\\\\NOI_DUNG_SO\\\\TRUYEN_HAY\\\\2021\\\\08\\\\22\\\\NOI_NHO_VE_MOT_DONG_SONG_L_HA_MINH_DUC_L_AUDIOBOOK_VTC_NOW\\\\Thumbnail\\\\22082021164350\\\\164350_poster_4.jpg\"}]","Name":"Nỗi nhớ về một dòng sông ","Title":"Nỗi nhớ về một dòng sông ","Path":"https://vcv60b6khlvod.vcdn.cloud//MAM/VTC/NOI_DUNG_SO/TRUYEN_HAY/2021/08/22/NOI_NHO_VE_MOT_DONG_SONG_L_HA_MINH_DUC_L_AUDIOBOOK_VTC_NOW/164305_Noi_nho_ve_mot_dong_song_l_Ha_Minh_Duc_l_Audiobook_VTC_Now.mp3","Schedule":"2021-08-31T20:00:00","Duration":"00:16:51","Metadata":[{"Name":"Title","Value":"Nỗi nhớ về một dòng sông "},{"Name":"GenredDescription","Value":"Truyện ngắn "},{"Name":"Highlight","Value":"false"},{"Name":"Director","Value":"Hà Minh Đức "},{"Name":"ContentType","Value":"0"}]},{"PrivateID":"f3e5212d-7618-4358-80ae-6f90d9a4caad","Description":"Người đọc không những chỉ nhìn thấy người đi lại, nghe thấy âm thanh đủ sắc màu mà còn ngửi thấy mùi vị ở ngõ phố nghèo về đêm.","Image":"[{\"Type\":\"Portrait\",\"Url\":\"MAM\\\\VTC\\\\NOI_DUNG_SO\\\\TRUYEN_HAY\\\\2021\\\\05\\\\17\\\\NGUYEN_HONG_-_HANG_COM_DEM\\\\Portrait\\\\17052021152318\\\\152318_hang_com_dem_doc.jpg\"},{\"Type\":\"Square\",\"Url\":\"MAM\\\\VTC\\\\NOI_DUNG_SO\\\\TRUYEN_HAY\\\\2021\\\\05\\\\17\\\\NGUYEN_HONG_-_HANG_COM_DEM\\\\Square\\\\17052021152314\\\\152314_hang_com_dem_vuong.jpg\"},{\"Type\":\"Thumbnail\",\"Url\":\"MAM\\\\VTC\\\\NOI_DUNG_SO\\\\TRUYEN_HAY\\\\2021\\\\05\\\\17\\\\NGUYEN_HONG_-_HANG_COM_DEM\\\\Thumbnail\\\\17052021152207\\\\152207_Hang_com_dem_1280.jpg\"}]","Name":"Hàng cơm đêm ","Title":"Hàng cơm đêm ","Path":"https://vcv60b6khlvod.vcdn.cloud//MAM/VTC/NOI_DUNG_SO/TRUYEN_HAY/2021/05/17/NGUYEN_HONG_-_HANG_COM_DEM/150654_Nguyen_Hong_-_Hang_com_dem.mp3","Schedule":"2021-08-29T20:00:00","Duration":"00:25:20","Metadata":[{"Name":"Title","Value":"Hàng cơm đêm "},{"Name":"GenredDescription","Value":"Truyện ngắn "},{"Name":"Highlight","Value":"false"},{"Name":"Director","Value":"Nguyên Hồng "},{"Name":"ContentType","Value":"0"}]},{"PrivateID":"16ea6636-4db9-4022-86c1-bd4ead4fab83","Description":"Hân và người đàn ông đó đã có một tình yêu với những giây phút buổi trưa nằm dài đọc sách cho nhau nghe và những giấc ngủ trưa êm ả.","Image":"[{\"Type\":\"Portrait\",\"Url\":\"MAM\\\\VTC\\\\NOI_DUNG_SO\\\\TRUYEN_HAY\\\\2021\\\\08\\\\22\\\\XANH_-_NGU_TRUA_L_CHU_THUY_ANH_L_AUDIOBOOK_VTC_NOW\\\\Portrait\\\\22082021162111\\\\162112_Xanh_Ngu_trua_480.jpg\"},{\"Type\":\"Square\",\"Url\":\"MAM\\\\VTC\\\\NOI_DUNG_SO\\\\TRUYEN_HAY\\\\2021\\\\08\\\\22\\\\XANH_-_NGU_TRUA_L_CHU_THUY_ANH_L_AUDIOBOOK_VTC_NOW\\\\Square\\\\22082021162108\\\\162109_ngutrua_Vuong.jpg\"},{\"Type\":\"Thumbnail\",\"Url\":\"MAM\\\\VTC\\\\NOI_DUNG_SO\\\\TRUYEN_HAY\\\\2021\\\\08\\\\22\\\\XANH_-_NGU_TRUA_L_CHU_THUY_ANH_L_AUDIOBOOK_VTC_NOW\\\\Thumbnail\\\\22082021162026\\\\162026_Xanh_Ngu_trua_1280.jpg\"}]","Name":"Xanh - Ngủ trưa ","Title":"Xanh - Ngủ trưa ","Path":"https://vcv60b6khlvod.vcdn.cloud//MAM/VTC/NOI_DUNG_SO/TRUYEN_HAY/2021/08/22/XANH_-_NGU_TRUA_L_CHU_THUY_ANH_L_AUDIOBOOK_VTC_NOW/161907_Xanh_-_Ngu_trua_l_Chu_Thuy_Anh_l_Audiobook_VTC_Now.mp3","Schedule":"2021-08-27T20:00:00","Duration":"00:12:18","Metadata":[{"Name":"Title","Value":"Xanh - Ngủ trưa "},{"Name":"GenredDescription","Value":"Truyện ngắn "},{"Name":"Highlight","Value":"false"},{"Name":"Director","Value":"Chu Thùy Anh"},{"Name":"ContentType","Value":"0"}]},{"PrivateID":"8eff202c-69f7-4f40-89c8-2f5719aaff6e","Description":" Anh đã đem lòng yêu mến cô. Chuyện tình của họ chỉ như tình yêu đầu ngọn gió, nhẹ nhàng nhưng thoáng qua.","Image":"[{\"Type\":\"Portrait\",\"Url\":\"MAM\\\\VTC\\\\NOI_DUNG_SO\\\\TRUYEN_HAY\\\\2021\\\\08\\\\22\\\\TINH_YEU_DAU_NGON_GIO_L_HA_MINH_DUC_L_AUDIOBOOK_VTC_NOW\\\\Portrait\\\\22082021165029\\\\165029_tinhyeudaungongiodoc.jpg\"},{\"Type\":\"Square\",\"Url\":\"MAM\\\\VTC\\\\NOI_DUNG_SO\\\\TRUYEN_HAY\\\\2021\\\\08\\\\22\\\\TINH_YEU_DAU_NGON_GIO_L_HA_MINH_DUC_L_AUDIOBOOK_VTC_NOW\\\\Square\\\\22082021165025\\\\165025_tinhyeuvuong.jpg\"},{\"Type\":\"Thumbnail\",\"Url\":\"MAM\\\\VTC\\\\NOI_DUNG_SO\\\\TRUYEN_HAY\\\\2021\\\\08\\\\22\\\\TINH_YEU_DAU_NGON_GIO_L_HA_MINH_DUC_L_AUDIOBOOK_VTC_NOW\\\\Thumbnail\\\\22082021164956\\\\164956_poster_5.jpg\"}]","Name":"Tình yêu đầu ngọn gió","Title":"Tình yêu đầu ngọn gió","Path":"https://vcv60b6khlvod.vcdn.cloud//MAM/VTC/NOI_DUNG_SO/TRUYEN_HAY/2021/08/22/TINH_YEU_DAU_NGON_GIO_L_HA_MINH_DUC_L_AUDIOBOOK_VTC_NOW/164921_Tinh_yeu_dau_ngon_gio_l_Ha_Minh_Duc_l_Audiobook_VTC_Now.mp3","Schedule":"2021-08-25T20:00:00","Duration":"00:11:10","Metadata":[{"Name":"Title","Value":"Tình yêu đầu ngọn gió"},{"Name":"GenredDescription","Value":"Truyện ngắn"},{"Name":"Highlight","Value":"false"},{"Name":"Director","Value":"Hà Minh Đức "},{"Name":"ContentType","Value":"0"}]},{"PrivateID":"aa92c606-8fc1-4da8-8a8b-e2fc62111cd9","Description":"Va vì tình yêu với Sò mà bỏ nhà họ Sùng, đến sống ở nhà họ Giàng dẫu họ Giàng không chấp nhận Va làm con dâu. Thế nhưng cuối cùng, tình yêu của Sò không vĩnh cửu như Va hi vọng...","Image":"[{\"Type\":\"Portrait\",\"Url\":\"MAM\\\\VTC\\\\NOI_DUNG_SO\\\\TRUYEN_HAY\\\\2021\\\\07\\\\13\\\\NHUNG_DUA_GAI_L_CHU_THI_MINH_HUE_L_AUDIOBOOK_VTC_NOW\\\\Portrait\\\\13072021173409\\\\173409_nhung_dua_gai_doc.jpg\"},{\"Type\":\"Square\",\"Url\":\"MAM\\\\VTC\\\\NOI_DUNG_SO\\\\TRUYEN_HAY\\\\2021\\\\07\\\\13\\\\NHUNG_DUA_GAI_L_CHU_THI_MINH_HUE_L_AUDIOBOOK_VTC_NOW\\\\Square\\\\13072021173406\\\\173407_nhung_dua_gai_vuong.jpg\"},{\"Type\":\"Thumbnail\",\"Url\":\"MAM\\\\VTC\\\\NOI_DUNG_SO\\\\TRUYEN_HAY\\\\2021\\\\07\\\\13\\\\NHUNG_DUA_GAI_L_CHU_THI_MINH_HUE_L_AUDIOBOOK_VTC_NOW\\\\Thumbnail\\\\13072021173344\\\\173345_poster_1.jpg\"}]","Name":"Những đứa gái","Title":"Những đứa gái","Path":"https://vcv60b6khlvod.vcdn.cloud//MAM/VTC/NOI_DUNG_SO/TRUYEN_HAY/2021/07/13/NHUNG_DUA_GAI_L_CHU_THI_MINH_HUE_L_AUDIOBOOK_VTC_NOW/173321_Nhung_dua_gai_l_Chu_Thi_Minh_Hue_l_Audiobook_VTC_Now.mp3","Schedule":"2021-08-23T20:00:00","Duration":"00:19:30","Metadata":[{"Name":"Title","Value":"Những đứa gái"},{"Name":"GenredDescription","Value":"Truyện ngắn "},{"Name":"Highlight","Value":"false"},{"Name":"Director","Value":"Chu Thị Minh Huệ "},{"Name":"ContentType","Value":"0"}]},{"PrivateID":"fb1d7f1c-2a0a-41a5-8bca-9a59630a2b24","Description":"Có một bức tranh Qua treo ở phòng tranh nhiều năm nay mà chưa từng có khách nào hỏi mua. Qua cũng không định bán vì bức đó đặt chép cho riêng mình. ","Image":"[{\"Type\":\"Portrait\",\"Url\":\"MAM\\\\VTC\\\\NOI_DUNG_SO\\\\TRUYEN_HAY\\\\2021\\\\08\\\\22\\\\XANH_-_VE_NHA_L_CHU_THUY_ANH_L_AUDIOBOOK_VTC_NOW\\\\Portrait\\\\22082021162506\\\\162506_Xanh_ve_nha_480.jpg\"},{\"Type\":\"Square\",\"Url\":\"MAM\\\\VTC\\\\NOI_DUNG_SO\\\\TRUYEN_HAY\\\\2021\\\\08\\\\22\\\\XANH_-_VE_NHA_L_CHU_THUY_ANH_L_AUDIOBOOK_VTC_NOW\\\\Square\\\\22082021162504\\\\162504_Ve_nha_Vuong.jpg\"},{\"Type\":\"Thumbnail\",\"Url\":\"MAM\\\\VTC\\\\NOI_DUNG_SO\\\\TRUYEN_HAY\\\\2021\\\\08\\\\22\\\\XANH_-_VE_NHA_L_CHU_THUY_ANH_L_AUDIOBOOK_VTC_NOW\\\\Thumbnail\\\\22082021162420\\\\162420_Xanh_ve_nha_1280.jpg\"}]","Name":"Xanh - Về nhà","Title":"Xanh - Về nhà","Path":"https://vcv60b6khlvod.vcdn.cloud//MAM/VTC/NOI_DUNG_SO/TRUYEN_HAY/2021/08/22/XANH_-_VE_NHA_L_CHU_THUY_ANH_L_AUDIOBOOK_VTC_NOW/162235_Xanh_-_Ve_nha_l_Chu_Thuy_Anh_l_Audiobook_VTC_Now.mp3","Schedule":"2021-08-22T20:00:00","Duration":"00:16:22","Metadata":[{"Name":"Title","Value":"Xanh - Về nhà"},{"Name":"GenredDescription","Value":"Truyện ngắn "},{"Name":"Highlight","Value":"false"},{"Name":"Director","Value":"Chu Thùy Anh"},{"Name":"ContentType","Value":"0"}]},{"PrivateID":"aa348a38-7cdb-470c-afbf-3606ed2661d3","Description":"Diu chẳng tủi thân khi Thin ví mình là loài sẹ chứ không là thảo quả. Bởi Diu hiểu ngay từ ngày đầu gặp Thin, số phận mình đã là loài thay thế…","Image":"[{\"Type\":\"Portrait\",\"Url\":\"MAM\\\\VTC\\\\NOI_DUNG_SO\\\\TRUYEN_HAY\\\\2021\\\\07\\\\13\\\\SE_HOANG_L_CHU_THI_MINH_HUE_-_NOW_TRUYEN_HAY\\\\Portrait\\\\13072021172243\\\\172244_se_hoang_doc.jpg\"},{\"Type\":\"Square\",\"Url\":\"MAM\\\\VTC\\\\NOI_DUNG_SO\\\\TRUYEN_HAY\\\\2021\\\\07\\\\13\\\\SE_HOANG_L_CHU_THI_MINH_HUE_-_NOW_TRUYEN_HAY\\\\Square\\\\13072021172240\\\\172240_se_hoang_vuong.jpg\"},{\"Type\":\"Thumbnail\",\"Url\":\"MAM\\\\VTC\\\\NOI_DUNG_SO\\\\TRUYEN_HAY\\\\2021\\\\07\\\\13\\\\SE_HOANG_L_CHU_THI_MINH_HUE_-_NOW_TRUYEN_HAY\\\\Thumbnail\\\\13072021172216\\\\172216_poster.jpg\"}]","Name":"Sẹ hoang","Title":"Sẹ hoang","Path":"https://vcv60b6khlvod.vcdn.cloud//MAM/VTC/NOI_DUNG_SO/TRUYEN_HAY/2021/07/13/SE_HOANG_L_CHU_THI_MINH_HUE_-_NOW_TRUYEN_HAY/172152_Se_hoang_l_Chu_Thi_Minh_Hue_-_Now_Truyen_hay.mp3","Schedule":"2021-08-20T20:00:00","Duration":"00:24:39","Metadata":[{"Name":"Title","Value":"Sẹ hoang"},{"Name":"GenredDescription","Value":"Truyện ngắn "},{"Name":"Highlight","Value":"false"},{"Name":"Director","Value":"Chu Thị Minh Huệ"},{"Name":"ContentType","Value":"0"}]},{"PrivateID":"ca386a03-7871-47a3-948b-e76bc5a7e428","Description":"Câu chuyện tình buồn trong nỗi nhớ rừng già. Câu chuyện gắn với phong tục người Cao Lan, cuốn người đọc buồn theo.","Image":"[{\"Type\":\"Portrait\",\"Url\":\"MAM\\\\VTC\\\\NOI_DUNG_SO\\\\TRUYEN_HAY\\\\2021\\\\07\\\\30\\\\LA_LO_L_A_KIEU_-_NOW_TRUYEN_HAY\\\\Portrait\\\\30072021110134\\\\105900_la_lo480.jpg\"},{\"Type\":\"Square\",\"Url\":\"MAM\\\\VTC\\\\NOI_DUNG_SO\\\\TRUYEN_HAY\\\\2021\\\\07\\\\30\\\\LA_LO_L_A_KIEU_-_NOW_TRUYEN_HAY\\\\Square\\\\30072021110140\\\\105906_La_lo_VUong.jpg\"},{\"Type\":\"Thumbnail\",\"Url\":\"MAM\\\\VTC\\\\NOI_DUNG_SO\\\\TRUYEN_HAY\\\\2021\\\\07\\\\30\\\\LA_LO_L_A_KIEU_-_NOW_TRUYEN_HAY\\\\Thumbnail\\\\30072021102402\\\\102401_lalo.jpg\"}]","Name":"Lá lỗ ","Title":"Lá lỗ ","Path":"https://vcv60b6khlvod.vcdn.cloud//MAM/VTC/NOI_DUNG_SO/TRUYEN_HAY/2021/07/30/LA_LO_L_A_KIEU_-_NOW_TRUYEN_HAY/102246_La_lo_l_A_Kieu_-_Now_Truyen_hay.mp3","Schedule":"2021-08-18T20:00:00","Duration":"00:14:09","Metadata":[{"Name":"Title","Value":"Lá lỗ "},{"Name":"GenredDescription","Value":"Truyện ngắn "},{"Name":"Highlight","Value":"false"},{"Name":"Director","Value":"A Kiều "},{"Name":"ContentType","Value":"0"}]},{"PrivateID":"5fbdfca8-31e0-4956-bacd-e90a9169c525","Description":"Kỉ niệm khó quên trong lần tập bay đầu tiên của chú Sẻ con với bông hoa Bằng lăng đang mua nở rộ.","Image":"[{\"Type\":\"Portrait\",\"Url\":\"MAM\\\\VTC\\\\NOI_DUNG_SO\\\\TRUYEN_HAY\\\\2021\\\\05\\\\30\\\\VTC_-_CHU_SE_CON_VA_BONG_HOA_BANG_LANG_L_PHAM_HO_L_AUDIOBOOK_VTC_NOW\\\\Portrait\\\\30052021165616\\\\165617_Chuseconvabonghoabanglang.jpg\"},{\"Type\":\"Square\",\"Url\":\"MAM\\\\VTC\\\\NOI_DUNG_SO\\\\TRUYEN_HAY\\\\2021\\\\05\\\\30\\\\VTC_-_CHU_SE_CON_VA_BONG_HOA_BANG_LANG_L_PHAM_HO_L_AUDIOBOOK_VTC_NOW\\\\Square\\\\30052021165614\\\\165614_chu_se_con_vuong.jpg\"},{\"Type\":\"Thumbnail\",\"Url\":\"MAM\\\\VTC\\\\NOI_DUNG_SO\\\\TRUYEN_HAY\\\\2021\\\\05\\\\30\\\\VTC_-_CHU_SE_CON_VA_BONG_HOA_BANG_LANG_L_PHAM_HO_L_AUDIOBOOK_VTC_NOW\\\\Thumbnail\\\\30052021165552\\\\165552_poster.jpg\"}]","Name":" Chú sẻ con và bông hoa bằng lăng ","Title":" Chú sẻ con và bông hoa bằng lăng ","Path":"https://vcv60b6khlvod.vcdn.cloud//MAM/VTC/NOI_DUNG_SO/TRUYEN_HAY/2021/05/30/VTC_-_CHU_SE_CON_VA_BONG_HOA_BANG_LANG_L_PHAM_HO_L_AUDIOBOOK_VTC_NOW/152304_VTC_-_Chu_se_con_va_bong_hoa_bang_lang_l_Pham_Ho_l_Audiobook_VTC_Now.mp3","Schedule":"2021-08-17T16:56:00","Duration":"00:04:15","Metadata":[{"Name":"Title","Value":" Chú sẻ con và bông hoa bằng lăng "},{"Name":"GenredDescription","Value":"Thiếu nhi "},{"Name":"Highlight","Value":"false"},{"Name":"Director","Value":"Phạm Hổ "},{"Name":"ContentType","Value":"0"}]},{"PrivateID":"31597d65-95e2-4924-9882-03c0d014f940","Description":"Bạn có bao giờ tự hỏi loài ong đã sinh sống như thế nào? Bằng một lối văn miêu tả tỉ mỉ, sống động cây bút trẻ Võ Thị Hảo đã giúp truyện ngắn \"Hội ngộ\" nhân hóa chính xác thế giới của tàn nhẫn của loài ong.","Image":"[{\"Type\":\"Portrait\",\"Url\":\"MAM\\\\VTC\\\\NOI_DUNG_SO\\\\TRUYEN_HAY\\\\2021\\\\02\\\\24\\\\HOI_NGO_-_VO_THI_HAO_-_TRUYEN_NGAN_CHON_LOC_-_NOW_TRUYEN_HAY\\\\Portrait\\\\26022021110841\\\\110831_hoi_ngo_doc.jpg\"},{\"Type\":\"Square\",\"Url\":\"MAM\\\\VTC\\\\NOI_DUNG_SO\\\\TRUYEN_HAY\\\\2021\\\\02\\\\24\\\\HOI_NGO_-_VO_THI_HAO_-_TRUYEN_NGAN_CHON_LOC_-_NOW_TRUYEN_HAY\\\\Square\\\\26022021152437\\\\152437_hoingo_VUong.jpg\"},{\"Type\":\"Thumbnail\",\"Url\":\"MAM\\\\VTC\\\\NOI_DUNG_SO\\\\TRUYEN_HAY\\\\2021\\\\02\\\\24\\\\HOI_NGO_-_VO_THI_HAO_-_TRUYEN_NGAN_CHON_LOC_-_NOW_TRUYEN_HAY\\\\Thumbnail\\\\24022021175957\\\\175957_Hoi_ngo_Ngang.jpg\"}]","Name":"Hội ngộ","Title":"Hội ngộ","Path":"https://vcv60b6khlvod.vcdn.cloud//MAM/VTC/NOI_DUNG_SO/TRUYEN_HAY/2021/02/24/HOI_NGO_-_VO_THI_HAO_-_TRUYEN_NGAN_CHON_LOC_-_NOW_TRUYEN_HAY/172612_Hoi_ngo_-_Vo_Thi_Hao_-_Truyen_ngan_chon_loc_-_Now_Truyen_hay.mp3","Schedule":"2021-08-16T20:00:00","Duration":"00:23:18","Metadata":[{"Name":"Title","Value":"Hội ngộ"},{"Name":"GenredDescription","Value":"Truyện ngắn "},{"Name":"Director","Value":"Võ Thị Hảo"},{"Name":"ContentType","Value":"0"}]}]}