{"PrivateKey":"447732bd-60cb-4cf0-847c-6d2adc85a572","Name":"Nhà đẹp","Description":"Nhà đẹp","Color":"nha-dep","Style":"{}","Icon":"MAM\\VTC\\Image\\Playlist\\2021\\06\\26\\icon\\26062021115053\\115054_NHA_DEP.png","LayoutType":"{\"Type\":\"8\",\"SubType\":\"12\",\"Landscape\":{\"Height\":0,\"Width\":0},\"Portrait\":{\"Height\":0,\"Width\":0}}","CDN":"{\"Name\":\"VNG\",\"LiveDomain\":\"https://liveovp.tek4tv.vn/\",\"VideoDomain\":\"https://vcv60b6khlvod.vcdn.cloud/\",\"ImageDomain\":\"https://vcv60b6khlvod.vcdn.cloud/\",\"IsActive\":true}","OrderID":0,"Components":null,"Media":[{"PrivateID":"86b87265-7753-414e-b678-530655ab4930","Description":"\nNhà Đẹp tuần này sẽ đưa quý vị chiêm ngưỡng thiết kế siêu biệt thự triệu đô làm từ gỗ óc chó, dàn siêu xe hầm hố cùng những thú chơi xa hoa của giới thượng lưu.","Image":"[{\"Type\":\"Square\",\"Url\":\"MAM\\\\VTC\\\\DUNG_BO_LO\\\\2021\\\\09\\\\17\\\\NGHI_DUONG_HA_LONG\\\\Square\\\\17092021151352\\\\151351_09_VUONG_Chiem_nguong_sieu_biet_thu_trieu_do_lam_tu_go_oc_cho.jpg\"},{\"Type\":\"Thumbnail\",\"Url\":\"MAM\\\\VTC\\\\DUNG_BO_LO\\\\2021\\\\09\\\\17\\\\NGHI_DUONG_HA_LONG\\\\Thumbnail\\\\17092021151347\\\\151346_09_Chiem_nguong_sieu_biet_thu_trieu_do_lam_tu_go_oc_cho.png\"}]","Name":"Chiêm ngưỡng siêu biệt thự triệu đô làm từ gỗ óc chó","Title":"Chiêm ngưỡng siêu biệt thự triệu đô làm từ gỗ óc chó","Path":"https://vcv60b6khlvod.vcdn.cloud///mam/vtc/dung_bo_lo/2021/09/17/nghi_duong_ha_long/hls/master.m3u8","Schedule":"2021-09-11T20:00:00","Duration":"00:14:33","Metadata":[{"Name":"Title","Value":"Chiêm ngưỡng siêu biệt thự triệu đô làm từ gỗ óc chó"}]},{"PrivateID":"92a30968-6cdc-488e-bfee-6328adc60e99","Description":"Nhà Đẹp tuần này sẽ cùng bạn trải nghiệm siêu biệt thự hơn 600m2, không gian của căn biệt thự mang phong cách đồng quê (country style) rất ấn tượng.","Image":"[{\"Type\":\"Square\",\"Url\":\"MAM\\\\VTC\\\\DUNG_BO_LO\\\\2021\\\\09\\\\17\\\\BIET_THU_COUTRYSIDE\\\\Square\\\\17092021145955\\\\145954_08_VUONG_An_tuong_biet_thu_phong_cach_Country_Style_co_dac_biet_nhu_loi_don.jpg\"},{\"Type\":\"Thumbnail\",\"Url\":\"MAM\\\\VTC\\\\DUNG_BO_LO\\\\2021\\\\09\\\\17\\\\BIET_THU_COUTRYSIDE\\\\Thumbnail\\\\17092021145933\\\\145932_08_An_tuong_biet_thu_phong_cach_Country_Style_co_dac_biet_nhu_loi_don.png\"}]","Name":"Ấn tượng biệt thự phong cách country style","Title":"Ấn tượng biệt thự phong cách country style","Path":"https://vcv60b6khlvod.vcdn.cloud///mam/vtc/dung_bo_lo/2021/09/17/biet_thu_coutryside/hls/master.m3u8","Schedule":"2021-09-04T20:00:00","Duration":"00:21:32","Metadata":[{"Name":"Title","Value":"Ấn tượng biệt thự phong cách Country Style"}]},{"PrivateID":"8b9afad1-88f0-4e86-bd74-7fdbcd3bc12d","Description":"Nhà Đẹp tuần này sẽ giới thiệu tới quý vị khán giả một căn biệt thự ở hà Thành, được xây dựng trên diện tích gần 600 m2 với nhiều thiết kế cầu kỳ nhưng vô cùng thông minh, hữu ích.\n","Image":"[{\"Type\":\"Square\",\"Url\":\"MAM\\\\VTC\\\\DUNG_BO_LO\\\\2021\\\\09\\\\17\\\\BIET_THU_THONG_MINH\\\\Square\\\\17092021150836\\\\150835_07_VUONG_Trai_nghiem_biet_thu_thong_minh_bac_nhat_Ha_Thanh.jpg\"},{\"Type\":\"Thumbnail\",\"Url\":\"MAM\\\\VTC\\\\DUNG_BO_LO\\\\2021\\\\09\\\\17\\\\BIET_THU_THONG_MINH\\\\Thumbnail\\\\17092021150832\\\\150831_07_Trai_nghiem_biet_thu_thong_minh_bac_nhat_Ha_Thanh.png\"}]","Name":"Trải nghiệm biệt thự thông minh bậc nhất Hà Thành","Title":"Trải nghiệm biệt thự thông minh bậc nhất Hà Thành","Path":"https://vcv60b6khlvod.vcdn.cloud///mam/vtc/dung_bo_lo/2021/09/17/biet_thu_thong_minh/hls/master.m3u8","Schedule":"2021-08-28T20:00:00","Duration":"00:26:23","Metadata":[{"Name":"Title","Value":"Trải nghiệm biệt thự thông minh bậc nhất Hà Thành"}]},{"PrivateID":"5a5fe242-cc2b-403c-9dfb-11c871f8433a","Description":"Trong số Nhà đẹp hôm nay, VTC Now giới thiệu căn biệt thự nằm bên bờ biển, nhìn ra vịnh Hạ Long có diện tích 300m2 với 4 tầng được thiết kế theo phong cách tân đặc biệt. ","Image":"[{\"Type\":\"Square\",\"Url\":\"MAM\\\\VTC\\\\DUNG_BO_LO\\\\2021\\\\09\\\\17\\\\NGHI_DUONG_HA_LONG\\\\Square\\\\17092021153130\\\\153129_vuong_kham_pha_biet_thu_nghi_duong_tai_ha_long.jpg\"},{\"Type\":\"Thumbnail\",\"Url\":\"MAM\\\\VTC\\\\DUNG_BO_LO\\\\2021\\\\09\\\\17\\\\NGHI_DUONG_HA_LONG\\\\Thumbnail\\\\17092021153126\\\\153125_kham_pha_biet_thu_nghi_duong_Ha_Long.jpg\"}]","Name":"Có gì trong căn biệt thự nghỉ dưỡng xa hoa bên vịnh Hạ Long?","Title":"Có gì trong căn biệt thự nghỉ dưỡng xa hoa bên vịnh Hạ Long?","Path":"https://vcv60b6khlvod.vcdn.cloud//MAM/VTC/DUNG_BO_LO/2021/09/17/NGHI_DUONG_HA_LONG/152725_nghi_duong_ha_long.mp4","Schedule":"2021-08-21T20:00:00","Duration":"00:14:33","Metadata":[{"Name":"Title","Value":"Có gì trong căn biệt thự nghỉ dưỡng xa hoa bên vịnh Hạ Long?"}]},{"PrivateID":"dc016729-7496-48b2-ae7d-547eb230404d","Description":"Với diện tích xây dựng 300m2, ngôi biệt thự 4 tầng chúng tôi giới thiệu trong số này có một đặc điểm độc nhất vô nhị là tất cả tường, trần, vách được ốp bằng gỗ đỏ Châu Phi quý hiếm","Image":"[{\"Type\":\"Square\",\"Url\":\"MAM\\\\VTC\\\\DUNG_BO_LO\\\\2021\\\\09\\\\17\\\\BIET_THU_RAT_VANG\\\\Square\\\\17092021151132\\\\151131_02_Lac_loi_trong_toa_lau_dai_gia_tri_hang_nghin_ty_dong.jpg\"},{\"Type\":\"Thumbnail\",\"Url\":\"MAM\\\\VTC\\\\DUNG_BO_LO\\\\2021\\\\09\\\\17\\\\BIET_THU_RAT_VANG\\\\Thumbnail\\\\17092021151124\\\\151123_02_Lac_loi_trong_toa_lau_dai_gia_tri_hang_nghin_ty_dong1.jpg\"}]","Name":"Choáng ngợp trong ngôi biệt thự gỗ đỏ Châu Phi độc nhất VN","Title":"Choáng ngợp trong ngôi biệt thự gỗ đỏ Châu Phi độc nhất VN","Path":"https://vcv60b6khlvod.vcdn.cloud///mam/vtc/dung_bo_lo/2021/09/17/biet_thu_rat_vang/hls/master.m3u8","Schedule":"2021-08-14T20:00:00","Duration":"00:18:45","Metadata":[{"Name":"Title","Value":"Choáng ngợp trong ngôi biệt thự gỗ đỏ Châu Phi độc nhất VN"}]},{"PrivateID":"689e55ea-ce71-44e9-831b-ee7aac3f6a1f","Description":"Nằm ngay cạnh sân goft Tam Đảo, căn biệt thự rộng gần 2.500m2 với đầy đủ tiện ích như sân chơi, bể bơi ... sẽ là địa điểm dừng chân của Nhà đẹp trong số tuần này.\n","Image":"[{\"Type\":\"Square\",\"Url\":\"MAM\\\\VTC\\\\DUNG_BO_LO\\\\2021\\\\09\\\\17\\\\BIET_THU_TAM_DAO\\\\Square\\\\17092021151506\\\\151505_03_VUONG_Trai_nghiem_thu_vi_thiet_ke_biet_thu_tai_Tam_Dao.jpg\"},{\"Type\":\"Thumbnail\",\"Url\":\"MAM\\\\VTC\\\\DUNG_BO_LO\\\\2021\\\\09\\\\17\\\\BIET_THU_TAM_DAO\\\\Thumbnail\\\\17092021151501\\\\151500_03_Trai_nghiem_thu_vi_thiet_ke_biet_thu_tai_Tam_Dao.jpg\"}]","Name":"Trải nghiệm thú vị thiết kế biệt thự tại Tam Đảo","Title":"Trải nghiệm thú vị thiết kế biệt thự tại Tam Đảo","Path":"https://vcv60b6khlvod.vcdn.cloud///mam/vtc/dung_bo_lo/2021/09/17/biet_thu_tam_dao/hls/master.m3u8","Schedule":"2021-08-07T20:00:00","Duration":"00:15:51","Metadata":[{"Name":"Title","Value":"Trải nghiệm thú vị thiết kế biệt thự tại Tam Đảo"}]},{"PrivateID":"6a841f9a-1bc2-459c-a2f7-3dd456835bc4","Description":"Nhà Đẹp tuần này sẽ đưa quý vị chiêm ngưỡng tòa lâu đài hơn 1.000 m2 với kiến trúc vô cùng độc đáo cùng MC Hoàng Đức và Trần Minh.\n","Image":"[{\"Type\":\"Square\",\"Url\":\"MAM\\\\VTC\\\\DUNG_BO_LO\\\\2021\\\\09\\\\17\\\\LAU_DAI_NGHIN_DO\\\\Square\\\\17092021151756\\\\151755_vuong_lau_dai_rat_vang.jpg\"},{\"Type\":\"Thumbnail\",\"Url\":\"MAM\\\\VTC\\\\DUNG_BO_LO\\\\2021\\\\09\\\\17\\\\LAU_DAI_NGHIN_DO\\\\Thumbnail\\\\17092021151752\\\\151750_lau_dai_rat_vang.jpg\"}]","Name":"Lạc lối trong tòa lâu đài giá trị hàng nghìn tỷ đồng","Title":"Lạc lối trong tòa lâu đài giá trị hàng nghìn tỷ đồng","Path":"https://vcv60b6khlvod.vcdn.cloud///mam/vtc/dung_bo_lo/2021/09/17/lau_dai_nghin_do/hls/master.m3u8","Schedule":"2021-07-31T20:00:00","Duration":"00:23:00","Metadata":[{"Name":"Title","Value":"Lạc lối trong tòa lâu đài giá trị hàng nghìn tỷ đồng"}]},{"PrivateID":"81c164b0-b358-4607-a32b-ea783a8d7fa3","Description":"Không chỉ được thưởng thức kiến trúc đặc biệt có 1-0-2 của lâu đài, chương trình còn đem tới trải nghiệm thực tế các hoạt động nuôi cá, bắt gà, trồng rau tại dinh thự này.\n","Image":"[{\"Type\":\"Square\",\"Url\":\"MAM\\\\VTC\\\\DUNG_BO_LO\\\\2021\\\\09\\\\17\\\\KHAM_PHA_LAU_DAI_DAT_VANG_CO_1-0-2_VUNG_THON_DA\\\\Square\\\\17092021151556\\\\151555_01_VUONG_Kham_pha_lau_dai_rat_vang_o_vung_thon_da_chi_co_tai_Viet_Nam.jpg\"},{\"Type\":\"Thumbnail\",\"Url\":\"MAM\\\\VTC\\\\DUNG_BO_LO\\\\2021\\\\09\\\\17\\\\KHAM_PHA_LAU_DAI_DAT_VANG_CO_1-0-2_VUNG_THON_DA\\\\Thumbnail\\\\17092021151553\\\\151552_01_Kham_pha_lau_dai_rat_vang_o_vung_thon_da_chi_co_tai_Viet_Nam.jpg\"}]","Name":"Khám phá lâu đài dát vàng có 1-0-2 ở vùng thôn dã","Title":"Khám phá lâu đài dát vàng có 1-0-2 ở vùng thôn dã","Path":"https://vcv60b6khlvod.vcdn.cloud///mam/vtc/dung_bo_lo/2021/09/17/kham_pha_lau_dai_dat_vang_co_1-0-2_vung_thon_da/hls/master.m3u8","Schedule":"2021-07-24T20:00:00","Duration":"00:17:51","Metadata":[{"Name":"Title","Value":"Khám phá lâu đài dát vàng có 1-0-2 ở vùng thôn dã"}]}]}