{"PrivateKey":"887629d7-799b-4fc3-8c94-0f383bf4a5cb","Name":"Đừng bỏ lỡ","Description":"Đừng bỏ lỡ","Color":"tin-moi/dung-bo-lo","Style":"{}","Icon":"","LayoutType":"{\"Type\":\"2\",\"SubType\":\"2\",\"Landscape\":{\"Height\":0,\"Width\":0},\"Portrait\":{\"Height\":0,\"Width\":0}}","CDN":"{\"Name\":\"VNG\",\"LiveDomain\":\"https://liveovp.tek4tv.vn/\",\"VideoDomain\":\"https://vcv60b6khlvod.vcdn.cloud/\",\"ImageDomain\":\"https://vcv60b6khlvod.vcdn.cloud/\",\"IsActive\":true}","OrderID":1,"Components":null,"Media":[{"PrivateID":"de14832d-be71-4319-b898-e86e3c3ad238","Description":"Viên Soái là người thầm yêu Giang Quân từ thời thanh xuân nhưng không dám thổ lộ tình cảm. Đến khi Giang Quân có người yêu, anh lại tìm cách phá hoại, đoạt lại người mình yêu. Liệu sau những hiểu lầm, cả hai có thể đến với nhau không?","Image":"[{\"Type\":\"Square\",\"Url\":\"Mam\\\\VTC\\\\DUNG_BO_LO\\\\2021\\\\09\\\\15\\\\NUA_LA_DUONG_MAT__NUA_LA_DAU_THUONG___TAP_37\\\\Square\\\\15092021233742\\\\233742_NUA_DUONG_MAT__VUONG.jpg\"},{\"Type\":\"Thumbnail\",\"Url\":\"Mam\\\\VTC\\\\DUNG_BO_LO\\\\2021\\\\09\\\\15\\\\NUA_LA_DUONG_MAT__NUA_LA_DAU_THUONG___TAP_37\\\\Thumbnail\\\\15092021233735\\\\233736_NUA_DUONG_MAT__NGANG.jpg\"}]","Name":"Nửa là đường mật, nửa là đau thương - Tập 37","Title":"Nửa là đường mật, nửa là đau thương - Tập 37","Path":"https://vcv60b6khlvod.vcdn.cloud//","Schedule":"2021-09-17T20:10:00","Duration":"","Metadata":[{"Name":"Title","Value":"Nửa là đường mật, nửa là đau thương - Tập 37"},{"Name":"EndTimecode","Value":"69e1061b-ab0b-4738-be47-112dd0938941"},{"Name":"Highlight","Value":"false"},{"Name":"ContentType","Value":"0"},{"Name":"FileCode","Value":"https://vtc130121.cdn.vnns.io/VTC1_abr/playlist.m3u8"},{"Name":"Duration","Value":"35"}]},{"PrivateID":"f150495e-aa79-449e-bcdd-ea538927c195","Description":"Sống kết nối phát sóng 20h45 ngày 17/9/2021 trên kênh VTC1.","Image":"[{\"Type\":\"Square\",\"Url\":\"Mam\\\\VTC\\\\DUNG_BO_LO\\\\2021\\\\09\\\\15\\\\SONG_KET_NOI___17_9_2021\\\\Square\\\\15092021233137\\\\233140_SONG_KET_NOI__VUONG.jpg\"},{\"Type\":\"Thumbnail\",\"Url\":\"Mam\\\\VTC\\\\DUNG_BO_LO\\\\2021\\\\09\\\\15\\\\SONG_KET_NOI___17_9_2021\\\\Thumbnail\\\\15092021232833\\\\232850_SONG_KET_NOI__NGANG.jpg\"}]","Name":"Sống kết nối - 17/9/2021","Title":"Sống kết nối - 17/9/2021","Path":"https://vcv60b6khlvod.vcdn.cloud//","Schedule":"2021-09-17T20:45:00","Duration":"","Metadata":[{"Name":"Title","Value":"Sống kết nối - 17/9/2021"},{"Name":"EndTimecode","Value":"dfbe3e44-2dda-418c-870f-92a1636b7e56"},{"Name":"Highlight","Value":"false"},{"Name":"ContentType","Value":"0"},{"Name":"FileCode","Value":"https://vtc130121.cdn.vnns.io/VTC1_abr/playlist.m3u8"},{"Name":"Duration","Value":"15"}]},{"PrivateID":"c0692362-08a8-47fb-9524-876d9e0c1ce7","Description":"Số phận và giận dữ là bức tranh sinh động, nhiều mầu sắc về cuộc hôn nhân được nhìn từ hai phía - hai quan điểm khác nhau: Phía người chồng và phía người vợ.","Image":"[{\"Type\":\"Square\",\"Url\":\"Mam\\\\VTC\\\\DUNG_BO_LO\\\\2021\\\\09\\\\15\\\\SO_PHAN_VA_GIAN_DU___TAP_4\\\\Square\\\\15092021231621\\\\231625_SO_PHAN__VA_GIAN_DU__VUONG_ok.jpg\"},{\"Type\":\"Thumbnail\",\"Url\":\"Mam\\\\VTC\\\\DUNG_BO_LO\\\\2021\\\\09\\\\15\\\\SO_PHAN_VA_GIAN_DU___TAP_4\\\\Thumbnail\\\\15092021231516\\\\231534_SO_PHAN_VA_GIAN_DU__NGANG.jpg\"}]","Name":"Số phận và giận dữ - Tập 4","Title":"Số phận và giận dữ - Tập 4","Path":"https://vcv60b6khlvod.vcdn.cloud//","Schedule":"2021-09-17T21:00:00","Duration":"","Metadata":[{"Name":"Title","Value":"Số phận và giận dữ - Tập 4"},{"Name":"EndTimecode","Value":"d260f27c-3f47-4128-814e-970bc642a2d7"},{"Name":"Highlight","Value":"false"},{"Name":"ContentType","Value":"0"},{"Name":"FileCode","Value":"https://vtc130121.cdn.vnns.io/VTC1_abr/playlist.m3u8"},{"Name":"Duration","Value":"55"}]},{"PrivateID":"c5239bf8-edbf-47a9-85d5-4deb36dacd6d","Description":"Lời nguyền cổ giáng xuống gia tộc Ratangad khiến tất cả đàn ông trong gia đình đều chết trước tuổi 30. Veer trở thành một trong những nạn nhân của lời nguyền đó khi anh chính là cậu con trai út của gia đình để thay thế người cai trị lên ngôi vua.","Image":"[{\"Type\":\"Square\",\"Url\":\"Mam\\\\VTC\\\\DUNG_BO_LO\\\\2021\\\\09\\\\15\\\\LOI_NGUYEN_GIA_TOC___TAP_5\\\\Square\\\\15092021231832\\\\231833_LOI_NGUYEN_GIA_TOC__VUONG.jpg\"},{\"Type\":\"Thumbnail\",\"Url\":\"Mam\\\\VTC\\\\DUNG_BO_LO\\\\2021\\\\09\\\\15\\\\LOI_NGUYEN_GIA_TOC___TAP_5\\\\Thumbnail\\\\15092021231821\\\\231823_LOI_NGUYEN_GIA_TOC__NGANG.jpg\"}]","Name":"Lời nguyền gia tộc - Tập 5","Title":"Lời nguyền gia tộc - Tập 5","Path":"https://vcv60b6khlvod.vcdn.cloud//","Schedule":"2021-09-17T21:00:00","Duration":"","Metadata":[{"Name":"Title","Value":"Lời nguyền gia tộc - Tập 5"},{"Name":"EndTimecode","Value":"70925a1d-b32e-4fdc-8d29-2396b9052b5c"},{"Name":"Highlight","Value":"false"},{"Name":"ContentType","Value":"0"},{"Name":"FileCode","Value":"https://vtc130121.cdn.vnns.io/VTC7/playlist.m3u8"},{"Name":"Duration","Value":"55"}]},{"PrivateID":"bbac455f-836a-4456-8b79-ceb8d33ec2a0","Description":"Bản tin 22+2 phát sóng 22h00 ngày 17/9/2021 trên kênh VTC1.","Image":"[{\"Type\":\"Square\",\"Url\":\"Mam\\\\VTC\\\\DUNG_BO_LO\\\\2021\\\\09\\\\15\\\\BAN_TIN_222_NGAY_17_9_2021\\\\Square\\\\15092021231021\\\\231025_22__VUONG.jpg\"},{\"Type\":\"Thumbnail\",\"Url\":\"Mam\\\\VTC\\\\DUNG_BO_LO\\\\2021\\\\09\\\\15\\\\BAN_TIN_222_NGAY_17_9_2021\\\\Thumbnail\\\\15092021231015\\\\231016_22__NGANG.jpg\"}]","Name":"Bản tin 22+2 ngày 17/9/2021","Title":"Bản tin 22+2 ngày 17/9/2021","Path":"https://vcv60b6khlvod.vcdn.cloud//","Schedule":"2021-09-17T22:00:00","Duration":"","Metadata":[{"Name":"Title","Value":"Bản tin 22+2 ngày 17/9/2021"},{"Name":"EndTimecode","Value":"ee619193-be36-41b0-9fcf-a74ff93235a0"},{"Name":"Highlight","Value":"false"},{"Name":"ContentType","Value":"0"},{"Name":"FileCode","Value":"https://vtc130121.cdn.vnns.io/VTC1_abr/playlist.m3u8"},{"Name":"Duration","Value":"15"}]},{"PrivateID":"bd57c8ae-0761-4540-8650-92d1f9ce1697","Description":"Cuộc sống 24h phát sóng 06h05 ngày 18/9/2021 trên kênh VTC14.","Image":"[{\"Type\":\"Square\",\"Url\":\"Mam\\\\VTC\\\\DUNG_BO_LO\\\\2021\\\\09\\\\16\\\\CUOC_SONG_24H___18_9_2021\\\\Square\\\\16092021224828\\\\224837_CUOC_SONG_24H__VUONG.jpg\"},{\"Type\":\"Thumbnail\",\"Url\":\"Mam\\\\VTC\\\\DUNG_BO_LO\\\\2021\\\\09\\\\16\\\\CUOC_SONG_24H___18_9_2021\\\\Thumbnail\\\\16092021224816\\\\224821_CUOC_SONG_24H__NGANG.jpg\"}]","Name":"Cuộc sống 24h - 18/9/2021","Title":"Cuộc sống 24h - 18/9/2021","Path":"https://vcv60b6khlvod.vcdn.cloud//","Schedule":"2021-09-18T06:05:00","Duration":"","Metadata":[{"Name":"Title","Value":"Cuộc sống 24h - 18/9/2021"},{"Name":"EndTimecode","Value":"336b4260-49f4-4307-a9d4-ff6af6cee177"},{"Name":"Highlight","Value":"false"},{"Name":"ContentType","Value":"0"},{"Name":"FileCode","Value":"https://vtc130121.cdn.vnns.io/VTC14_abr/playlist.m3u8"},{"Name":"Duration","Value":"55"}]},{"PrivateID":"8409f1cf-1aca-483e-a4d5-9e58b3b5ecb4","Description":"Cafe ngày mới phát sóng 06h30 ngày 18/9/2021 trên kênh VTC9.","Image":"[{\"Type\":\"Square\",\"Url\":\"Mam\\\\VTC\\\\DUNG_BO_LO\\\\2021\\\\09\\\\16\\\\CAFE_NGAY_MOI___18_9_2021\\\\Square\\\\16092021225354\\\\225357_CA_PHE_NGAY_MOI__VUONG.jpg\"},{\"Type\":\"Thumbnail\",\"Url\":\"Mam\\\\VTC\\\\DUNG_BO_LO\\\\2021\\\\09\\\\16\\\\CAFE_NGAY_MOI___18_9_2021\\\\Thumbnail\\\\16092021225342\\\\225343_CA_PHE_NGAY_MOI__NGANG.jpg\"}]","Name":"Cafe ngày mới - 18/9/2021","Title":"Cafe ngày mới - 18/9/2021","Path":"https://vcv60b6khlvod.vcdn.cloud//","Schedule":"2021-09-18T06:30:00","Duration":"","Metadata":[{"Name":"Title","Value":"Cafe ngày mới - 18/9/2021"},{"Name":"EndTimecode","Value":"8c081e86-beb2-413d-84bc-a3be2e5ecbe3"},{"Name":"Highlight","Value":"false"},{"Name":"ContentType","Value":"0"},{"Name":"FileCode","Value":"https://vtc130121.cdn.vnns.io/VTC9_abr/playlist.m3u8"},{"Name":"Duration","Value":"90"}]},{"PrivateID":"d29c1a90-4a39-4c35-aff2-9c6a08f136f0","Description":"“Trò chơi tình ái” phải chăng chỉ đơn giản là phép thử đắng cay mà những cặp đôi dành cho nhau, không chỉ để lấp đầy và xua tan cảm giác nhạt nhẽo, mà cũng để bộc lộ từng chút một những thứ thuộc về bản chất, cái mà người ta luôn che giấu, không chỉ tốt đẹp mà còn xấu xa vô cùng trong mỗi người…","Image":"[{\"Type\":\"Square\",\"Url\":\"Mam\\\\VTC\\\\DUNG_BO_LO\\\\2021\\\\09\\\\16\\\\TRO_CHOI_TINH_AI___TAP_25\\\\Square\\\\16092021230322\\\\230326_TRO_CHOI_TINH_AI__VUONG.jpg\"},{\"Type\":\"Thumbnail\",\"Url\":\"Mam\\\\VTC\\\\DUNG_BO_LO\\\\2021\\\\09\\\\16\\\\TRO_CHOI_TINH_AI___TAP_25\\\\Thumbnail\\\\16092021230315\\\\230315_TRO_CHOI_TINH_AI__NGANG.jpg\"}]","Name":"Trò chơi tình ái - Tập 25","Title":"Trò chơi tình ái - Tập 25","Path":"https://vcv60b6khlvod.vcdn.cloud//","Schedule":"2021-09-18T08:00:00","Duration":"","Metadata":[{"Name":"Title","Value":"Trò chơi tình ái - Tập 25"},{"Name":"EndTimecode","Value":"cc092111-a56f-448b-83ce-6fbd1b84ee79"},{"Name":"Highlight","Value":"false"},{"Name":"ContentType","Value":"0"},{"Name":"FileCode","Value":"https://vtc130121.cdn.vnns.io/VTC7/playlist.m3u8"},{"Name":"Duration","Value":"60"}]},{"PrivateID":"0c3dfd17-ef65-44c9-9abc-64f3d6e3a3d2","Description":"Những thông tin về diễn biến dịch bệnh Covid-19 ở Việt Nam và thế giới; cách thức ứng phó, phòng tránh; những thông tin chỉ đạo của ban, ngành... sẽ được cập nhật nhanh nhất trong bản tin \"Nhật ký chống dịch Covid-19\" sáng 18/9.","Image":"[{\"Type\":\"Square\",\"Url\":\"Mam\\\\VTC\\\\DUNG_BO_LO\\\\2021\\\\09\\\\16\\\\NHAT_KY_CHONG_DICH_COVID_19_SANG_18_9\\\\Square\\\\16092021230807\\\\230811_NHAT_KY_CHONG_DICH__VUONG.jpg\"},{\"Type\":\"Thumbnail\",\"Url\":\"Mam\\\\VTC\\\\DUNG_BO_LO\\\\2021\\\\09\\\\16\\\\NHAT_KY_CHONG_DICH_COVID_19_SANG_18_9\\\\Thumbnail\\\\16092021230755\\\\230759_NHAT_KY_CHONG_DICH__NGANG.jpg\"}]","Name":"Nhật ký chống dịch Covid-19 sáng 18/9","Title":"Nhật ký chống dịch Covid-19 sáng 18/9","Path":"https://vcv60b6khlvod.vcdn.cloud//","Schedule":"2021-09-18T09:00:00","Duration":"","Metadata":[{"Name":"Title","Value":"Nhật ký chống dịch Covid-19 sáng 18/9"},{"Name":"EndTimecode","Value":"b3ad27c7-bcb6-4045-a1ee-e585268b1791"},{"Name":"Highlight","Value":"false"},{"Name":"ContentType","Value":"0"},{"Name":"FileCode","Value":"https://vtc130121.cdn.vnns.io/VTC1_abr/playlist.m3u8"},{"Name":"Duration","Value":"10"}]},{"PrivateID":"2041ad1a-6f92-4b8f-8137-488a255ea751","Description":"“Vú em bất đắc dĩ” hấp dẫn bởi sự kết hợp mới mẻ của hàng loạt ngôi sao đình đám như: Lý Thần, Trần Hách, Điền Lôi… và màn tung hứng hết sức ăn ý của ba ông bố bất đắc dĩ này.","Image":"[{\"Type\":\"Square\",\"Url\":\"Mam\\\\VTC\\\\DUNG_BO_LO\\\\2021\\\\09\\\\16\\\\VU_EM_BAT_DAC_DI___TAP_12\\\\Square\\\\16092021231318\\\\231319_VU_EM_BAT_DAC_DI__VUONG.jpg\"},{\"Type\":\"Thumbnail\",\"Url\":\"Mam\\\\VTC\\\\DUNG_BO_LO\\\\2021\\\\09\\\\16\\\\VU_EM_BAT_DAC_DI___TAP_12\\\\Thumbnail\\\\16092021231215\\\\231220_VU_EM_BAT_DAC_DI__NGANG.jpg\"}]","Name":"Vú em bất đắc dĩ - Tập 12","Title":"Vú em bất đắc dĩ - Tập 12","Path":"https://vcv60b6khlvod.vcdn.cloud//","Schedule":"2021-09-18T09:00:00","Duration":"","Metadata":[{"Name":"Title","Value":"Vú em bất đắc dĩ - Tập 12"},{"Name":"EndTimecode","Value":"93c541fe-74d8-4b65-8bb0-ef74734d4e15"},{"Name":"Highlight","Value":"false"},{"Name":"ContentType","Value":"0"},{"Name":"FileCode","Value":"https://vtc130121.cdn.vnns.io/VTC7/playlist.m3u8"},{"Name":"Duration","Value":"60"}]},{"PrivateID":"f7b751bf-4d0d-48a3-93c2-de7eb34019dd","Description":"Chương trình Góc nhìn - Tăng thêm sức mạnh chống tham nhũng phát sóng 9h10 ngày 18/9/2021 trên kênh VTC1.","Image":"[{\"Type\":\"Square\",\"Url\":\"Mam\\\\VTC\\\\DUNG_BO_LO\\\\2021\\\\09\\\\16\\\\GOC_NHIN___18_9_2021\\\\Square\\\\16092021232015\\\\232023_GOC_NHIN__VUONG.jpg\"},{\"Type\":\"Thumbnail\",\"Url\":\"Mam\\\\VTC\\\\DUNG_BO_LO\\\\2021\\\\09\\\\16\\\\GOC_NHIN___18_9_2021\\\\Thumbnail\\\\16092021231917\\\\231932_GOC_NHIN__NGANG.jpg\"}]","Name":"Góc nhìn - 18/9/2021","Title":"Góc nhìn - 18/9/2021","Path":"https://vcv60b6khlvod.vcdn.cloud//","Schedule":"2021-09-18T09:10:00","Duration":"","Metadata":[{"Name":"Title","Value":"Góc nhìn - 18/9/2021"},{"Name":"EndTimecode","Value":"156976eb-4f6e-4c43-ac6e-611b35f4a88a"},{"Name":"Highlight","Value":"false"},{"Name":"ContentType","Value":"0"},{"Name":"FileCode","Value":"https://vtc130121.cdn.vnns.io/VTC1_abr/playlist.m3u8"},{"Name":"Duration","Value":"30"}]},{"PrivateID":"b5e2c94e-acbd-418e-9a38-da2bfac49483","Description":"Bạch Xà kiếp trước chính là mỹ nhân Tây Thi vì đã khiến Phù Sai mất nước nên đã bị hóa thành rắn, phải tu luyện ngàn năm mới trở thành tiên nữ. Muốn thành công, cô phải tích cực làm điều tốt trong đó có việc giúp Hứa Tiên thành danh dù anh là người rất lười biếng.","Image":"[{\"Type\":\"Square\",\"Url\":\"Mam\\\\VTC\\\\DUNG_BO_LO\\\\2021\\\\09\\\\16\\\\TRUYEN_THUYET_BACH_XA___TAP_24\\\\Square\\\\16092021232329\\\\232403_TRUYEN_THUYET_BACH_XA__VUONG.jpg\"},{\"Type\":\"Thumbnail\",\"Url\":\"Mam\\\\VTC\\\\DUNG_BO_LO\\\\2021\\\\09\\\\16\\\\TRUYEN_THUYET_BACH_XA___TAP_24\\\\Thumbnail\\\\16092021232319\\\\232322_TRUYEN_THUYET_BACH_XA__NGANG.jpg\"}]","Name":"Truyền thuyết Bạch Xà - Tập 24","Title":"Truyền thuyết Bạch Xà - Tập 24","Path":"https://vcv60b6khlvod.vcdn.cloud//","Schedule":"2021-09-18T10:05:00","Duration":"","Metadata":[{"Name":"Title","Value":"Truyền thuyết Bạch Xà - Tập 24"},{"Name":"EndTimecode","Value":"a028a7c1-f848-4a60-a33c-2334d93a0faf"},{"Name":"Highlight","Value":"false"},{"Name":"ContentType","Value":"0"},{"Name":"FileCode","Value":"https://vtc130121.cdn.vnns.io/VTC9_abr/playlist.m3u8"},{"Name":"Duration","Value":"45"}]},{"PrivateID":"4a0168c9-6560-44d0-ac90-a2d92a3c4306","Description":"Bản tin trưa phát sóng 11h30 ngày 18/9/2021 trên kênh VTC1","Image":"[{\"Type\":\"Square\",\"Url\":\"Mam\\\\VTC\\\\DUNG_BO_LO\\\\2021\\\\09\\\\16\\\\BAN_TIN_TRUA___18_9_2021\\\\Square\\\\16092021232655\\\\232703_BAN_TIN_TRUA__VUONG.jpg\"},{\"Type\":\"Thumbnail\",\"Url\":\"Mam\\\\VTC\\\\DUNG_BO_LO\\\\2021\\\\09\\\\16\\\\BAN_TIN_TRUA___18_9_2021\\\\Thumbnail\\\\16092021232642\\\\232648_BAN_TIN_TRUA__NGANG.jpg\"}]","Name":"Bản tin trưa - 18/9/2021","Title":"Bản tin trưa - 18/9/2021","Path":"https://vcv60b6khlvod.vcdn.cloud//","Schedule":"2021-09-18T11:30:00","Duration":"","Metadata":[{"Name":"Title","Value":"Bản tin trưa - 18/9/2021"},{"Name":"EndTimecode","Value":"e33a2191-2a30-4cc0-8d15-e5128d2039ac"},{"Name":"Highlight","Value":"false"},{"Name":"ContentType","Value":"0"},{"Name":"FileCode","Value":"https://vtc130121.cdn.vnns.io/VTC1_abr/playlist.m3u8"},{"Name":"Duration","Value":"30"}]},{"PrivateID":"34cb7a42-e666-45e6-8480-c0199f464153","Description":"Alo bác sỹ 24 phát sóng 12h ngày 18/9/2021 trên kênh VTC1.","Image":"[{\"Type\":\"Square\",\"Url\":\"Mam\\\\VTC\\\\DUNG_BO_LO\\\\2021\\\\09\\\\16\\\\ALO_BAC_SY_24___18_9_2021\\\\Square\\\\16092021233641\\\\233654_ALO_BAC_SI_24H__VUONG.jpg\"},{\"Type\":\"Thumbnail\",\"Url\":\"Mam\\\\VTC\\\\DUNG_BO_LO\\\\2021\\\\09\\\\16\\\\ALO_BAC_SY_24___18_9_2021\\\\Thumbnail\\\\16092021233633\\\\233637_ALO_BAC_SI_24H__NGANG.jpg\"}]","Name":"Alo bác sỹ 24 - 18/9/2021","Title":"Alo bác sỹ 24 - 18/9/2021","Path":"https://vcv60b6khlvod.vcdn.cloud//","Schedule":"2021-09-18T12:00:00","Duration":"","Metadata":[{"Name":"Title","Value":"Alo bác sỹ 24 - 18/9/2021"},{"Name":"EndTimecode","Value":"85451d07-c982-4d5e-9dff-3da4b7e1ad72"},{"Name":"Highlight","Value":"false"},{"Name":"ContentType","Value":"0"},{"Name":"FileCode","Value":"https://vtc130121.cdn.vnns.io/VTC1_abr/playlist.m3u8"},{"Name":"Duration","Value":"10"}]},{"PrivateID":"4418534a-d2cd-4598-8152-45ccd58695f0","Description":"Tae Pyung có khả năng nhìn thấy khoảnh khắc trước khi chết của người khác mỗi khi nhìn vào mắt họ. Khả năng đặc biệt này khiến anh luôn gặp phải những giấc mơ mang màu chết chóc.","Image":"[{\"Type\":\"Square\",\"Url\":\"Mam\\\\VTC\\\\DUNG_BO_LO\\\\2021\\\\09\\\\16\\\\TRO_VE_HU_KHONG___TAP_10\\\\Square\\\\16092021233205\\\\233220_TRO_VE_HU_KHONG__VUONG.jpg\"},{\"Type\":\"Thumbnail\",\"Url\":\"Mam\\\\VTC\\\\DUNG_BO_LO\\\\2021\\\\09\\\\16\\\\TRO_VE_HU_KHONG___TAP_10\\\\Thumbnail\\\\16092021233154\\\\233155_TRO_VE_HU_KHONG__NGANG.jpg\"}]","Name":"Trở về hư không - Tập 10","Title":"Trở về hư không - Tập 10","Path":"https://vcv60b6khlvod.vcdn.cloud//","Schedule":"2021-09-18T12:00:00","Duration":"","Metadata":[{"Name":"Title","Value":"Trở về hư không - Tập 10"},{"Name":"EndTimecode","Value":"a9ac02cb-b693-4d9f-89e1-117344572159"},{"Name":"Highlight","Value":"false"},{"Name":"ContentType","Value":"0"},{"Name":"FileCode","Value":"https://vtc130121.cdn.vnns.io/VTC7/playlist.m3u8"},{"Name":"Duration","Value":"60"}]},{"PrivateID":"7db61530-8fbb-4de6-a8ae-9d1a19bc8bed","Description":"Dòng chảy cuộc sống phát sóng 12h05 ngày 18/9/2021 trên kênh VTC14.","Image":"[{\"Type\":\"Square\",\"Url\":\"Mam\\\\VTC\\\\DUNG_BO_LO\\\\2021\\\\09\\\\16\\\\DONG_CHAY_CUOC_SONG___18_9_2021\\\\Square\\\\16092021234427\\\\234429_DONG_CHAY_CUOC_SONG__VUONG.jpg\"},{\"Type\":\"Thumbnail\",\"Url\":\"Mam\\\\VTC\\\\DUNG_BO_LO\\\\2021\\\\09\\\\16\\\\DONG_CHAY_CUOC_SONG___18_9_2021\\\\Thumbnail\\\\16092021234333\\\\234352_DONG_CHAY_CUOC_SONG__NGANG.jpg\"}]","Name":"Dòng chảy cuộc sống - 18/9/2021","Title":"Dòng chảy cuộc sống - 18/9/2021","Path":"https://vcv60b6khlvod.vcdn.cloud//","Schedule":"2021-09-18T12:05:00","Duration":"","Metadata":[{"Name":"Title","Value":"Dòng chảy cuộc sống - 18/9/2021"},{"Name":"EndTimecode","Value":"5f327f22-a099-4027-b15b-c8211daafa71"},{"Name":"Highlight","Value":"false"},{"Name":"ContentType","Value":"0"},{"Name":"FileCode","Value":"https://vtc130121.cdn.vnns.io/VTC14_abr/playlist.m3u8"},{"Name":"Duration","Value":"30"}]},{"PrivateID":"8f5f77e7-18de-44aa-8e3e-643df56c3816","Description":"Triệu Ngọc Cẩn là chàng công tử ẻo lả \"trói gà không chặt\". Diệp Chiêu con nhà tướng, tính tình hung dữ, mạnh mẽ. Cứ ngỡ cuộc hôn nhân “cười ra nước mắt\" của họ sẽ sớm kết thúc nhưng họ lại sẵn sàng thay đổi để được bên nhau.","Image":"[{\"Type\":\"Square\",\"Url\":\"Mam\\\\VTC\\\\DUNG_BO_LO\\\\2021\\\\09\\\\16\\\\TUONG_QUAN_TAI_THUONG___TAP_50\\\\Square\\\\16092021234742\\\\234744_TUONG_QUAN_TAI_THUONG__VUONG.jpg\"},{\"Type\":\"Thumbnail\",\"Url\":\"Mam\\\\VTC\\\\DUNG_BO_LO\\\\2021\\\\09\\\\16\\\\TUONG_QUAN_TAI_THUONG___TAP_50\\\\Thumbnail\\\\16092021234720\\\\234722_TUONG_QUAN_TAI_THUONG__NGANG.jpg\"}]","Name":"Tướng quân tại thượng - Tập 50","Title":"Tướng quân tại thượng - Tập 50","Path":"https://vcv60b6khlvod.vcdn.cloud//","Schedule":"2021-09-18T12:05:00","Duration":"","Metadata":[{"Name":"Title","Value":"Tướng quân tại thượng - Tập 50"},{"Name":"EndTimecode","Value":"238b87b9-49e4-411f-bf4e-4a57054221bd"},{"Name":"Highlight","Value":"false"},{"Name":"ContentType","Value":"0"},{"Name":"FileCode","Value":"https://vtc130121.cdn.vnns.io/VTC1_abr/playlist.m3u8"},{"Name":"Duration","Value":"55"}]},{"PrivateID":"e58a1034-93c3-49f1-839c-c6d1906e8617","Description":"Dịch Liên Khải là một thiếu gia quyền lực, tìm đủ mọi cách để cưới Tần Tang. Chính vì không hiểu được tình cảm của đối phương nên giữa họ luôn xảy ra nhiều sóng gió, không lúc nào yên ổn.","Image":"[{\"Type\":\"Square\",\"Url\":\"Mam\\\\VTC\\\\DUNG_BO_LO\\\\2021\\\\09\\\\16\\\\NHAN_SINH_NEU_NHU_LAN_DAU_GAP_GO___TAP_10\\\\Square\\\\16092021235306\\\\235307_NHAN_SINH_NEU_NHU_LAN_DAU_GAP_GO__VUONG.jpg\"},{\"Type\":\"Thumbnail\",\"Url\":\"Mam\\\\VTC\\\\DUNG_BO_LO\\\\2021\\\\09\\\\16\\\\NHAN_SINH_NEU_NHU_LAN_DAU_GAP_GO___TAP_10\\\\Thumbnail\\\\16092021235256\\\\235257_NHAN_SINH_NEU_NHU_LAN_DAU_GAP_GO__NGANG.jpg\"}]","Name":"Nhân sinh nếu như lần đầu gặp gỡ - Tập 10","Title":"Nhân sinh nếu như lần đầu gặp gỡ - Tập 10","Path":"https://vcv60b6khlvod.vcdn.cloud//","Schedule":"2021-09-18T13:00:00","Duration":"","Metadata":[{"Name":"Title","Value":"Nhân sinh nếu như lần đầu gặp gỡ - Tập 10"},{"Name":"EndTimecode","Value":"e94148e7-8cb2-4cb1-b609-1bfff98265d5"},{"Name":"Highlight","Value":"false"},{"Name":"ContentType","Value":"0"},{"Name":"FileCode","Value":"https://vtc130121.cdn.vnns.io/VTC9_abr/playlist.m3u8"},{"Name":"Duration","Value":"60"}]},{"PrivateID":"a5bc94eb-df35-4897-a658-e7ba45166ac5","Description":"Những thông tin về diễn biến dịch bệnh Covid-19 ở Việt Nam và thế giới; cách thức ứng phó, phòng tránh; những thông tin chỉ đạo của ban, ngành... sẽ được cập nhật nhanh nhất trong bản tin \"Nhật ký chống dịch Covid-19\" chiều 18/9.","Image":"[{\"Type\":\"Square\",\"Url\":\"Mam\\\\VTC\\\\DUNG_BO_LO\\\\2021\\\\09\\\\16\\\\NHAT_KY_CHONG_DICH_COVID_19_CHIEU_18_9\\\\Square\\\\17092021000506\\\\000509_NHAT_KY_CHONG_DICH__VUONG.jpg\"},{\"Type\":\"Thumbnail\",\"Url\":\"Mam\\\\VTC\\\\DUNG_BO_LO\\\\2021\\\\09\\\\16\\\\NHAT_KY_CHONG_DICH_COVID_19_CHIEU_18_9\\\\Thumbnail\\\\17092021000454\\\\000459_NHAT_KY_CHONG_DICH__NGANG.jpg\"}]","Name":"Nhật ký chống dịch Covid-19 chiều 18/9","Title":"Nhật ký chống dịch Covid-19 chiều 18/9","Path":"https://vcv60b6khlvod.vcdn.cloud//","Schedule":"2021-09-18T15:00:00","Duration":"","Metadata":[{"Name":"Title","Value":"Nhật ký chống dịch Covid-19 chiều 18/9"},{"Name":"EndTimecode","Value":"b3ad27c7-bcb6-4045-a1ee-e585268b1791"},{"Name":"Highlight","Value":"false"},{"Name":"ContentType","Value":"0"},{"Name":"FileCode","Value":"https://vtc130121.cdn.vnns.io/VTC1_abr/playlist.m3u8"},{"Name":"Duration","Value":"10"}]},{"PrivateID":"3c0875d6-1ecd-42d5-b4ca-c5ee6ffadedd","Description":"Đường dây nóng phát sóng 16h05 ngày 18/9/2021 trên kênh VTC1.","Image":"[{\"Type\":\"Square\",\"Url\":\"Mam\\\\VTC\\\\DUNG_BO_LO\\\\2021\\\\09\\\\17\\\\DUONG_DAY_NONG___18_9_2021\\\\Square\\\\17092021000819\\\\000829_DUONG_DAY_NONG__VUONG.jpg\"},{\"Type\":\"Thumbnail\",\"Url\":\"Mam\\\\VTC\\\\DUNG_BO_LO\\\\2021\\\\09\\\\17\\\\DUONG_DAY_NONG___18_9_2021\\\\Thumbnail\\\\17092021000809\\\\000811_DUONG_DAY_NONG__NGANG.jpg\"}]","Name":"Đường dây nóng - 18/9/2021","Title":"Đường dây nóng - 18/9/2021","Path":"https://vcv60b6khlvod.vcdn.cloud//","Schedule":"2021-09-18T16:05:00","Duration":"","Metadata":[{"Name":"Title","Value":"Đường dây nóng - 18/9/2021"},{"Name":"EndTimecode","Value":"dcc8c725-47a6-4e09-8a65-e38292545330"},{"Name":"Highlight","Value":"false"},{"Name":"ContentType","Value":"0"},{"Name":"FileCode","Value":"https://vtc130121.cdn.vnns.io/VTC1_abr/playlist.m3u8"},{"Name":"Duration","Value":"10"}]},{"PrivateID":"5d4278f7-9c97-45f3-a8ba-55d789aca459","Description":"Thượng thư Phạm Kiến đem con trai của hoàng phi về nuôi sau vụ huyết chiến. Lớn lên cậu cũng bị cuốn vào cuộc chiến tranh giành mưu quyền trong cung, đồng thời cũng trở thành vị quan tài ba giải quyết nhiều vụ án nan giải.","Image":"[{\"Type\":\"Square\",\"Url\":\"Mam\\\\VTC\\\\DUNG_BO_LO\\\\2021\\\\09\\\\17\\\\KHANH_DU_NIEN___TAP_24\\\\Square\\\\17092021001546\\\\001549_KHANH_DU_NIEN__VUONG.jpg\"},{\"Type\":\"Thumbnail\",\"Url\":\"Mam\\\\VTC\\\\DUNG_BO_LO\\\\2021\\\\09\\\\17\\\\KHANH_DU_NIEN___TAP_24\\\\Thumbnail\\\\17092021001538\\\\001539_KHANH_DU_NIEN__NGANG.jpg\"}]","Name":"Khánh dư niên - Tập 24","Title":"Khánh dư niên - Tập 24","Path":"https://vcv60b6khlvod.vcdn.cloud//","Schedule":"2021-09-18T17:00:00","Duration":"","Metadata":[{"Name":"Title","Value":"Khánh dư niên - Tập 24"},{"Name":"EndTimecode","Value":"e47ca903-8dfc-4275-872c-02de378b01cd"},{"Name":"Highlight","Value":"false"},{"Name":"ContentType","Value":"0"},{"Name":"FileCode","Value":"https://vtc130121.cdn.vnns.io/VTC1_abr/playlist.m3u8"},{"Name":"Duration","Value":"50"}]},{"PrivateID":"8de9d498-9cc6-4173-8edf-79875b5d3fed","Description":"Ngải Sa là một Giám đốc Tiếp thị danh tiếng nhưng có trái tim “băng giá”, không cần tình yêu, không cần bạn bè mà chỉ cần sự nghiệp. Nhưng đằng sau sự “cứng nhắc” đó là một nỗi sợ thất bại, không cho phép bản thân bị lép vế trước bất kỳ ai. Đến khi một dự án kinh doanh đã đưa cô gặp gỡ Dịch Phi Dương - một tên tuổi hàng đầu ngành thời trang nam, một lãng tử hào hoa, một “cá voi” sành sỏi giữa biển tình. ","Image":"[{\"Type\":\"Square\",\"Url\":\"Mam\\\\VTC\\\\DUNG_BO_LO\\\\2021\\\\09\\\\17\\\\NGUOI_PHU_NU_TUYET_VOI___TAP_2\\\\Square\\\\17092021001241\\\\001246_NGUOI_PHU_NU_TUYET_VOI__VUONG.jpg\"},{\"Type\":\"Thumbnail\",\"Url\":\"Mam\\\\VTC\\\\DUNG_BO_LO\\\\2021\\\\09\\\\17\\\\NGUOI_PHU_NU_TUYET_VOI___TAP_2\\\\Thumbnail\\\\17092021001225\\\\001232_NGUOI_PHU_NU_TUYET_VOI__NGANG.jpg\"}]","Name":"Người phụ nữ tuyệt vời - Tập 2","Title":"Người phụ nữ tuyệt vời - Tập 2","Path":"https://vcv60b6khlvod.vcdn.cloud//","Schedule":"2021-09-18T17:00:00","Duration":"","Metadata":[{"Name":"Title","Value":"Người phụ nữ tuyệt vời - Tập 2"},{"Name":"EndTimecode","Value":"0b18fc23-81da-4442-8118-bc8980f0c21b"},{"Name":"Highlight","Value":"false"},{"Name":"ContentType","Value":"0"},{"Name":"FileCode","Value":"https://vtc130121.cdn.vnns.io/VTC9_abr/playlist.m3u8"},{"Name":"Duration","Value":"60"}]},{"PrivateID":"ad9f68bb-d107-470d-8646-fc1e8e856386","Description":"Kết quả xổ số miền Bắc cập nhật lúc 18h00 ngày 18/9/2021 trên kênh VTC9.","Image":"[{\"Type\":\"Square\",\"Url\":\"Mam\\\\VTC\\\\DUNG_BO_LO\\\\2021\\\\09\\\\17\\\\XO_SO_MIEN_BAC___18_9_2021\\\\Square\\\\17092021002233\\\\002234_XO_SO_MIEN_BAC__VUONG.jpg\"},{\"Type\":\"Thumbnail\",\"Url\":\"Mam\\\\VTC\\\\DUNG_BO_LO\\\\2021\\\\09\\\\17\\\\XO_SO_MIEN_BAC___18_9_2021\\\\Thumbnail\\\\17092021002226\\\\002227_XO_SO_MIEN_BAC__NGANG.jpg\"}]","Name":"Xổ số miền Bắc - 18/9/2021","Title":"Xổ số miền Bắc - 18/9/2021","Path":"https://vcv60b6khlvod.vcdn.cloud//","Schedule":"2021-09-18T18:00:00","Duration":"","Metadata":[{"Name":"Title","Value":"Xổ số miền Bắc - 18/9/2021"},{"Name":"EndTimecode","Value":"4bea2e0e-5a5c-4078-94d9-c35a69bad97a"},{"Name":"Highlight","Value":"false"},{"Name":"ContentType","Value":"0"},{"Name":"FileCode","Value":"https://vtc130121.cdn.vnns.io/VTC9_abr/playlist.m3u8"},{"Name":"Duration","Value":"30"}]},{"PrivateID":"e7568ff0-bab8-4581-a850-6b6a963a0d3c","Description":"Chào buổi tối phát sóng 18h00 ngày 18/9/2021 trên kênh VTC14.","Image":"[{\"Type\":\"Square\",\"Url\":\"Mam\\\\VTC\\\\DUNG_BO_LO\\\\2021\\\\09\\\\17\\\\CHAO_BUOI_TOI___18_9_2021\\\\Square\\\\17092021002044\\\\002044_CHAO_BUOI_TOI__VUONG.jpg\"},{\"Type\":\"Thumbnail\",\"Url\":\"Mam\\\\VTC\\\\DUNG_BO_LO\\\\2021\\\\09\\\\17\\\\CHAO_BUOI_TOI___18_9_2021\\\\Thumbnail\\\\17092021002037\\\\002037_CHAO_BUOI_TOI__NGANG.jpg\"}]","Name":"Chào buổi tối - 18/9/2021","Title":"Chào buổi tối - 18/9/2021","Path":"https://vcv60b6khlvod.vcdn.cloud//","Schedule":"2021-09-18T18:00:00","Duration":"","Metadata":[{"Name":"Title","Value":"Chào buổi tối - 18/9/2021"},{"Name":"EndTimecode","Value":"e4373723-22d8-4a38-8729-4bff216ff22b"},{"Name":"Highlight","Value":"false"},{"Name":"ContentType","Value":"0"},{"Name":"FileCode","Value":"https://vtc130121.cdn.vnns.io/VTC14_abr/playlist.m3u8"},{"Name":"Duration","Value":"30"}]},{"PrivateID":"9cd0ddbb-db76-45ee-9c3a-03fb07955c41","Description":"Bản tin tối phát sóng 18h30 ngày 18/9/2021 trên kênh VTC1.","Image":"[{\"Type\":\"Square\",\"Url\":\"Mam\\\\VTC\\\\DUNG_BO_LO\\\\2021\\\\09\\\\17\\\\BAN_TIN_TOI___18_9_2021\\\\Square\\\\17092021002455\\\\002456_BAN_TIN_TOI__VUONG.jpg\"},{\"Type\":\"Thumbnail\",\"Url\":\"Mam\\\\VTC\\\\DUNG_BO_LO\\\\2021\\\\09\\\\17\\\\BAN_TIN_TOI___18_9_2021\\\\Thumbnail\\\\17092021002447\\\\002448_BAN_TIN_TOI__NGANG.jpg\"}]","Name":"Bản tin tối - 18/9/2021","Title":"Bản tin tối - 18/9/2021","Path":"https://vcv60b6khlvod.vcdn.cloud//","Schedule":"2021-09-18T18:30:00","Duration":"","Metadata":[{"Name":"Title","Value":"Bản tin tối - 18/9/2021"},{"Name":"EndTimecode","Value":"e9aa8e38-773a-41a8-85cb-55ec6e8e94a3"},{"Name":"Highlight","Value":"false"},{"Name":"ContentType","Value":"0"},{"Name":"FileCode","Value":"https://vtc130121.cdn.vnns.io/VTC1_abr/playlist.m3u8"},{"Name":"Duration","Value":"80"}]},{"PrivateID":"63699f18-c857-4e94-97b2-e9a217316654","Description":"Nhật ký cuộc sống phát sóng 19h00 ngày 18/9/2021 trên kênh VTC14.","Image":"[{\"Type\":\"Square\",\"Url\":\"Mam\\\\VTC\\\\DUNG_BO_LO\\\\2021\\\\09\\\\17\\\\NHAT_KY_CUOC_SONG___18_9_2021\\\\Square\\\\17092021002730\\\\002746_NHAT_KY_CUOC_SONG__VUONG.jpg\"},{\"Type\":\"Thumbnail\",\"Url\":\"Mam\\\\VTC\\\\DUNG_BO_LO\\\\2021\\\\09\\\\17\\\\NHAT_KY_CUOC_SONG___18_9_2021\\\\Thumbnail\\\\17092021002648\\\\002717_NHAT_KY_CUOC_SONG__NGANG.jpg\"}]","Name":"Nhật ký cuộc sống - 18/9/2021","Title":"Nhật ký cuộc sống - 18/9/2021","Path":"https://vcv60b6khlvod.vcdn.cloud//","Schedule":"2021-09-18T19:00:00","Duration":"","Metadata":[{"Name":"Title","Value":"Nhật ký cuộc sống - 18/9/2021"},{"Name":"EndTimecode","Value":"8d3522f5-0828-4679-903c-b8d64b4a9a82"},{"Name":"Highlight","Value":"false"},{"Name":"ContentType","Value":"0"},{"Name":"FileCode","Value":"https://vtc130121.cdn.vnns.io/VTC14_abr/playlist.m3u8"},{"Name":"Duration","Value":"30"}]},{"PrivateID":"a89511a4-1eed-42ff-ad76-5d55d3335de7","Description":"Khi gần 30 tuổi, Ca Vi quyết định làm mẹ đơn thân. Nhưng, bố mẹ lại bắt cô phải kết hôn với Sĩ Tiến để hợp thức hóa cái thai trong bụng cô. Từ đây, những câu chuyện dở khóc dở cười bắt đầu.","Image":"[{\"Type\":\"Square\",\"Url\":\"Mam\\\\VTC\\\\DUNG_BO_LO\\\\2021\\\\09\\\\17\\\\DO_BA_BIET_ME_DANG_NGHI_GI___TAP_18_52\\\\Square\\\\17092021003058\\\\003114_DO_BA_BIET_ME_DANG_NGHI_GI__VUONG.jpg\"},{\"Type\":\"Thumbnail\",\"Url\":\"Mam\\\\VTC\\\\DUNG_BO_LO\\\\2021\\\\09\\\\17\\\\DO_BA_BIET_ME_DANG_NGHI_GI___TAP_18_52\\\\Thumbnail\\\\17092021003051\\\\003053_DO_BA_BIET_ME_DANG_NGHI_GI__NGANG.jpg\"}]","Name":"Đố ba biết mẹ đang nghĩ gì - Tập 18/52","Title":"Đố ba biết mẹ đang nghĩ gì - Tập 18/52","Path":"https://vcv60b6khlvod.vcdn.cloud//","Schedule":"2021-09-18T19:45:00","Duration":"","Metadata":[{"Name":"Title","Value":"Đố ba biết mẹ đang nghĩ gì - Tập 18/52"},{"Name":"EndTimecode","Value":"bee5e14a-570f-4f04-9089-bec9e4982eb4"},{"Name":"Highlight","Value":"false"},{"Name":"ContentType","Value":"0"},{"Name":"FileCode","Value":"https://vtc130121.cdn.vnns.io/VTC1_abr/playlist.m3u8"},{"Name":"Duration","Value":"25"}]},{"PrivateID":"f74831dc-5a61-407a-8651-10ae7adced14","Description":"Viên Soái là người thầm yêu Giang Quân từ thời thanh xuân nhưng không dám thổ lộ tình cảm. Đến khi Giang Quân có người yêu, anh lại tìm cách phá hoại, đoạt lại người mình yêu. Liệu sau những hiểu lầm, cả hai có thể đến với nhau không?","Image":"[{\"Type\":\"Square\",\"Url\":\"Mam\\\\VTC\\\\DUNG_BO_LO\\\\2021\\\\09\\\\17\\\\NUA_LA_DUONG_MAT__NUA_LA_DAU_THUONG___TAP_38\\\\Square\\\\17092021003412\\\\003416_NUA_DUONG_MAT__VUONG.jpg\"},{\"Type\":\"Thumbnail\",\"Url\":\"Mam\\\\VTC\\\\DUNG_BO_LO\\\\2021\\\\09\\\\17\\\\NUA_LA_DUONG_MAT__NUA_LA_DAU_THUONG___TAP_38\\\\Thumbnail\\\\17092021003404\\\\003405_NUA_DUONG_MAT__NGANG.jpg\"}]","Name":"Nửa là đường mật, nửa là đau thương - Tập 38","Title":"Nửa là đường mật, nửa là đau thương - Tập 38","Path":"https://vcv60b6khlvod.vcdn.cloud//","Schedule":"2021-09-18T20:10:00","Duration":"","Metadata":[{"Name":"Title","Value":"Nửa là đường mật, nửa là đau thương - Tập 38"},{"Name":"EndTimecode","Value":"69e1061b-ab0b-4738-be47-112dd0938941"},{"Name":"Highlight","Value":"false"},{"Name":"ContentType","Value":"0"},{"Name":"FileCode","Value":"https://vtc130121.cdn.vnns.io/VTC1_abr/playlist.m3u8"},{"Name":"Duration","Value":"35"}]},{"PrivateID":"70b5c80d-4260-45df-91cc-5fbe0e884006","Description":"Bản tin Xe+ phát sóng 20h45 ngày 18/9/2021 trên kênh VTC1","Image":"[{\"Type\":\"Square\",\"Url\":\"Mam\\\\VTC\\\\DUNG_BO_LO\\\\2021\\\\09\\\\17\\\\BAN_TIN_XE_NGAY_18_9_2021\\\\Square\\\\17092021005005\\\\005006_XE__VUONG.jpg\"},{\"Type\":\"Thumbnail\",\"Url\":\"Mam\\\\VTC\\\\DUNG_BO_LO\\\\2021\\\\09\\\\17\\\\BAN_TIN_XE_NGAY_18_9_2021\\\\Thumbnail\\\\17092021004639\\\\004722_XE__NGANG.jpg\"}]","Name":"Bản tin Xe + ngày 18/9/2021","Title":"Bản tin Xe + ngày 18/9/2021","Path":"https://vcv60b6khlvod.vcdn.cloud//","Schedule":"2021-09-18T20:45:00","Duration":"","Metadata":[{"Name":"Title","Value":"Bản tin Xe + ngày 18/9/2021"},{"Name":"EndTimecode","Value":"248c952a-af86-49ec-ba27-03db65e03a69"},{"Name":"Highlight","Value":"false"},{"Name":"ContentType","Value":"0"},{"Name":"FileCode","Value":"https://vtc130121.cdn.vnns.io/VTC1_abr/playlist.m3u8"},{"Name":"Duration","Value":"15"}]},{"PrivateID":"e1f4530e-26c7-46b7-b51e-79c8aba5367d","Description":"Lời nguyền cổ giáng xuống gia tộc Ratangad khiến tất cả đàn ông trong gia đình đều chết trước tuổi 30. Veer trở thành một trong những nạn nhân của lời nguyền đó khi anh chính là cậu con trai út của gia đình để thay thế người cai trị lên ngôi vua.","Image":"[{\"Type\":\"Square\",\"Url\":\"Mam\\\\VTC\\\\DUNG_BO_LO\\\\2021\\\\09\\\\17\\\\LOI_NGUYEN_GIA_TOC___TAP_6\\\\Square\\\\17092021003705\\\\003707_LOI_NGUYEN_GIA_TOC__VUONG.jpg\"},{\"Type\":\"Thumbnail\",\"Url\":\"Mam\\\\VTC\\\\DUNG_BO_LO\\\\2021\\\\09\\\\17\\\\LOI_NGUYEN_GIA_TOC___TAP_6\\\\Thumbnail\\\\17092021003657\\\\003657_LOI_NGUYEN_GIA_TOC__NGANG.jpg\"}]","Name":"Lời nguyền gia tộc - Tập 6","Title":"Lời nguyền gia tộc - Tập 6","Path":"https://vcv60b6khlvod.vcdn.cloud//","Schedule":"2021-09-18T21:00:00","Duration":"","Metadata":[{"Name":"Title","Value":"Lời nguyền gia tộc - Tập 6"},{"Name":"EndTimecode","Value":"70925a1d-b32e-4fdc-8d29-2396b9052b5c"},{"Name":"Highlight","Value":"false"},{"Name":"ContentType","Value":"0"},{"Name":"FileCode","Value":"https://vtc130121.cdn.vnns.io/VTC7/playlist.m3u8"},{"Name":"Duration","Value":"55"}]},{"PrivateID":"88dbe8ba-79b0-4a35-82e7-3ba4714f466f","Description":"Bản tin 22+2 phát sóng 23h00 ngày 18/9/2021 trên kênh VTC1.","Image":"[{\"Type\":\"Square\",\"Url\":\"Mam\\\\VTC\\\\DUNG_BO_LO\\\\2021\\\\09\\\\17\\\\BAN_TIN_222_NGAY_18_9_2021\\\\Square\\\\17092021004209\\\\004214_22__VUONG.jpg\"},{\"Type\":\"Thumbnail\",\"Url\":\"Mam\\\\VTC\\\\DUNG_BO_LO\\\\2021\\\\09\\\\17\\\\BAN_TIN_222_NGAY_18_9_2021\\\\Thumbnail\\\\17092021004201\\\\004202_22__NGANG.jpg\"}]","Name":"Bản tin 22+2 ngày 18/9/2021","Title":"Bản tin 22+2 ngày 18/9/2021","Path":"https://vcv60b6khlvod.vcdn.cloud//","Schedule":"2021-09-18T23:00:00","Duration":"","Metadata":[{"Name":"Title","Value":"Bản tin 22+2 ngày 18/9/2021"},{"Name":"EndTimecode","Value":"ee619193-be36-41b0-9fcf-a74ff93235a0"},{"Name":"Highlight","Value":"false"},{"Name":"ContentType","Value":"0"},{"Name":"FileCode","Value":"https://vtc130121.cdn.vnns.io/VTC1_abr/playlist.m3u8"},{"Name":"Duration","Value":"15"}]}]}