{"PrivateKey":"f4fb5997-b362-48f2-bf9f-cb533a4db323","Name":"Phim lẻ","Description":"Phim lẻ","Color":"phim-le","Style":"{}","Icon":"MAM\\VTC\\Image\\Playlist\\2021\\06\\04\\icon\\04062021093515\\093522_PHIM_LE.png","LayoutType":"{\"Type\":\"6\",\"SubType\":\"7\",\"Landscape\":{\"Height\":0,\"Width\":0},\"Portrait\":{\"Height\":0,\"Width\":0}}","CDN":"{\"Name\":\"VNG\",\"LiveDomain\":\"https://liveovp.tek4tv.vn/\",\"VideoDomain\":\"https://vcv60b6khlvod.vcdn.cloud/\",\"ImageDomain\":\"https://vcv60b6khlvod.vcdn.cloud/\",\"IsActive\":true}","OrderID":9,"Components":"[{\"ID\":2037,\"Name\":\"Hành động\",\"PrivateKey\":\"7c29c881-bf16-4d67-83d8-48f1d2c886ab\",\"Count\":20,\"OrderID\":0,\"Domain\":\"\",\"Components\":null,\"LayoutType\":{\"Type\":0,\"SubType\":0,\"Landscape\":{\"Height\":0,\"Width\":0},\"Portrait\":{\"Height\":0,\"Width\":0}},\"Icon\":\"https://k3kkd4yblsweb.vcdn.cloud/\",\"Logo\":null,\"Schedule\":\"{\\\"Duration\\\":0,\\\"Time\\\":\\\"00:00\\\",\\\"Repeat\\\":\\\"\\\"}\",\"Description\":\"Hành động\",\"Url\":\"hanh-dong\"},{\"ID\":2038,\"Name\":\"Tình cảm\",\"PrivateKey\":\"995a8283-a0ad-4954-920e-b2a28cfd5aee\",\"Count\":20,\"OrderID\":1,\"Domain\":\"\",\"Components\":null,\"LayoutType\":{\"Type\":0,\"SubType\":0,\"Landscape\":{\"Height\":0,\"Width\":0},\"Portrait\":{\"Height\":0,\"Width\":0}},\"Icon\":\"https://k3kkd4yblsweb.vcdn.cloud/\",\"Logo\":null,\"Schedule\":\"{\\\"Duration\\\":0,\\\"Time\\\":\\\"00:00\\\",\\\"Repeat\\\":\\\"\\\"}\",\"Description\":\"Tình cảm\",\"Url\":\"tinh-cam\"},{\"ID\":2039,\"Name\":\"Kinh dị\",\"PrivateKey\":\"70a4921a-cbad-4c90-9a5d-3e8f73f8dc7d\",\"Count\":20,\"OrderID\":2,\"Domain\":\"\",\"Components\":null,\"LayoutType\":{\"Type\":0,\"SubType\":0,\"Landscape\":{\"Height\":0,\"Width\":0},\"Portrait\":{\"Height\":0,\"Width\":0}},\"Icon\":\"https://k3kkd4yblsweb.vcdn.cloud/\",\"Logo\":null,\"Schedule\":\"{\\\"Duration\\\":0,\\\"Time\\\":\\\"00:00\\\",\\\"Repeat\\\":\\\"\\\"}\",\"Description\":\"Kinh dị\",\"Url\":\"kinh-di\"},{\"ID\":2041,\"Name\":\"Viễn tưởng\",\"PrivateKey\":\"1777c491-f081-4a71-ac06-461a8c9cd5d0\",\"Count\":20,\"OrderID\":3,\"Domain\":\"\",\"Components\":null,\"LayoutType\":{\"Type\":0,\"SubType\":0,\"Landscape\":{\"Height\":0,\"Width\":0},\"Portrait\":{\"Height\":0,\"Width\":0}},\"Icon\":\"https://k3kkd4yblsweb.vcdn.cloud/\",\"Logo\":null,\"Schedule\":\"{\\\"Duration\\\":0,\\\"Time\\\":\\\"00:00\\\",\\\"Repeat\\\":\\\"\\\"}\",\"Description\":\"Viễn tưởng\",\"Url\":\"vien-tuong\"},{\"ID\":2052,\"Name\":\"Phim hài\",\"PrivateKey\":\"2d1563f1-4e5e-4c08-83d5-568c52e2e0cb\",\"Count\":20,\"OrderID\":4,\"Domain\":\"\",\"Components\":null,\"LayoutType\":{\"Type\":0,\"SubType\":0,\"Landscape\":{\"Height\":0,\"Width\":0},\"Portrait\":{\"Height\":0,\"Width\":0}},\"Icon\":\"https://k3kkd4yblsweb.vcdn.cloud/\",\"Logo\":null,\"Schedule\":\"{\\\"Duration\\\":0,\\\"Time\\\":\\\"00:00\\\",\\\"Repeat\\\":\\\"\\\"}\",\"Description\":\"Phim hài\",\"Url\":\"phim-hai\"}]","Media":[{"PrivateID":"afecaf4d-0f86-47c0-97a5-c6bf47994a22","Description":"\"The Body\" lôi cuốn khán giả bước vào cuộc điều tra hấp dẫn xoay quanh sự bốc hơi đầy bí hiểm của một xác chết. Phim sở hữu một cốt truyện phức tạp, mạch phim dồn dập ngay từ những phút đầu, bạn sẽ bị dẫn từ bất ngờ này đến bất ngờ khác.","Image":"[{\"Type\":\"Square\",\"Url\":\"MAM\\\\VTC\\\\HOP_TAC\\\\PHIM_LE\\\\2020\\\\12\\\\14\\\\XAC_CHET_BI_AN\\\\Custom\\\\14122020101121\\\\101124_xac_chet_bi_an_vuong.jpg\"},{\"Url\":\"MAM/VTC/HOP_TAC/PHIM_LE/2020/12/14/XAC_CHET_BI_AN/Image/091102_thumbnail.jpg\",\"Type\":\"Thumbnail\"},{\"Url\":\"MAM\\\\VTC\\\\HOP_TAC\\\\PHIM_LE\\\\2020\\\\12\\\\14\\\\XAC_CHET_BI_AN\\\\Poster\\\\14122020100958\\\\101000_xac_chet_bi_anp.jpg\",\"Type\":\"Portrait\"}]","Name":"Xác chết bí ẩn","Title":"Xác chết bí ẩn","Path":"https://vcv60b6khlvod.vcdn.cloud///mam/vtc/hop_tac/phim_le/2020/12/14/xac_chet_bi_an/hls/master.m3u8","Schedule":"2021-09-15T20:00:00","Duration":"01:51:15","Metadata":[{"Name":"Title","Value":"Xác chết bí ẩn"},{"Name":"GenredDescription","Value":"Kinh dị"},{"Name":"Country","Value":"Tây Ban Nha"},{"Name":"Cast","Value":"Aura Garrido, Belén Rueda, José Coronado, Jaime Peña, Hugo Silva, Álex Ulloa"},{"Name":"Director","Value":"Oriol Paulo, Lara Sendim"},{"Name":"ContentType","Value":"0"}]},{"PrivateID":"4d1eeb2d-3524-4e6b-b6e9-978054729be3","Description":"Poong Ho chỉ là kẻ giang hồ, chuyên kiếm tiền bằng đánh nhau. Cho tới khi, anh trai cậu bị kẻ khác hãm hại, Poong Ho quyết định không tiếp tục lang bạt mà thực sự bước vào một cuộc đấu nghiêm túc.","Image":"[{\"Type\":\"Portrait\",\"Url\":\"MAM\\\\VTC\\\\HOP_TAC\\\\PHIM_LE\\\\2020\\\\11\\\\08\\\\TRAN_CHIEN_CUOI_CUNG\\\\Custom\\\\08112020154152\\\\154151_tran_chien_cuoi_cungp.jpg\"},{\"Url\":\"MAM\\\\VTC\\\\HOP_TAC\\\\PHIM_LE\\\\2020\\\\11\\\\08\\\\TRAN_CHIEN_CUOI_CUNG\\\\thumbnail\\\\08112020153442\\\\153441_tran_chien_cuoi_cungt.jpg\",\"Type\":\"Thumbnail\"},{\"Url\":\"MAM\\\\VTC\\\\HOP_TAC\\\\PHIM_LE\\\\2020\\\\11\\\\08\\\\TRAN_CHIEN_CUOI_CUNG\\\\Poster\\\\08112020153626\\\\153625_tran_chien_cuoi_cung_vuong.jpg\",\"Type\":\"Square\"}]","Name":"Trận chiến cuối cùng","Title":"Trận chiến cuối cùng","Path":"https://vcv60b6khlvod.vcdn.cloud///mam/vtc/hop_tac/phim_le/2020/11/08/tran_chien_cuoi_cung/hls/master.m3u8","Schedule":"2021-09-03T20:00:00","Duration":"01:33:22","Metadata":[{"Name":"Title","Value":"Trận chiến cuối cùng"},{"Name":"GenredDescription","Value":"Hành động"},{"Name":"Country","Value":"Hàn Quốc"},{"Name":"Cast","Value":"Lee Ju Seung, Oh Ji Ho"},{"Name":"ContentType","Value":"0"},{"Name":"Director","Value":"Shin Jai Ho"}]},{"PrivateID":"1f1e9a38-c14d-4550-aef7-bc8ce2aed0b7","Description":"Nick- một cảnh sát New York quyết định theo chân kẻ thù Viktor Dragovic đến Bangkok để trả thù đồng thời phá đường dây buôn người của hắn. Nick đã kết hợp với một cảnh sát người Thái là Tony Vitayakul để hành động và trốn chạy sự truy bắt của FBI.","Image":"[{\"Type\":\"Portrait\",\"Url\":\"MAM\\\\VTC\\\\HOP_TAC\\\\PHIM_LE\\\\2020\\\\11\\\\16\\\\MANG_DOI_MANG\\\\Custom\\\\18112020104435\\\\104434_mang_doi_mangp.jpg\"},{\"Url\":\"MAM/VTC/HOP_TAC/PHIM_LE/2020/11/16/MANG_DOI_MANG/Image/152410_thumbnail.jpg\",\"Type\":\"Thumbnail\"},{\"Url\":\"MAM\\\\VTC\\\\HOP_TAC\\\\PHIM_LE\\\\2020\\\\11\\\\16\\\\MANG_DOI_MANG\\\\Poster\\\\18112020104429\\\\104429_mang_doi_mang_vuong.jpg\",\"Type\":\"Square\"}]","Name":"Mạng đổi mạng","Title":"Mạng đổi mạng","Path":"https://vcv60b6khlvod.vcdn.cloud///mam/vtc/hop_tac/phim_le/2020/11/16/mang_doi_mang/hls/master.m3u8","Schedule":"2021-08-31T20:00:00","Duration":"01:29:38","Metadata":[{"Name":"Title","Value":"Mạng đổi mạng"},{"Name":"GenredDescription","Value":"Hành động"},{"Name":"Country","Value":"Mỹ"},{"Name":"Cast","Value":"Dolph Lundgren, Tony Jaa, Michael Jai White"},{"Name":"ContentType","Value":"0"},{"Name":"Director","Value":"Ekachai Uekrongtham"}]},{"PrivateID":"d717dfc6-07c5-4b90-91fd-6846b2befd6d","Description":"Tình yêu ở mọi thời điểm đều đẹp, là bức thư tình nhạt mực cha gửi mẹ, là những dòng tin nhắn từ Chiang Mai tới Nhật Bản xa xôi.","Image":"[{\"Type\":\"Square\",\"Url\":\"MAM\\\\VTC\\\\HOP_TAC\\\\PHIM_LE\\\\2020\\\\08\\\\31\\\\DONG_THOI_GIAN\\\\Custom\\\\28102020152433\\\\152434_dongthoigianVuong.jpg\"},{\"Url\":\"MAM\\\\VTC\\\\HOP_TAC\\\\PHIM_LE\\\\2020\\\\08\\\\31\\\\DONG_THOI_GIAN\\\\thumbnail\\\\31082020171410\\\\171412_dong_thoi_giant.jpg\",\"Type\":\"Thumbnail\"},{\"Url\":\"MAM\\\\VTC\\\\HOP_TAC\\\\PHIM_LE\\\\2020\\\\08\\\\31\\\\DONG_THOI_GIAN\\\\Poster\\\\31082020171429\\\\171431_dong_thoi_gianp.jpg\",\"Type\":\"Portrait\"}]","Name":"Dòng thời gian","Title":"Dòng thời gian","Path":"https://vcv60b6khlvod.vcdn.cloud///mam/vtc/hop_tac/phim_le/2020/08/31/dong_thoi_gian/hls/master.m3u8","Schedule":"2021-07-13T20:00:00","Duration":"02:09:22","Metadata":[{"Name":"Title","Value":"Dòng thời gian"},{"Name":"GenredDescription","Value":"Tình cảm"},{"Name":"Country","Value":"Thái Lan"},{"Name":"Director","Value":"Nonzee Nimibutr"},{"Name":"Cast","Value":"Jirayu Tangsrisuk, Jarinporn Junkiat, Piyatida Mitteeraroj, Chaiyanam"},{"Name":"ContentType","Value":"0"}]},{"PrivateID":"5f312b81-a2d0-4a22-851e-b9adcf2304d9","Description":"Liên tiếp bị ám ảnh bởi những cơn ác mộng về một kẻ giết người hàng loạt, Annie phát hiện những điều xảy ra trong giấc mơ trùng khớp với những sự kiện trong cuộc sống và như vậy nghĩa là tính mạng cô cũng đang nằm trên bờ vực nguy hiểm.","Image":"[{\"Type\":\"Square\",\"Url\":\"MAM\\\\VTC\\\\HOP_TAC\\\\PHIM_LE\\\\2020\\\\08\\\\31\\\\KHE_UOC_KINH_HOANG\\\\Custom\\\\28102020162009\\\\162010_KheuockinhhoangVuong.jpg\"},{\"Url\":\"MAM\\\\VTC\\\\HOP_TAC\\\\PHIM_LE\\\\2020\\\\08\\\\31\\\\KHE_UOC_KINH_HOANG\\\\thumbnail\\\\31082020182520\\\\182521_khe_uoc_kinh_hoangt.jpg\",\"Type\":\"Thumbnail\"},{\"Url\":\"MAM\\\\VTC\\\\HOP_TAC\\\\PHIM_LE\\\\2020\\\\08\\\\31\\\\KHE_UOC_KINH_HOANG\\\\Portrait\\\\31082020182541\\\\182543_khe_uoc_kinh_hoangp.jpg\",\"Type\":\"Portrait\"}]","Name":"Khế ước kinh hoàng","Title":"Khế ước kinh hoàng","Path":"https://vcv60b6khlvod.vcdn.cloud///mam/vtc/hop_tac/phim_le/2020/08/31/khe_uoc_kinh_hoang/hls/master.m3u8","Schedule":"2021-07-09T20:00:00","Duration":"01:31:56","Metadata":[{"Name":"Title","Value":"Khế ước kinh hoàng"},{"Name":"GenredDescription","Value":"Kinh dị"},{"Name":"Country","Value":"Mỹ"},{"Name":"Director","Value":"Dallas Richard Hallam, Patrick Horvath"},{"Name":"Cast","Value":"Caity Lotz, Camilla Luddington, Scott Michael Foster"},{"Name":"ContentType","Value":"0"}]},{"PrivateID":"5dbf06cd-b342-4b79-a479-80d51a3f76fb","Description":"Lãnh Phong, người lính sẵn sàng xông pha trận mạc bị khai trừ khỏi quân đội sau khi cãi lời chỉ huy và bắn chết một phần tử khủng bố, em trai của tên trùm ma túy Mẫn Đăng. ","Image":"[{\"Type\":\"Square\",\"Url\":\"MAM\\\\VTC\\\\HOP_TAC\\\\PHIM_LE\\\\2020\\\\08\\\\31\\\\CHIEN_LANG\\\\Custom\\\\10102020101413\\\\101414_chien_lang_vuong.jpg\"},{\"Url\":\"MAM\\\\VTC\\\\HOP_TAC\\\\PHIM_LE\\\\2020\\\\08\\\\31\\\\CHIEN_LANG\\\\thumbnail\\\\31082020151539\\\\151541_chien_langt.jpg\",\"Type\":\"Thumbnail\"},{\"Url\":\"MAM\\\\VTC\\\\HOP_TAC\\\\PHIM_LE\\\\2020\\\\08\\\\31\\\\CHIEN_LANG\\\\Poster\\\\31082020151601\\\\151603_chien_langp.jpg\",\"Type\":\"Portrait\"}]","Name":"Chiến lang","Title":"Chiến lang","Path":"https://vcv60b6khlvod.vcdn.cloud///mam/vtc/hop_tac/phim_le/2020/08/31/chien_lang/hls/master.m3u8","Schedule":"2021-06-29T20:00:00","Duration":"01:30:02","Metadata":[{"Name":"Title","Value":"Chiến lang"},{"Name":"GenredDescription","Value":"Hành động"},{"Name":"Country","Value":"Trung Quốc"},{"Name":"Director","Value":"Ngô Kinh"},{"Name":"Cast","Value":"Oleg Prudius, Celina Jade, Trương Hàn, Ngô Kinh, Frank Grillo"},{"Name":"ContentType","Value":"0"}]},{"PrivateID":"2b71f9d6-2036-4e8d-b663-976919258686","Description":"Justine Wills một mình ở lại ký túc xá của trường trong kỳ nghỉ. Cô đụng độ với một cô gái có vẻ ngoài kỳ quái, thuộc giáo phái chuyên giết hại nữ sinh trong sáng để làm lễ tế.","Image":"[{\"Type\":\"Square\",\"Url\":\"MAM\\\\VTC\\\\HOP_TAC\\\\PHIM_LE\\\\2021\\\\06\\\\24\\\\SAN_LUNG_KRISTY\\\\Square\\\\24062021162536\\\\162541_san_lung_kristy_vuong.jpg\"},{\"Type\":\"Portrait\",\"Url\":\"MAM\\\\VTC\\\\HOP_TAC\\\\PHIM_LE\\\\2021\\\\06\\\\24\\\\SAN_LUNG_KRISTY\\\\Portrait\\\\24062021162527\\\\162531_san_lung_kristyp.jpg\"},{\"Type\":\"Thumbnail\",\"Url\":\"MAM\\\\VTC\\\\HOP_TAC\\\\PHIM_LE\\\\2021\\\\06\\\\24\\\\SAN_LUNG_KRISTY\\\\Thumbnail\\\\24062021162515\\\\162519_san_lung_kristyt.jpg\"}]","Name":"Săn lùng Kristy","Title":"Săn lùng Kristy","Path":"https://vcv60b6khlvod.vcdn.cloud///mam/vtc/hop_tac/phim_le/2021/06/24/san_lung_kristy/hls/master.m3u8","Schedule":"2021-06-25T21:00:00","Duration":"01:24:25","Metadata":[{"Name":"Title","Value":"Săn lùng Kristy"},{"Name":"GenredDescription","Value":"Kinh dị"},{"Name":"Country","Value":"Mỹ"},{"Name":"Highlight","Value":"false"},{"Name":"Cast","Value":"Haley Bennett, Ashley Greene, Lucas Till"},{"Name":"Director","Value":"Olly Blackburn"},{"Name":"ContentType","Value":"0"}]},{"PrivateID":"914afe66-1ad7-4ed0-abd2-8b50f570a16c","Description":"Một người chồng tuyệt vọng, đã đem bộ não của người vợ đã chết của mình cấy vào Amelia 2.0 - một trí tuệ nhân tạo mới ra đời. Và Amelia lúc này, vừa là cỗ máy, vừa là con người có c","Image":"[{\"Type\":\"Square\",\"Url\":\"MAM\\\\VTC\\\\HOP_TAC\\\\PHIM_LE\\\\2021\\\\06\\\\23\\\\HOI_SINH_AMELIA\\\\Square\\\\23062021144854\\\\144855_hoi_sinh_amelia_vuong.jpg\"},{\"Type\":\"Portrait\",\"Url\":\"MAM\\\\VTC\\\\HOP_TAC\\\\PHIM_LE\\\\2021\\\\06\\\\23\\\\HOI_SINH_AMELIA\\\\Portrait\\\\23062021144844\\\\144845_hoi_sinh_ameliap.jpg\"},{\"Type\":\"Thumbnail\",\"Url\":\"MAM\\\\VTC\\\\HOP_TAC\\\\PHIM_LE\\\\2021\\\\06\\\\23\\\\HOI_SINH_AMELIA\\\\Thumbnail\\\\23062021144838\\\\144839_hoi_sinh_ameliat.jpg\"}]","Name":"Hồi sinh Amelia","Title":"Hồi sinh Amelia","Path":"https://vcv60b6khlvod.vcdn.cloud///mam/vtc/hop_tac/phim_le/2021/06/23/hoi_sinh_amelia/hls/master.m3u8","Schedule":"2021-06-23T21:00:00","Duration":"01:29:29","Metadata":[{"Name":"Title","Value":"Hồi sinh Amelia"},{"Name":"GenredDescription","Value":"Viễn tưởng"},{"Name":"Country","Value":"Mỹ"},{"Name":"Highlight","Value":"false"},{"Name":"Cast","Value":"Ed Begley Jr., Debra Wilson"},{"Name":"Director","Value":"Adam Orton"},{"Name":"ContentType","Value":"0"}]},{"PrivateID":"0cb796bd-309a-4c31-95e8-905c35931bc8","Description":"Mihika bị lỡ chuyến bay đến Delhi để đón sinh nhật cùng chồng. Cô phải đi taxi với Manu để đến Dehli nhưng lại bị lạc đường, rồi từ đây loạt tình huống dở khóc dở cười xảy ra","Image":"[{\"Type\":\"Square\",\"Url\":\"MAM\\\\VTC\\\\HOP_TAC\\\\PHIM_LE\\\\2021\\\\06\\\\18\\\\HAY_DEN_DELLI\\\\Square\\\\18062021131849\\\\131849_hay_den_dehli_vuong.jpg\"},{\"Type\":\"Portrait\",\"Url\":\"MAM\\\\VTC\\\\HOP_TAC\\\\PHIM_LE\\\\2021\\\\06\\\\18\\\\HAY_DEN_DELLI\\\\Portrait\\\\18062021131732\\\\131733_hay_den_dehlip.jpg\"},{\"Type\":\"Thumbnail\",\"Url\":\"MAM\\\\VTC\\\\HOP_TAC\\\\PHIM_LE\\\\2021\\\\06\\\\18\\\\HAY_DEN_DELLI\\\\Thumbnail\\\\18062021131722\\\\131723_hay_den_dehlit.jpg\"}]","Name":"Hãy đến Dehli","Title":"Hãy đến Dehli","Path":"https://vcv60b6khlvod.vcdn.cloud///mam/vtc/hop_tac/phim_le/2021/06/18/hay_den_delli/hls/master.m3u8","Schedule":"2021-06-18T20:00:00","Duration":"01:51:14","Metadata":[{"Name":"Title","Value":"Hãy đến Dehli"},{"Name":"GenredDescription","Value":"Hài"},{"Name":"Country","Value":"Ấn Độ"},{"Name":"Highlight","Value":"false"},{"Name":"Cast","Value":"Lara Dutta, Vinay Pathak, Akshay Kumar"},{"Name":"Director","Value":"Shashant Shah"},{"Name":"ContentType","Value":"0"}]},{"PrivateID":"64ca26a6-90c4-4cbf-af14-9808b2bcfe0c","Description":"Christine Lucas đã bị mất đi trí nhớ sau một vụ tấn công bạo lực. Một ngày nọ, sự thật đáng sợ dần hé lộ, buộc cô phải đặt nghi vấn với chính những người xung quanh mình.","Image":"[{\"Type\":\"Square\",\"Url\":\"MAM\\\\VTC\\\\HOP_TAC\\\\PHIM_LE\\\\2021\\\\06\\\\15\\\\TOI_AC_NGU_SAY\\\\Square\\\\15062021174248\\\\174252_toi_ac_ngu_say_vuong.jpg\"},{\"Type\":\"Portrait\",\"Url\":\"MAM\\\\VTC\\\\HOP_TAC\\\\PHIM_LE\\\\2021\\\\06\\\\15\\\\TOI_AC_NGU_SAY\\\\Portrait\\\\15062021174152\\\\174156_toi_ac_ngu_sayposter.jpg\"},{\"Type\":\"Thumbnail\",\"Url\":\"MAM\\\\VTC\\\\HOP_TAC\\\\PHIM_LE\\\\2021\\\\06\\\\15\\\\TOI_AC_NGU_SAY\\\\Thumbnail\\\\15062021174143\\\\174147_toi_ac_ngu_saythumb.jpg\"}]","Name":"Tội ác ngủ say","Title":"Tội ác ngủ say","Path":"https://vcv60b6khlvod.vcdn.cloud///mam/vtc/hop_tac/phim_le/2021/06/15/toi_ac_ngu_say/hls/master.m3u8","Schedule":"2021-06-15T21:00:00","Duration":"01:28:16","Metadata":[{"Name":"Title","Value":"Tội ác ngủ say"},{"Name":"GenredDescription","Value":"Kinh dị"},{"Name":"Country","Value":"Mỹ"},{"Name":"Highlight","Value":"false"},{"Name":"Cast","Value":"Nicole Kidman, Colin Firth, Mark Strong"},{"Name":"Director","Value":"Rowan Joffe"},{"Name":"ContentType","Value":"0"}]},{"PrivateID":"bcb9796d-566d-42b9-9848-5accf1396b64","Description":"Yeon Woo, một luật sư tài năng, mất mạng vì lý do nhầm lẫn. Ông trời cho cô một cơ hội sống lại nhưng sống lại trong thân phận của một bà nội trợ với hai đứa con nhỏ.","Image":"[{\"Type\":\"Square\",\"Url\":\"MAM\\\\VTC\\\\HOP_TAC\\\\PHIM_LE\\\\2020\\\\08\\\\14\\\\CON_AC_MONG_DIEU_KY\\\\Custom\\\\09102020151214\\\\151216_con_ac_mong_dieu_ky_vuong.jpg\"},{\"Type\":\"Portrait\",\"Url\":\"MAM\\\\VTC\\\\HOP_TAC\\\\PHIM_LE\\\\2020\\\\08\\\\14\\\\CON_AC_MONG_DIEU_KY\\\\Thumbnail\\\\17082020144840\\\\144840_con_ac_mong_dieu_kyp.jpg\"},{\"Url\":\"MAM/VTC/HOP_TAC/PHIM_LE/2020/08/14/CON_AC_MONG_DIEU_KY/Image/poster.jpg\",\"Type\":\"Thumbnail\"}]","Name":"Cơn ác mộng diệu kỳ","Title":"Cơn ác mộng diệu kỳ","Path":"https://vcv60b6khlvod.vcdn.cloud///mam/vtc/hop_tac/phim_le/2020/08/14/con_ac_mong_dieu_ky/hls/master.m3u8","Schedule":"2021-06-15T20:00:00","Duration":"01:58:58","Metadata":[{"Name":"Title","Value":"Cơn ác mộng diệu kỳ"},{"Name":"GenredDescription","Value":"Hài"},{"Name":"Country","Value":"Hàn Quốc"},{"Name":"Cast","Value":"Song Seung Heon, Uhm Jung Hwa"},{"Name":"ContentType","Value":"0"},{"Name":"Director","Value":"Kang Hyo Jin"}]},{"PrivateID":"9f3a8818-d9a0-4276-92f3-5bd5b5ce8b29","Description":"Phim tràn ngập tiếng cười khi hai siêu trộm Thongs và Octopus phối hợp ăn ý để thoát thân. Những tình huống hài hước phát sinh khi họ bắt cóc nhầm một bé sơ sinh.","Image":"[{\"Type\":\"Square\",\"Url\":\"MAM\\\\VTC\\\\HOP_TAC\\\\PHIM_LE\\\\2021\\\\06\\\\09\\\\KE_HOACH_BAO_BOI\\\\Square\\\\09062021115010\\\\115011_ke_hoach_bao_boi_vuong.jpg\"},{\"Type\":\"Portrait\",\"Url\":\"MAM\\\\VTC\\\\HOP_TAC\\\\PHIM_LE\\\\2021\\\\06\\\\09\\\\KE_HOACH_BAO_BOI\\\\Portrait\\\\09062021114851\\\\114852_ke_hoach_bao_boip.jpg\"},{\"Type\":\"Thumbnail\",\"Url\":\"MAM\\\\VTC\\\\HOP_TAC\\\\PHIM_LE\\\\2021\\\\06\\\\09\\\\KE_HOACH_BAO_BOI\\\\Thumbnail\\\\09062021114839\\\\114841_ke_hoach_bao_boit.jpg\"}]","Name":"Kế hoạch bảo bối","Title":"Kế hoạch bảo bối","Path":"https://vcv60b6khlvod.vcdn.cloud///mam/vtc/hop_tac/phim_le/2021/06/09/ke_hoach_bao_boi/hls/master.m3u8","Schedule":"2021-06-12T21:00:00","Duration":"02:06:12","Metadata":[{"Name":"Title","Value":"Kế hoạch bảo bối"},{"Name":"GenredDescription","Value":"Hài"},{"Name":"Country","Value":"Trung Quốc"},{"Name":"Highlight","Value":"false"},{"Name":"Cast","Value":" Hứa Quán Văn, Cổ Thiên Lạc, Cao Viên Viên, Thái Trác Nghiên, Ứng Thái Nhi"},{"Name":"Director","Value":"Thành Long"},{"Name":"ContentType","Value":"0"}]},{"PrivateID":"a3fa08f7-ab58-43a9-b05c-ab8fc3ab7412","Description":"Do nhận dạng sai lầm mà cuộc sống của một cô gái trở thành cơn ác mộng. Những cuộc điện thoại liên tục gọi đến từ những tay chủ nợ và đòi hỏi những yêu cầu vô lý.","Image":"[{\"Type\":\"Square\",\"Url\":\"MAM\\\\VTC\\\\HOP_TAC\\\\PHIM_LE\\\\2021\\\\06\\\\02\\\\TOI_KHONG_PHAI_LORENA\\\\Square\\\\02062021131113\\\\131116_toi_khong_phai_lorena_vuong.jpg\"},{\"Type\":\"Portrait\",\"Url\":\"MAM\\\\VTC\\\\HOP_TAC\\\\PHIM_LE\\\\2021\\\\06\\\\02\\\\TOI_KHONG_PHAI_LORENA\\\\Portrait\\\\02062021131016\\\\131019_toi_khong_phai_lorenap.jpg\"},{\"Type\":\"Thumbnail\",\"Url\":\"MAM\\\\VTC\\\\HOP_TAC\\\\PHIM_LE\\\\2021\\\\06\\\\02\\\\TOI_KHONG_PHAI_LORENA\\\\Thumbnail\\\\02062021131008\\\\131010_toi_khong_phai_lorenat.jpg\"}]","Name":"Tôi không phải Lorena","Title":"Tôi không phải Lorena","Path":"https://vcv60b6khlvod.vcdn.cloud///mam/vtc/hop_tac/phim_le/2021/06/02/toi_khong_phai_lorena/hls/master.m3u8","Schedule":"2021-06-05T21:00:00","Duration":"01:23:49","Metadata":[{"Name":"Title","Value":"Tôi không phải Lorena"},{"Name":"GenredDescription","Value":"Tình cảm"},{"Name":"Country","Value":"Chile"},{"Name":"Highlight","Value":"false"},{"Name":"Cast","Value":"Loreto Aravena, Paulina García, Gabriela Aguilera, Matias Oviedo"},{"Name":"Director","Value":"Isidora Marras"},{"Name":"ContentType","Value":"0"}]},{"PrivateID":"5247a608-e564-4753-9149-b7a4bdb2d40a","Description":"Chỉ một cái nhìn thoáng qua đã mang Aliya đến những sự kiện khiến cô chìm vào đại dương tội lỗi. Khi đang say sưa với những niềm đam mê và sự hỗn loạn, cô thấy mình sắp chết đi.","Image":"[{\"Type\":\"Square\",\"Url\":\"MAM\\\\VTC\\\\HOP_TAC\\\\PHIM_LE\\\\2021\\\\06\\\\02\\\\THOAT_KHOI_THE_GIOI_NGAM\\\\Square\\\\02062021130720\\\\130723_thoat_khoi_the_gioi_ngm_vuong.jpg\"},{\"Type\":\"Portrait\",\"Url\":\"MAM\\\\VTC\\\\HOP_TAC\\\\PHIM_LE\\\\2021\\\\06\\\\02\\\\THOAT_KHOI_THE_GIOI_NGAM\\\\Portrait\\\\02062021130355\\\\130358_thoat_khoi_the_gioi_ngamp.jpg\"},{\"Type\":\"Thumbnail\",\"Url\":\"MAM\\\\VTC\\\\HOP_TAC\\\\PHIM_LE\\\\2021\\\\06\\\\02\\\\THOAT_KHOI_THE_GIOI_NGAM\\\\Thumbnail\\\\02062021130346\\\\130349_thoat_khoi_the_gioi_ngamt.jpg\"}]","Name":"Thoát khỏi thế giới ngầm","Title":"Thoát khỏi thế giới ngầm","Path":"https://vcv60b6khlvod.vcdn.cloud///mam/vtc/hop_tac/phim_le/2021/06/02/thoat_khoi_the_gioi_ngam/hls/master.m3u8","Schedule":"2021-06-02T21:00:00","Duration":"01:39:09","Metadata":[{"Name":"Title","Value":"Thoát khỏi thế giới ngầm"},{"Name":"GenredDescription","Value":"Hành động"},{"Name":"Country","Value":"Mỹ"},{"Name":"Highlight","Value":"false"},{"Name":"Cast","Value":"Armand Assante, Peter O'Toole, Michael Madsen, Kanat Abishev, Zhanelya Alikova, Nurlan Altaev"},{"Name":"Director","Value":"Hành động"},{"Name":"ContentType","Value":"0"}]},{"PrivateID":"9b434c83-93a6-4695-8bf1-11c1c423155b","Description":"Cốc Tử Địa được giao nhiệm vụ bảo vệ mỏ than ở bờ phía nam sông Vấn. Đơn vị của anh phải chiến đấu cho đến hơi thở cuối cùng. Sự thật đằng sau cuộc chiến khốc liệt đó là gì?","Image":"[{\"Type\":\"Square\",\"Url\":\"MAM\\\\VTC\\\\HOP_TAC\\\\PHIM_LE\\\\2021\\\\05\\\\26\\\\HIEU_LENH_TAP_KET\\\\Square\\\\26052021182209\\\\182210_hieu_lenh_tap_ket_vuong.jpg\"},{\"Type\":\"Portrait\",\"Url\":\"MAM\\\\VTC\\\\HOP_TAC\\\\PHIM_LE\\\\2021\\\\05\\\\26\\\\HIEU_LENH_TAP_KET\\\\Portrait\\\\26052021182025\\\\182026_hieu_lenh_tap_ketp.jpg\"},{\"Type\":\"Thumbnail\",\"Url\":\"MAM\\\\VTC\\\\HOP_TAC\\\\PHIM_LE\\\\2021\\\\05\\\\26\\\\HIEU_LENH_TAP_KET\\\\Thumbnail\\\\26052021182017\\\\182018_hieu_lenh_tap_kett.jpg\"}]","Name":"Hiệu lệnh tập kết","Title":"Hiệu lệnh tập kết","Path":"https://vcv60b6khlvod.vcdn.cloud///mam/vtc/hop_tac/phim_le/2021/05/26/hieu_lenh_tap_ket/hls/master.m3u8","Schedule":"2021-05-29T21:00:00","Duration":"02:04:08","Metadata":[{"Name":"Title","Value":"Hiệu lệnh tập kết"},{"Name":"Country","Value":"Trung Quốc"},{"Name":"Highlight","Value":"false"},{"Name":"Cast","Value":"Trương Hàm Dư,Đặng Siêu,Viên Văn Khang,Liêu Phàm, Vương Bảo, Đường Yên"},{"Name":"Director","Value":"Phùng Tiểu Cương"},{"Name":"ContentType","Value":"0"}]},{"PrivateID":"5d18a364-8193-4902-8a18-28bcf5a8c63c","Description":"Chuyện tình đẹp với cảnh quay lãng mạn giữa 1 du học sinh người Hàn tên Joon Ho và 1 cô gái Trung Quốc tên Tiểu Ưu. Nam chính bị bệnh ung thư máu nên nói lời chia tay nhưng vẫn dành những năm tháng cuối đời âm thầm bảo vệ người yêu.","Image":"[{\"Type\":\"Square\",\"Url\":\"MAM\\\\VTC\\\\HOP_TAC\\\\PHIM_LE\\\\2020\\\\08\\\\31\\\\DUOI_ANH_MAT_TROI_SICILY\\\\Custom\\\\28102020153141\\\\153141_duoianhmattroisisilyVuong.jpg\"},{\"Url\":\"MAM\\\\VTC\\\\HOP_TAC\\\\PHIM_LE\\\\2020\\\\08\\\\31\\\\DUOI_ANH_MAT_TROI_SICILY\\\\thumbnail\\\\31082020171142\\\\171144_duoi_anh_mat_troi_o_sicilythumb.jpg\",\"Type\":\"Thumbnail\"},{\"Url\":\"MAM\\\\VTC\\\\HOP_TAC\\\\PHIM_LE\\\\2020\\\\08\\\\31\\\\DUOI_ANH_MAT_TROI_SICILY\\\\Portrait\\\\31082020171210\\\\171212_duoi_anh_mat_troi_o_sicilyposter.jpg\",\"Type\":\"Portrait\"}]","Name":"Dưới ánh mặt trời Sicily","Title":"Dưới ánh mặt trời Sicily","Path":"https://vcv60b6khlvod.vcdn.cloud///mam/vtc/hop_tac/phim_le/2020/08/31/duoi_anh_mat_troi_sicily/hls/master.m3u8","Schedule":"2021-05-29T20:00:00","Duration":"01:38:37","Metadata":[{"Name":"Title","Value":"Dưới ánh mặt trời Sicily"},{"Name":"GenredDescription","Value":"Tình cảm"},{"Name":"Country","Value":"Trung Quốc"},{"Name":"Director","Value":"Lâm Dục Hiền"},{"Name":"Cast","Value":"Châu Đông Vũ, Lee Joon Gi, Nguyễn Kinh,"},{"Name":"ContentType","Value":"0"}]},{"PrivateID":"3376dbac-4515-40dc-969f-e15d5a867eff","Description":"Một bộ phim tình cảm hài hước kể về cô nàng xinh đẹp chia tay bạn trai khi ngấp nghé 30. Cô đã làm gì để tìm được một nửa đích thực của đời mình?","Image":"[{\"Type\":\"Square\",\"Url\":\"MAM\\\\VTC\\\\HOP_TAC\\\\PHIM_LE\\\\2021\\\\05\\\\26\\\\LO_THI_TUOI_30\\\\Square\\\\26052021174838\\\\174839_lo_thi_tuoi_30_vuong.jpg\"},{\"Type\":\"Portrait\",\"Url\":\"MAM\\\\VTC\\\\HOP_TAC\\\\PHIM_LE\\\\2021\\\\05\\\\26\\\\LO_THI_TUOI_30\\\\Portrait\\\\26052021174815\\\\174817_lo_thi_tuoi_30_doc.jpg\"},{\"Type\":\"Thumbnail\",\"Url\":\"MAM\\\\VTC\\\\HOP_TAC\\\\PHIM_LE\\\\2021\\\\05\\\\26\\\\LO_THI_TUOI_30\\\\Thumbnail\\\\26052021174748\\\\174749_lo_thi_tuoi_30t.jpg\"}]","Name":"Lỡ thì tuổi 30","Title":"Lỡ thì tuổi 30","Path":"https://vcv60b6khlvod.vcdn.cloud///mam/vtc/hop_tac/phim_le/2021/05/26/lo_thi_tuoi_30/hls/master.m3u8","Schedule":"2021-05-26T21:00:00","Duration":"01:50:49","Metadata":[{"Name":"Title","Value":"Lỡ thì tuổi 30"},{"Name":"GenredDescription","Value":"Hài"},{"Name":"Country","Value":"Thái Lan"},{"Name":"Highlight","Value":"false"},{"Name":"Cast","Value":"Laila Boonyasak, Arak Amornsupasiri, Pijittra Siriwetchapan"},{"Name":"Director","Value":"Puttipong Pormsaka Na-Sakonnakorn"},{"Name":"Author","Value":"Chermarn Boonyasak, Arak Amornsupasiri, Sudarat Budtporm, Pijitra Siriwerapan"},{"Name":"ContentType","Value":"0"}]},{"PrivateID":"6c6c51b6-ae5c-4e13-b932-f32b6dfed6f5","Description":"Một loài sinh vật đột biến với khả năng sinh tồn kỳ dị đã được giải thoát sau ba thập kỷ. Trong một đêm, nhóm sinh viên đã trở thành \"bữa tiệc\" đẫm máu cho lũ sinh vật đáng sợ này.","Image":"[{\"Type\":\"Square\",\"Url\":\"MAM\\\\VTC\\\\HOP_TAC\\\\PHIM_LE\\\\2021\\\\05\\\\18\\\\TRUNG_QUY\\\\Square\\\\18052021083009\\\\083010_trung_quy_vuong.jpg\"},{\"Type\":\"Portrait\",\"Url\":\"MAM\\\\VTC\\\\HOP_TAC\\\\PHIM_LE\\\\2021\\\\05\\\\18\\\\TRUNG_QUY\\\\Portrait\\\\18052021083017\\\\083018_trung_quyposter.jpg\"},{\"Type\":\"Thumbnail\",\"Url\":\"MAM\\\\VTC\\\\HOP_TAC\\\\PHIM_LE\\\\2021\\\\05\\\\18\\\\TRUNG_QUY\\\\Thumbnail\\\\18052021082748\\\\082749_trung_quythumb.jpg\"}]","Name":"Trùng quỷ","Title":"Trùng quỷ","Path":"https://vcv60b6khlvod.vcdn.cloud///mam/vtc/hop_tac/phim_le/2021/05/18/trung_quy/hls/master.m3u8","Schedule":"2021-05-21T21:00:00","Duration":"01:18:13","Metadata":[{"Name":"Title","Value":"Trùng quỷ"},{"Name":"GenredDescription","Value":"Kinh dị"},{"Name":"Country","Value":"Mỹ"},{"Name":"Highlight","Value":"false"},{"Name":"Cast","Value":"Alec Gillis, Lance Henriksen, Camille Balsamo, Matt Winsto"},{"Name":"Director","Value":"Alec Gillis"},{"Name":"ContentType","Value":"0"}]},{"PrivateID":"69eb8382-8c7f-416b-8eb2-0dfc74b807c6","Description":"Lãnh chúa Panwa vì xâm phạm đến đất của Hắc Tinh Tinh nên đã tạo ra một cuộc chiến kinh hoàng. Cuộc chiến cuốn theo Prai, một pháp sư trẻ tuổi nắm trong tay vận mệnh thay đổi đại cục.","Image":"[{\"Type\":\"Square\",\"Url\":\"MAM\\\\VTC\\\\HOP_TAC\\\\PHIM_LE\\\\2021\\\\05\\\\18\\\\THO_SAN_LINH_HON\\\\Square\\\\18052021083637\\\\083638_tho_san_linh_hon_vuong.jpg\"},{\"Type\":\"Portrait\",\"Url\":\"MAM\\\\VTC\\\\HOP_TAC\\\\PHIM_LE\\\\2021\\\\05\\\\18\\\\THO_SAN_LINH_HON\\\\Portrait\\\\18052021083642\\\\083643_tho_san_linh_honp.jpg\"},{\"Type\":\"Thumbnail\",\"Url\":\"MAM\\\\VTC\\\\HOP_TAC\\\\PHIM_LE\\\\2021\\\\05\\\\18\\\\THO_SAN_LINH_HON\\\\Thumbnail\\\\18052021083445\\\\083445_tho_san_linh_hont.jpg\"}]","Name":"Thợ săn linh hồn","Title":"Thợ săn linh hồn","Path":"https://vcv60b6khlvod.vcdn.cloud///mam/vtc/hop_tac/phim_le/2021/05/18/tho_san_linh_hon/hls/master.m3u8","Schedule":"2021-05-18T21:00:00","Duration":"01:20:56","Metadata":[{"Name":"Title","Value":"Thợ săn linh hồn"},{"Name":"GenredDescription","Value":"Kinh dị"},{"Name":"Country","Value":"Thái Lan"},{"Name":"Highlight","Value":"false"},{"Name":"Cast","Value":"Akara Amarttayakul, Sa-Ard Piempongsan, Phutharit Prombandal"},{"Name":"Director","Value":"Pisut Praesangeam"},{"Name":"ContentType","Value":"0"}]},{"PrivateID":"6f091ba0-8eab-4f01-83bf-046712135b13","Description":"Vương Kỳ Dao và những mối tình dang dở khi Trình tiên sinh luôn âm thầm ở bên khi cô chia tay mối tình đầu. Nhưng cô lại có con với một công tử nhà giàu dù đó không phải là người cô yêu.","Image":"[{\"Type\":\"Square\",\"Url\":\"MAM\\\\VTC\\\\HOP_TAC\\\\PHIM_LE\\\\2021\\\\05\\\\11\\\\TRUONG_DAN_CA\\\\Square\\\\11052021190804\\\\190805_truong_han_ca_vuong.jpg\"},{\"Type\":\"Portrait\",\"Url\":\"MAM\\\\VTC\\\\HOP_TAC\\\\PHIM_LE\\\\2021\\\\05\\\\11\\\\TRUONG_DAN_CA\\\\Portrait\\\\11052021190635\\\\190636_truong_han_caposter.jpg\"},{\"Type\":\"Thumbnail\",\"Url\":\"MAM\\\\VTC\\\\HOP_TAC\\\\PHIM_LE\\\\2021\\\\05\\\\11\\\\TRUONG_DAN_CA\\\\Thumbnail\\\\11052021190627\\\\190628_truong_han_cathumb.jpg\"}]","Name":"Trường hận ca","Title":"Trường hận ca","Path":"https://vcv60b6khlvod.vcdn.cloud///mam/vtc/hop_tac/phim_le/2021/05/11/truong_dan_ca/hls/master.m3u8","Schedule":"2021-05-14T20:00:00","Duration":"01:44:49","Metadata":[{"Name":"Title","Value":"Trường hận ca"},{"Name":"GenredDescription","Value":"Tình cảm"},{"Name":"Country","Value":"Hong Kong, Trung Quốc"},{"Name":"Highlight","Value":"false"},{"Name":"Cast","Value":"Lương Gia Huy, Trịnh Tú Văn, Huỳnh Dịch"},{"Name":"Director","Value":"Quan Cẩm Bằng"},{"Name":"ContentType","Value":"0"}]}]}