{"PrivateKey":"c6bd6504-467b-4521-9f81-ea28fb88de67","Name":"Âm nhạc","Description":"Âm nhạc","Color":"am-nhac","Style":"{}","Icon":"MAM\\VTC\\Image\\Playlist\\2021\\06\\04\\icon\\04062021093445\\093451_AM_NHAC.png","LayoutType":"{\"Type\":\"5\",\"SubType\":\"6\",\"Landscape\":{\"Height\":0,\"Width\":0},\"Portrait\":{\"Height\":0,\"Width\":0}}","CDN":"{\"Name\":\"VNG\",\"LiveDomain\":\"https://liveovp.tek4tv.vn/\",\"VideoDomain\":\"https://vcv60b6khlvod.vcdn.cloud/\",\"ImageDomain\":\"https://vcv60b6khlvod.vcdn.cloud/\",\"IsActive\":true}","OrderID":8,"Components":"[{\"ID\":2032,\"Name\":\"Hôm nay nghe gì?\",\"PrivateKey\":\"f860cd78-df7f-4987-abfe-f17aa0484cff\",\"Count\":20,\"OrderID\":0,\"Domain\":\"\",\"Components\":null,\"LayoutType\":{\"Type\":0,\"SubType\":0,\"Landscape\":{\"Height\":0,\"Width\":0},\"Portrait\":{\"Height\":0,\"Width\":0}},\"Icon\":\"https://k3kkd4yblsweb.vcdn.cloud/\",\"Logo\":null,\"Schedule\":\"{\\\"Duration\\\":0,\\\"Time\\\":\\\"00:00\\\",\\\"Repeat\\\":\\\"\\\"}\",\"Description\":\"Hôm nay nghe gì?\",\"Url\":\"hom-nay-nghe-gi\"},{\"ID\":2033,\"Name\":\"Nhạc trẻ\",\"PrivateKey\":\"d65417b2-9a8d-48b0-9ac7-660d9d69a182\",\"Count\":20,\"OrderID\":1,\"Domain\":\"\",\"Components\":null,\"LayoutType\":{\"Type\":0,\"SubType\":0,\"Landscape\":{\"Height\":0,\"Width\":0},\"Portrait\":{\"Height\":0,\"Width\":0}},\"Icon\":\"https://k3kkd4yblsweb.vcdn.cloud/\",\"Logo\":null,\"Schedule\":\"{\\\"Duration\\\":0,\\\"Time\\\":\\\"00:00\\\",\\\"Repeat\\\":\\\"\\\"}\",\"Description\":\"Nhạc trẻ\",\"Url\":\"nhac-tre\"},{\"ID\":2034,\"Name\":\"Trữ tình\",\"PrivateKey\":\"dbf14234-d977-4798-844f-287f5a492e08\",\"Count\":20,\"OrderID\":2,\"Domain\":\"\",\"Components\":null,\"LayoutType\":{\"Type\":0,\"SubType\":0,\"Landscape\":{\"Height\":0,\"Width\":0},\"Portrait\":{\"Height\":0,\"Width\":0}},\"Icon\":\"https://k3kkd4yblsweb.vcdn.cloud/\",\"Logo\":null,\"Schedule\":\"{\\\"Duration\\\":0,\\\"Time\\\":\\\"00:00\\\",\\\"Repeat\\\":\\\"\\\"}\",\"Description\":\"Trữ tình\",\"Url\":\"tru-tinh\"},{\"ID\":2035,\"Name\":\"Cách mạng\",\"PrivateKey\":\"caf50674-da67-4da3-9770-7646033d197c\",\"Count\":20,\"OrderID\":3,\"Domain\":\"\",\"Components\":null,\"LayoutType\":{\"Type\":0,\"SubType\":0,\"Landscape\":{\"Height\":0,\"Width\":0},\"Portrait\":{\"Height\":0,\"Width\":0}},\"Icon\":\"https://k3kkd4yblsweb.vcdn.cloud/\",\"Logo\":null,\"Schedule\":\"{\\\"Duration\\\":0,\\\"Time\\\":\\\"00:00\\\",\\\"Repeat\\\":\\\"\\\"}\",\"Description\":\"Cách mạng\",\"Url\":\"cach-mang\"}]","Media":[{"PrivateID":"05ea90d2-3f90-4c8a-b7b9-7f11d4e6b1ff","Description":"Sài Gòn sầm uất gắn với sự phù phiếm. Thế nhưng, đâu đó trong những con hẻm hay nơi quán cafe \"cóc\" vẫn tồn tại câu chuyện đẹp, bình dị khiến người ta thương Sài Gòn mãi không thôi.","Image":"[{\"Type\":\"Square\",\"Url\":\"MAM\\\\VTC\\\\HOP_TAC\\\\AM_NHAC\\\\2021\\\\09\\\\10\\\\THANH_SO_3_OK\\\\Square\\\\10092021154219\\\\154220_1080x1080_ograne1.jpg\"},{\"Type\":\"Thumbnail\",\"Url\":\"MAM\\\\VTC\\\\HOP_TAC\\\\AM_NHAC\\\\2021\\\\09\\\\10\\\\THANH_SO_3_OK\\\\Thumbnail\\\\10092021154215\\\\154217_1920x1080_organe.jpg\"}]","Name":"Thanh: Sài Gòn","Title":"Thanh: Sài Gòn","Path":"https://vcv60b6khlvod.vcdn.cloud///mam/vtc/hop_tac/am_nhac/2021/09/10/thanh_so_3_ok/hls/master.m3u8","Schedule":"2021-09-10T20:00:00","Duration":"00:37:53","Metadata":[{"Name":"Title","Value":"Thanh: Sài Gòn"},{"Name":"GenredDescription","Value":"Âm nhạc"},{"Name":"Country","Value":"Việt Nam"},{"Name":"Highlight","Value":"false"},{"Name":"ContentType","Value":"0"}]},{"PrivateID":"0f7872b5-344f-45a9-8fb7-8cd90d5ffc7c","Description":"Chương trình muốn gửi gắm tình cảm, lời động viên và lời chúc bình an đến người dân TPHCM và lực lượng tuyến đầu đang ngày đêm chống lại đại dịch Covid-19.","Image":"[{\"Type\":\"Square\",\"Url\":\"Mam\\\\VTC\\\\DUNG_BO_LO\\\\2021\\\\09\\\\02\\\\DEM_NHAC_TRUC_TUYENTHANH_PHO_TOI_YEU___LOI_CO_VU_GUI_DEN_TUYEN_DAU_CHONG_DICH\\\\Square\\\\02092021152035\\\\152035_VUONG.jpg\"},{\"Type\":\"Thumbnail\",\"Url\":\"Mam\\\\VTC\\\\DUNG_BO_LO\\\\2021\\\\09\\\\02\\\\DEM_NHAC_TRUC_TUYENTHANH_PHO_TOI_YEU___LOI_CO_VU_GUI_DEN_TUYEN_DAU_CHONG_DICH\\\\Thumbnail\\\\02092021152031\\\\152031_ngang.jpg\"}]","Name":"Đêm nhạc trực tuyến \"Thành phố tôi yêu\" ","Title":"Đêm nhạc trực tuyến \"Thành phố tôi yêu\" ","Path":"https://vcv60b6khlvod.vcdn.cloud///204853_CA_NHAC.mp4","Schedule":"2021-09-02T15:21:57","Duration":"01:42:37","Metadata":[{"Name":"Title","Value":"Đêm nhạc trực tuyến\"Thành phố tôi yêu\" - Lời cổ vũ gửi đến tuyến đầu chống dịch"},{"Name":"EndTimecode","Value":"0f7872b5-344f-45a9-8fb7-8cd90d5ffc7c"},{"Name":"Highlight","Value":"false"},{"Name":"ContentType","Value":"0"},{"Name":"FileCode","Value":"https://c0fthcxjokliv.vcdn.cloud/evt2/index.m3u8"}]},{"PrivateID":"080ae57a-a49c-41d1-8f62-e35643725d21","Description":"Những giai điệu trữ tình sâu lắng, cùng nhiều bản nhạc nổi tiếng viết về mùa thu được thể hiện bằng những giọng hát đẹp trong không gian âm nhạc đầy lãng mạn.","Image":"[{\"Type\":\"Square\",\"Url\":\"MAM\\\\VTC\\\\HOP_TAC\\\\AM_NHAC\\\\2021\\\\08\\\\28\\\\THANH_1_OKE_OKE_OKE\\\\Square\\\\28082021193614\\\\193613_1080x1080_ograne.jpg\"},{\"Type\":\"Thumbnail\",\"Url\":\"MAM\\\\VTC\\\\HOP_TAC\\\\AM_NHAC\\\\2021\\\\08\\\\28\\\\THANH_1_OKE_OKE_OKE\\\\Thumbnail\\\\28082021193608\\\\193608_1920x1080_organe.jpg\"}]","Name":"Thanh: Câu chuyện mùa thu","Title":"Thanh: Câu chuyện mùa thu","Path":"https://vcv60b6khlvod.vcdn.cloud///mam/vtc/hop_tac/am_nhac/2021/08/28/thanh_1_oke_oke_oke/hls/master.m3u8","Schedule":"2021-08-27T20:30:00","Duration":"00:31:26","Metadata":[{"Name":"Title","Value":"Thanh: Câu chuyện mùa thu"},{"Name":"GenredDescription","Value":"Âm nhạc"},{"Name":"Country","Value":"Việt Nam"},{"Name":"Highlight","Value":"false"},{"Name":"ContentType","Value":"0"}]},{"PrivateID":"9929dcbc-6473-4dd1-b966-face9cb84767","Description":"","Image":"[{\"Type\":\"Square\",\"Url\":\"MAM\\\\VTC\\\\HOP_TAC\\\\AM_NHAC\\\\2021\\\\05\\\\14\\\\CHUT_THO_TINH_NGUOI_LINH_BIEN_-_VU_THANG_LOI\\\\Square\\\\14052021105048\\\\105048_vuthangloi3.jpg\"},{\"Type\":\"Thumbnail\",\"Url\":\"MAM\\\\VTC\\\\HOP_TAC\\\\AM_NHAC\\\\2021\\\\05\\\\14\\\\CHUT_THO_TINH_NGUOI_LINH_BIEN_-_VU_THANG_LOI\\\\Thumbnail\\\\14052021105041\\\\105040_vuthangloi2.jpg\"}]","Name":"Chút thơ tình người lính biển","Title":"Chút thơ tình người lính biển","Path":"https://vcv60b6khlvod.vcdn.cloud//MAM/VTC/HOP_TAC/AM_NHAC/2021/05/14/CHUT_THO_TINH_NGUOI_LINH_BIEN_-_VU_THANG_LOI/093122_Chut_tho_tinh_nguoi_linh_bien_-_Vu_Thang_Loi.mp3","Schedule":"2021-05-14T10:50:58","Duration":"00:05:03","Metadata":[{"Name":"Title","Value":"Chút thơ tình người lính biển"},{"Name":"GenredDescription","Value":"Âm nhạc"},{"Name":"Country","Value":"Việt Nam"},{"Name":"Highlight","Value":"false"},{"Name":"Cast","Value":"Vũ Thắng Lợi"},{"Name":"ContentType","Value":"1"}]},{"PrivateID":"f5442ecb-16d5-4fb3-bde5-a375d3871808","Description":"","Image":"[{\"Type\":\"Square\",\"Url\":\"MAM\\\\VTC\\\\HOP_TAC\\\\AM_NHAC\\\\2021\\\\05\\\\14\\\\THANH_HA_-_SO_YEU_(LYRICS_VIDEO)\\\\Square\\\\14052021104234\\\\104233_thanhha2.jpg\"},{\"Type\":\"Thumbnail\",\"Url\":\"MAM\\\\VTC\\\\HOP_TAC\\\\AM_NHAC\\\\2021\\\\05\\\\14\\\\THANH_HA_-_SO_YEU_(LYRICS_VIDEO)\\\\Thumbnail\\\\14052021104221\\\\104221_thanhha.jpg\"}]","Name":"Sợ yêu","Title":"Sợ yêu","Path":"https://vcv60b6khlvod.vcdn.cloud//MAM/VTC/HOP_TAC/AM_NHAC/2021/05/14/THANH_HA_-_SO_YEU_(LYRICS_VIDEO)/093123_Thanh_Ha_-_So_Yeu_(Lyrics_Video).mp3","Schedule":"2021-05-14T10:43:23","Duration":"00:05:23","Metadata":[{"Name":"Title","Value":"Sợ yêu"},{"Name":"GenredDescription","Value":"Âm nhạc"},{"Name":"Country","Value":"Việt Nam"},{"Name":"Highlight","Value":"false"},{"Name":"Cast","Value":"Thanh Hà"},{"Name":"ContentType","Value":"1"}]},{"PrivateID":"0d4606a3-1fd6-459a-9216-a8add59ca3d0","Description":"","Image":"[{\"Type\":\"Square\",\"Url\":\"MAM\\\\VTC\\\\HOP_TAC\\\\AM_NHAC\\\\2021\\\\05\\\\14\\\\GOI_NANG_MANG_VE_-_HOANG_DUNG_FT._CHAU_BUI_-_OFFICIAL_MV\\\\Square\\\\14052021103814\\\\103814_hoangdung3.jpg\"},{\"Type\":\"Thumbnail\",\"Url\":\"MAM\\\\VTC\\\\HOP_TAC\\\\AM_NHAC\\\\2021\\\\05\\\\14\\\\GOI_NANG_MANG_VE_-_HOANG_DUNG_FT._CHAU_BUI_-_OFFICIAL_MV\\\\Thumbnail\\\\14052021103807\\\\103806_hoangdung2.jpg\"}]","Name":"Gói nắng mang về","Title":"Gói nắng mang về","Path":"https://vcv60b6khlvod.vcdn.cloud//MAM/VTC/HOP_TAC/AM_NHAC/2021/05/14/GOI_NANG_MANG_VE_-_HOANG_DUNG_FT._CHAU_BUI_-_OFFICIAL_MV/093125_GOI_NANG_MANG_VE_-_HOANG_DUNG_ft._CHAU_BUI_-_OFFICIAL_MV.mp3","Schedule":"2021-05-14T10:38:42","Duration":"00:05:31","Metadata":[{"Name":"Title","Value":"Gói nắng mang về"},{"Name":"GenredDescription","Value":"Âm nhạc"},{"Name":"Country","Value":"Việt Nam"},{"Name":"Highlight","Value":"false"},{"Name":"Cast","Value":"Hoàng Dũng"},{"Name":"ContentType","Value":"1"}]},{"PrivateID":"d9a9fe1b-21ae-4f72-8036-acc1a345381d","Description":"","Image":"[{\"Type\":\"Square\",\"Url\":\"MAM\\\\VTC\\\\HOP_TAC\\\\AM_NHAC\\\\2021\\\\05\\\\14\\\\HAUSER_-_SONG_FROM_A_SECRET_GARDEN_(FROM_PARADISE)\\\\Square\\\\14052021094704\\\\094704_hauser7.jpg\"},{\"Type\":\"Thumbnail\",\"Url\":\"MAM\\\\VTC\\\\HOP_TAC\\\\AM_NHAC\\\\2021\\\\05\\\\14\\\\HAUSER_-_SONG_FROM_A_SECRET_GARDEN_(FROM_PARADISE)\\\\Thumbnail\\\\14052021094655\\\\094655_hauser6.jpg\"}]","Name":"Song from a Secret Garden","Title":"Song from a Secret Garden","Path":"https://vcv60b6khlvod.vcdn.cloud//MAM/VTC/HOP_TAC/AM_NHAC/2021/05/14/HAUSER_-_SONG_FROM_A_SECRET_GARDEN_(FROM_PARADISE)/093129_HAUSER_-_Song_from_a_Secret_Garden_(from_Paradise).mp3","Schedule":"2021-05-14T09:47:19","Duration":"00:03:23","Metadata":[{"Name":"Title","Value":"Song from a Secret Garden"},{"Name":"GenredDescription","Value":"Âm nhạc"},{"Name":"Highlight","Value":"false"},{"Name":"Cast","Value":"Hauser"},{"Name":"ContentType","Value":"1"}]},{"PrivateID":"f9eca461-5e4f-471c-88e7-e29864fed805","Description":"","Image":"[{\"Type\":\"Square\",\"Url\":\"MAM\\\\VTC\\\\HOP_TAC\\\\AM_NHAC\\\\2021\\\\05\\\\12\\\\KHONGLOI\\\\Square\\\\12052021105351\\\\105353_piano5.jpg\"},{\"Type\":\"Thumbnail\",\"Url\":\"MAM\\\\VTC\\\\HOP_TAC\\\\AM_NHAC\\\\2021\\\\05\\\\12\\\\KHONGLOI\\\\Thumbnail\\\\12052021105342\\\\105343_piano4.jpg\"}]","Name":"Past live","Title":"Past live","Path":"https://vcv60b6khlvod.vcdn.cloud//MAM/VTC/HOP_TAC/AM_NHAC/2021/05/12/KHONGLOI/095422_khongloi.mp3","Schedule":"2021-05-12T10:54:12","Duration":"00:10:13","Metadata":[{"Name":"Title","Value":"Past live"},{"Name":"GenredDescription","Value":"Âm nhạc"},{"Name":"Highlight","Value":"false"},{"Name":"Cast","Value":"Nhiều nghệ sĩ"},{"Name":"ContentType","Value":"1"}]},{"PrivateID":"308b6297-e345-408e-bcc6-e04992486d7e","Description":"","Image":"[{\"Type\":\"Square\",\"Url\":\"MAM\\\\VTC\\\\HOP_TAC\\\\AM_NHAC\\\\2021\\\\05\\\\12\\\\COGAIMODUONGCAMLY\\\\Square\\\\12052021104952\\\\104953_camly2.jpg\"},{\"Type\":\"Thumbnail\",\"Url\":\"MAM\\\\VTC\\\\HOP_TAC\\\\AM_NHAC\\\\2021\\\\05\\\\12\\\\COGAIMODUONGCAMLY\\\\Thumbnail\\\\12052021104946\\\\104947_camly3.jpg\"}]","Name":"Cô gái mở đường","Title":"Cô gái mở đường","Path":"https://vcv60b6khlvod.vcdn.cloud//MAM/VTC/HOP_TAC/AM_NHAC/2021/05/12/COGAIMODUONGCAMLY/095351_cogaimoduongcamly.mp3","Schedule":"2021-05-12T10:50:00","Duration":"00:03:34","Metadata":[{"Name":"Title","Value":"Cô gái mở đường"},{"Name":"GenredDescription","Value":"Âm nhạc"},{"Name":"Country","Value":"Việt Nam"},{"Name":"Highlight","Value":"false"},{"Name":"Cast","Value":"Cẩm Ly"},{"Name":"ContentType","Value":"1"}]},{"PrivateID":"0233745b-11ce-4df7-be24-6ec7c62c5dbf","Description":"","Image":"[{\"Type\":\"Thumbnail\",\"Url\":\"MAM\\\\VTC\\\\HOP_TAC\\\\AM_NHAC\\\\2021\\\\05\\\\12\\\\VI_EM_CON_THUONG_-_LE_QUYEN_-_LYRICS_VIDEO\\\\Thumbnail\\\\12052021103456\\\\103457_lequyen2.jpg\"},{\"Type\":\"Square\",\"Url\":\"MAM\\\\VTC\\\\HOP_TAC\\\\AM_NHAC\\\\2021\\\\05\\\\12\\\\VI_EM_CON_THUONG_-_LE_QUYEN_-_LYRICS_VIDEO\\\\Square\\\\12052021103446\\\\103447_lequyen3.jpg\"}]","Name":"Vì em còn thương","Title":"Vì em còn thương","Path":"https://vcv60b6khlvod.vcdn.cloud//MAM/VTC/HOP_TAC/AM_NHAC/2021/05/12/VI_EM_CON_THUONG_-_LE_QUYEN_-_LYRICS_VIDEO/095355_Vi_Em_Con_Thuong_-_Le_Quyen_-_Lyrics_Video.mp3","Schedule":"2021-05-12T10:35:54","Duration":"00:04:56","Metadata":[{"Name":"Title","Value":"Vì em còn thương"},{"Name":"GenredDescription","Value":"Âm nhạc"},{"Name":"Country","Value":"Việt Nam"},{"Name":"Highlight","Value":"false"},{"Name":"Cast","Value":"Lệ Quyên"},{"Name":"ContentType","Value":"1"}]},{"PrivateID":"7be3b020-5d69-4ca1-b93b-8a6d9272878c","Description":"","Image":"[{\"Type\":\"Square\",\"Url\":\"MAM\\\\VTC\\\\HOP_TAC\\\\AM_NHAC\\\\2021\\\\05\\\\12\\\\YEUTHAM-HOANGYENCHIBITLINHTDK-6998347\\\\Square\\\\12052021102920\\\\102921_chibi1.jpg\"},{\"Type\":\"Thumbnail\",\"Url\":\"MAM\\\\VTC\\\\HOP_TAC\\\\AM_NHAC\\\\2021\\\\05\\\\12\\\\YEUTHAM-HOANGYENCHIBITLINHTDK-6998347\\\\Thumbnail\\\\12052021102915\\\\102916_chibi.jpg\"}]","Name":"Yêu thầm","Title":"Yêu thầm","Path":"https://vcv60b6khlvod.vcdn.cloud//MAM/VTC/HOP_TAC/AM_NHAC/2021/05/12/YEUTHAM-HOANGYENCHIBITLINHTDK-6998347/102524_YeuTham-HoangYenChibiTlinhTDK-6998347.mp3","Schedule":"2021-05-12T10:29:45","Duration":"00:04:12","Metadata":[{"Name":"Title","Value":"Yêu thầm"},{"Name":"GenredDescription","Value":"Âm nhạc"},{"Name":"Country","Value":"Việt Nam"},{"Name":"Highlight","Value":"false"},{"Name":"Cast","Value":"Hoàng Yến Chibi, Tlinh, TDK"},{"Name":"ContentType","Value":"1"}]},{"PrivateID":"371335d9-b2ec-4222-aadc-67179a9aa756","Description":"","Image":"[{\"Type\":\"Square\",\"Url\":\"MAM\\\\VTC\\\\HOP_TAC\\\\AM_NHAC\\\\2021\\\\05\\\\07\\\\ED_SHEERAN_-PERFECT-_-_PIANO_ORCHESTRAL_60_MINUTES_VERSION_(WITH_RELAXING_NATURE_SOUNDS)\\\\Square\\\\07052021095808\\\\095807_ed.jpg\"},{\"Type\":\"Thumbnail\",\"Url\":\"MAM\\\\VTC\\\\HOP_TAC\\\\AM_NHAC\\\\2021\\\\05\\\\07\\\\ED_SHEERAN_-PERFECT-_-_PIANO_ORCHESTRAL_60_MINUTES_VERSION_(WITH_RELAXING_NATURE_SOUNDS)\\\\Thumbnail\\\\07052021095803\\\\095802_ed1.jpg\"}]","Name":"Perfect","Title":"Perfect","Path":"https://vcv60b6khlvod.vcdn.cloud//MAM/VTC/HOP_TAC/AM_NHAC/2021/05/07/ED_SHEERAN_-PERFECT-_-_PIANO_ORCHESTRAL_60_MINUTES_VERSION_(WITH_RELAXING_NATURE_SOUNDS)/094934_Ed_Sheeran_-Perfect-_-_Piano_Orchestral_60_Minutes_Version_(With_Relaxing_Nature_Sounds).mp3","Schedule":"2021-05-07T10:09:14","Duration":"01:00:47","Metadata":[{"Name":"Title","Value":"Perfect (Piano Version)"},{"Name":"GenredDescription","Value":"Âm nhạc"},{"Name":"Cast","Value":"Ed Sheeran"},{"Name":"ContentType","Value":"1"}]},{"PrivateID":"2745333d-6d8d-4320-9c59-b394549eb167","Description":"","Image":"[{\"Type\":\"Square\",\"Url\":\"MAM\\\\VTC\\\\HOP_TAC\\\\AM_NHAC\\\\2021\\\\05\\\\07\\\\TATUHAODILENOIVIETNAM-VUTHANGLOI-6914307\\\\Square\\\\07052021100653\\\\100652_vuthangloi1.jpg\"},{\"Type\":\"Thumbnail\",\"Url\":\"MAM\\\\VTC\\\\HOP_TAC\\\\AM_NHAC\\\\2021\\\\05\\\\07\\\\TATUHAODILENOIVIETNAM-VUTHANGLOI-6914307\\\\Thumbnail\\\\07052021100646\\\\100645_vucthangloi.jpg\"}]","Name":"Ta tự hào đi lên ơi Việt Nam","Title":"Ta tự hào đi lên ơi Việt Nam","Path":"https://vcv60b6khlvod.vcdn.cloud//MAM/VTC/HOP_TAC/AM_NHAC/2021/05/07/TATUHAODILENOIVIETNAM-VUTHANGLOI-6914307/093906_TaTuHaoDiLenOiVietNam-VuThangLoi-6914307.mp3","Schedule":"2021-05-07T10:07:04","Duration":"00:04:10","Metadata":[{"Name":"Title","Value":"Ta tự hào đi lên ơi Việt Nam"},{"Name":"GenredDescription","Value":"Âm nhạc"},{"Name":"Country","Value":"Việt Nam"},{"Name":"Cast","Value":"Vũ Thắng Lợi"},{"Name":"ContentType","Value":"1"}]},{"PrivateID":"5d306c56-61e6-4145-a660-c552bc683a3e","Description":"","Image":"[{\"Type\":\"Square\",\"Url\":\"MAM\\\\VTC\\\\HOP_TAC\\\\AM_NHAC\\\\2021\\\\05\\\\07\\\\OLIVIA_RODRIGO_-_DRIVERS_LICENSE_(OFFICIAL_VIDEO)\\\\Square\\\\07052021100102\\\\100101_olivia1.jpg\"},{\"Type\":\"Thumbnail\",\"Url\":\"MAM\\\\VTC\\\\HOP_TAC\\\\AM_NHAC\\\\2021\\\\05\\\\07\\\\OLIVIA_RODRIGO_-_DRIVERS_LICENSE_(OFFICIAL_VIDEO)\\\\Thumbnail\\\\07052021100055\\\\100054_Olivia.jpg\"}]","Name":"Drivers license","Title":"Drivers license","Path":"https://vcv60b6khlvod.vcdn.cloud//MAM/VTC/HOP_TAC/AM_NHAC/2021/05/07/OLIVIA_RODRIGO_-_DRIVERS_LICENSE_(OFFICIAL_VIDEO)/093916_Olivia_Rodrigo_-_drivers_license_(Official_Video).mp3","Schedule":"2021-05-07T10:01:10","Duration":"00:04:07","Metadata":[{"Name":"Title","Value":"Drivers license"},{"Name":"GenredDescription","Value":"Âm nhạc"},{"Name":"Country","Value":"Mỹ"},{"Name":"Cast","Value":"Olivia Rodrigo"},{"Name":"ContentType","Value":"1"}]},{"PrivateID":"a7c72f50-3273-4270-8f16-4316faec3daa","Description":"","Image":"[{\"Type\":\"Square\",\"Url\":\"MAM\\\\VTC\\\\HOP_TAC\\\\AM_NHAC\\\\2021\\\\05\\\\07\\\\MUAHOABOLAI-DUONGTRIEUVU-6995165\\\\Square\\\\07052021095141\\\\095140_duongtrieuvu1.jpg\"},{\"Type\":\"Thumbnail\",\"Url\":\"MAM\\\\VTC\\\\HOP_TAC\\\\AM_NHAC\\\\2021\\\\05\\\\07\\\\MUAHOABOLAI-DUONGTRIEUVU-6995165\\\\Thumbnail\\\\07052021095133\\\\095132_duongtrieuvu.jpg\"}]","Name":"Mùa hoa bỏ lại","Title":"Mùa hoa bỏ lại","Path":"https://vcv60b6khlvod.vcdn.cloud//MAM/VTC/HOP_TAC/AM_NHAC/2021/05/07/MUAHOABOLAI-DUONGTRIEUVU-6995165/093916_MuaHoaBoLai-DuongTrieuVu-6995165.mp3","Schedule":"2021-05-07T09:52:17","Duration":"00:06:51","Metadata":[{"Name":"Title","Value":"Mùa hoa bỏ lại"},{"Name":"GenredDescription","Value":"Âm nhạc"},{"Name":"Country","Value":"Việt Nam"},{"Name":"Cast","Value":"Dương Triệu Vũ"},{"Name":"ContentType","Value":"1"}]},{"PrivateID":"d96dfd01-9d24-42b6-8a88-f5ac3a56a1e2","Description":"","Image":"[{\"Type\":\"Square\",\"Url\":\"MAM\\\\VTC\\\\HOP_TAC\\\\AM_NHAC\\\\2021\\\\05\\\\04\\\\SEASONSINTHEMOON-VUDANGQUOCVIET-6973529\\\\Square\\\\04052021102913\\\\102912_vdqv1.jpg\"},{\"Type\":\"Thumbnail\",\"Url\":\"MAM\\\\VTC\\\\HOP_TAC\\\\AM_NHAC\\\\2021\\\\05\\\\04\\\\SEASONSINTHEMOON-VUDANGQUOCVIET-6973529\\\\Thumbnail\\\\04052021102858\\\\102905_vdqv.jpg\"}]","Name":"Season in the moon","Title":"Season in the moon","Path":"https://vcv60b6khlvod.vcdn.cloud//MAM/VTC/HOP_TAC/AM_NHAC/2021/05/04/SEASONSINTHEMOON-VUDANGQUOCVIET-6973529/095447_SeasonsInTheMoon-VuDangQuocViet-6973529.mp3","Schedule":"2021-05-04T10:29:22","Duration":"00:04:28","Metadata":[{"Name":"Title","Value":"Season in the moon"},{"Name":"GenredDescription","Value":"Âm nhạc"},{"Name":"Country","Value":"Việt Nam"},{"Name":"Cast","Value":"Vũ Đăng Quốc Việt"},{"Name":"ContentType","Value":"1"}]},{"PrivateID":"ffaa8494-31d2-4019-a78b-5c40012106da","Description":"","Image":"[{\"Type\":\"Square\",\"Url\":\"MAM\\\\VTC\\\\HOP_TAC\\\\AM_NHAC\\\\2021\\\\05\\\\04\\\\CHA_TOI_NGUOI_LINH_BIEN_PHONG_-_BUI_TUAN_NGOC_-_OFFICIAL_M-V\\\\Square\\\\04052021101934\\\\101933_buituanngoc.jpg\"},{\"Type\":\"Thumbnail\",\"Url\":\"MAM\\\\VTC\\\\HOP_TAC\\\\AM_NHAC\\\\2021\\\\05\\\\04\\\\CHA_TOI_NGUOI_LINH_BIEN_PHONG_-_BUI_TUAN_NGOC_-_OFFICIAL_M-V\\\\Thumbnail\\\\04052021101930\\\\101929_buituanngoc1.jpg\"}]","Name":"Cha tôi người lính biên phòng","Title":"Cha tôi người lính biên phòng","Path":"https://vcv60b6khlvod.vcdn.cloud//MAM/VTC/HOP_TAC/AM_NHAC/2021/05/04/CHA_TOI_NGUOI_LINH_BIEN_PHONG_-_BUI_TUAN_NGOC_-_OFFICIAL_M-V/095451_CHA_TOI_NGUOI_LINH_BIEN_PHONG_-_BUI_TUAN_NGOC_-_OFFICIAL_M-V.mp3","Schedule":"2021-05-04T10:19:57","Duration":"00:05:35","Metadata":[{"Name":"Title","Value":"Cha tôi người lính biên phòng"},{"Name":"GenredDescription","Value":"Âm nhạc"},{"Name":"Country","Value":"Việt Nam"},{"Name":"Cast","Value":"Bùi Tuấn Ngọc"},{"Name":"ContentType","Value":"1"}]},{"PrivateID":"6f18e714-5821-4d3a-a7d8-c8f36bf6c404","Description":"","Image":"[{\"Type\":\"Square\",\"Url\":\"MAM\\\\VTC\\\\HOP_TAC\\\\AM_NHAC\\\\2021\\\\05\\\\04\\\\DUONG_XUA_LOI_CU_-_LE_QUYEN_-_LYRICS_VIDEO\\\\Square\\\\04052021101002\\\\101001_lequyen5.jpg\"},{\"Type\":\"Thumbnail\",\"Url\":\"MAM\\\\VTC\\\\HOP_TAC\\\\AM_NHAC\\\\2021\\\\05\\\\04\\\\DUONG_XUA_LOI_CU_-_LE_QUYEN_-_LYRICS_VIDEO\\\\Thumbnail\\\\04052021100940\\\\100939_lequyen4.jpg\"}]","Name":"Đường xưa lối cũ","Title":"Đường xưa lối cũ","Path":"https://vcv60b6khlvod.vcdn.cloud//MAM/VTC/HOP_TAC/AM_NHAC/2021/05/04/DUONG_XUA_LOI_CU_-_LE_QUYEN_-_LYRICS_VIDEO/095453_Duong_Xua_Loi_Cu_-_Le_Quyen_-_Lyrics_Video.mp3","Schedule":"2021-05-04T10:10:23","Duration":"00:05:31","Metadata":[{"Name":"Title","Value":"Đường xưa lối cũ"},{"Name":"GenredDescription","Value":"Âm nhạc"},{"Name":"Country","Value":"Việt Nam"},{"Name":"Cast","Value":"Lệ Quyên"},{"Name":"ContentType","Value":"1"}]},{"PrivateID":"db80e08b-3144-49e9-ac3b-663938be9ed4","Description":"","Image":"[{\"Type\":\"Square\",\"Url\":\"MAM\\\\VTC\\\\HOP_TAC\\\\AM_NHAC\\\\2021\\\\05\\\\04\\\\EM_DUNG_KHOC_-_CHILLIES_(OFFICIAL_MUSIC_VIDEO)\\\\Square\\\\04052021100231\\\\100230_chili.jpg\"},{\"Type\":\"Thumbnail\",\"Url\":\"MAM\\\\VTC\\\\HOP_TAC\\\\AM_NHAC\\\\2021\\\\05\\\\04\\\\EM_DUNG_KHOC_-_CHILLIES_(OFFICIAL_MUSIC_VIDEO)\\\\Thumbnail\\\\04052021100227\\\\100226_chili1.jpg\"}]","Name":"Em đừng khóc","Title":"Em đừng khóc","Path":"https://vcv60b6khlvod.vcdn.cloud//MAM/VTC/HOP_TAC/AM_NHAC/2021/05/04/EM_DUNG_KHOC_-_CHILLIES_(OFFICIAL_MUSIC_VIDEO)/095455_Em_Dung_Khoc_-_Chillies_(Official_Music_Video).mp3","Schedule":"2021-05-04T10:02:43","Duration":"00:04:43","Metadata":[{"Name":"Title","Value":"Em đừng khóc"},{"Name":"GenredDescription","Value":"Âm nhạc"},{"Name":"Country","Value":"Việt Nam"},{"Name":"Cast","Value":"Chillies"},{"Name":"ContentType","Value":"1"}]},{"PrivateID":"a40aac33-fdc7-4a7b-af38-e036839d7900","Description":"","Image":"[{\"Type\":\"Square\",\"Url\":\"MAM\\\\VTC\\\\HOP_TAC\\\\AM_NHAC\\\\2021\\\\04\\\\27\\\\TIENGHATGIUARUNGPACBO-TANNHAN-6412870\\\\Square\\\\27042021103615\\\\103613_tannhan1.jpg\"},{\"Type\":\"Thumbnail\",\"Url\":\"MAM\\\\VTC\\\\HOP_TAC\\\\AM_NHAC\\\\2021\\\\04\\\\27\\\\TIENGHATGIUARUNGPACBO-TANNHAN-6412870\\\\Thumbnail\\\\27042021103607\\\\103606_tannhan.jpg\"}]","Name":"Tiếng hát giữa rừng Pác Bó","Title":"Tiếng hát giữa rừng Pác Bó","Path":"https://vcv60b6khlvod.vcdn.cloud//MAM/VTC/HOP_TAC/AM_NHAC/2021/04/27/TIENGHATGIUARUNGPACBO-TANNHAN-6412870/100417_TiengHatGiuaRungPacBo-TanNhan-6412870.mp3","Schedule":"2021-04-27T10:38:53","Duration":"00:02:35","Metadata":[{"Name":"Title","Value":"Tiếng hát giữa rừng Pác Bó"},{"Name":"GenredDescription","Value":"Âm nhạc"},{"Name":"Country","Value":"Việt Nam"},{"Name":"Cast","Value":"Tân Nhàn"},{"Name":"ContentType","Value":"1"}]},{"PrivateID":"4486cc1a-c77d-4e1b-b76d-82b61617773c","Description":"","Image":"[{\"Type\":\"Square\",\"Url\":\"MAM\\\\VTC\\\\HOP_TAC\\\\AM_NHAC\\\\2021\\\\04\\\\27\\\\LAYLALAYPIANOCOVER-KIYOSHIPHAN-7008270\\\\Square\\\\27042021103121\\\\103120_jack.jpg\"},{\"Type\":\"Thumbnail\",\"Url\":\"MAM\\\\VTC\\\\HOP_TAC\\\\AM_NHAC\\\\2021\\\\04\\\\27\\\\LAYLALAYPIANOCOVER-KIYOSHIPHAN-7008270\\\\Thumbnail\\\\27042021103117\\\\103116_jack1.jpg\"}]","Name":"Lay la lay (Piano version)","Title":"Lay la lay (Piano version)","Path":"https://vcv60b6khlvod.vcdn.cloud//MAM/VTC/HOP_TAC/AM_NHAC/2021/04/27/LAYLALAYPIANOCOVER-KIYOSHIPHAN-7008270/100423_LayLaLayPianoCover-KiyoshiPhan-7008270.mp3","Schedule":"2021-04-27T10:31:36","Duration":"00:03:58","Metadata":[{"Name":"Title","Value":"Lay la lay (Piano version)"},{"Name":"GenredDescription","Value":"Âm nhạc"},{"Name":"Country","Value":"Việt Nam"},{"Name":"Cast","Value":"Kiyosh iPhan"},{"Name":"ContentType","Value":"1"}]},{"PrivateID":"2a7ecd51-24d8-4406-91e7-7683b7ba5f16","Description":"","Image":"[{\"Type\":\"Square\",\"Url\":\"MAM\\\\VTC\\\\HOP_TAC\\\\AM_NHAC\\\\2021\\\\04\\\\27\\\\CONLAYCHONGXA-NGOCKIEUOANH-5913148\\\\Square\\\\27042021102245\\\\102243_ngockieuoanh.jpg\"},{\"Type\":\"Thumbnail\",\"Url\":\"MAM\\\\VTC\\\\HOP_TAC\\\\AM_NHAC\\\\2021\\\\04\\\\27\\\\CONLAYCHONGXA-NGOCKIEUOANH-5913148\\\\Thumbnail\\\\27042021102143\\\\102141_ngockieuoanh1.jpg\"}]","Name":"Con lấy chồng xa","Title":"Con lấy chồng xa","Path":"https://vcv60b6khlvod.vcdn.cloud//MAM/VTC/HOP_TAC/AM_NHAC/2021/04/27/CONLAYCHONGXA-NGOCKIEUOANH-5913148/100441_ConLayChongXa-NgocKieuOanh-5913148.mp3","Schedule":"2021-04-27T10:23:45","Duration":"00:05:27","Metadata":[{"Name":"Title","Value":"Con lấy chồng xa"},{"Name":"GenredDescription","Value":"Âm nhạc"},{"Name":"Country","Value":"Việt Nam"},{"Name":"Cast","Value":"Ngọc Kiều Oanh"},{"Name":"ContentType","Value":"1"}]},{"PrivateID":"9c6b67a1-eda1-47e6-9bc5-9a5b4879de61","Description":"","Image":"[{\"Type\":\"Square\",\"Url\":\"MAM\\\\VTC\\\\HOP_TAC\\\\AM_NHAC\\\\2021\\\\04\\\\27\\\\RANGKHON-PHIPHUONGANHTHEFACERIN9-7006388\\\\Square\\\\27042021101104\\\\101103_rangkhon.jpg\"},{\"Type\":\"Thumbnail\",\"Url\":\"MAM\\\\VTC\\\\HOP_TAC\\\\AM_NHAC\\\\2021\\\\04\\\\27\\\\RANGKHON-PHIPHUONGANHTHEFACERIN9-7006388\\\\Thumbnail\\\\27042021101054\\\\101055_rangkhon1.jpg\"}]","Name":"Răng khôn","Title":"Răng khôn","Path":"https://vcv60b6khlvod.vcdn.cloud//MAM/VTC/HOP_TAC/AM_NHAC/2021/04/27/RANGKHON-PHIPHUONGANHTHEFACERIN9-7006388/100446_RangKhon-PhiPhuongAnhTheFaceRIN9-7006388.mp3","Schedule":"2021-04-27T10:12:25","Duration":"00:03:51","Metadata":[{"Name":"Title","Value":"Răng khôn"},{"Name":"GenredDescription","Value":"Âm nhạc"},{"Name":"Country","Value":"Việt Nam"},{"Name":"Cast","Value":"Phí Phương Anh"},{"Name":"ContentType","Value":"1"}]},{"PrivateID":"d0569aaa-3fd0-4af8-a9f4-69deeb229bfd","Description":"","Image":"[{\"Type\":\"Square\",\"Url\":\"MAM\\\\VTC\\\\HOP_TAC\\\\AM_NHAC\\\\2021\\\\04\\\\22\\\\HOATIMNHONGUOIXUA-THANHNGANNSUT-6919187\\\\Square\\\\22042021113955\\\\113956_thanhngan1.jpg\"},{\"Type\":\"Thumbnail\",\"Url\":\"MAM\\\\VTC\\\\HOP_TAC\\\\AM_NHAC\\\\2021\\\\04\\\\22\\\\HOATIMNHONGUOIXUA-THANHNGANNSUT-6919187\\\\Thumbnail\\\\22042021113939\\\\113940_thanhngan.jpg\"}]","Name":"Hoa tím nhớ người xưa","Title":"Hoa tím nhớ người xưa","Path":"https://vcv60b6khlvod.vcdn.cloud//MAM/VTC/HOP_TAC/AM_NHAC/2021/04/22/HOATIMNHONGUOIXUA-THANHNGANNSUT-6919187/100618_HoaTimNhoNguoiXua-ThanhNganNSUT-6919187.mp3","Schedule":"2021-04-22T11:40:31","Duration":"00:05:42","Metadata":[{"Name":"Title","Value":"Hoa tím nhớ người xưa"},{"Name":"GenredDescription","Value":"Âm nhạc"},{"Name":"Country","Value":"Việt Nam"},{"Name":"Cast","Value":"NSƯT Thanh Ngân"},{"Name":"ContentType","Value":"1"}]},{"PrivateID":"6c948106-a83c-45e9-bea0-9073f9f50a8c","Description":"","Image":"[{\"Type\":\"Square\",\"Url\":\"MAM\\\\VTC\\\\HOP_TAC\\\\AM_NHAC\\\\2021\\\\04\\\\22\\\\NGUOI_TA_DAU_THUONG_EM_-_NGUYEN_TRAN_TRUNG_QUAN_(COVER)_-_ST.LYLY\\\\Square\\\\22042021112037\\\\112038_nttq.jpg\"},{\"Type\":\"Thumbnail\",\"Url\":\"MAM\\\\VTC\\\\HOP_TAC\\\\AM_NHAC\\\\2021\\\\04\\\\22\\\\NGUOI_TA_DAU_THUONG_EM_-_NGUYEN_TRAN_TRUNG_QUAN_(COVER)_-_ST.LYLY\\\\Thumbnail\\\\22042021112032\\\\112033_nttq1.jpg\"}]","Name":"Người ta đâu thương em","Title":"Người ta đâu thương em","Path":"https://vcv60b6khlvod.vcdn.cloud//MAM/VTC/HOP_TAC/AM_NHAC/2021/04/22/NGUOI_TA_DAU_THUONG_EM_-_NGUYEN_TRAN_TRUNG_QUAN_(COVER)_-_ST.LYLY/100621_Nguoi_ta_dau_thuong_em_-_Nguyen_Tran_Trung_Quan_(Cover)_-_St.Lyly.mp3","Schedule":"2021-04-22T11:22:00","Duration":"00:04:42","Metadata":[{"Name":"Title","Value":"Người ta đâu thương em"},{"Name":"GenredDescription","Value":"Âm nhạc"},{"Name":"Country","Value":"Việt Nam"},{"Name":"Cast","Value":"Nguyễn Trần Trung Quân"},{"Name":"ContentType","Value":"1"}]},{"PrivateID":"4fb716cb-69d3-4d8d-9a8b-e610331b7dc3","Description":"","Image":"[{\"Type\":\"Square\",\"Url\":\"MAM\\\\VTC\\\\HOP_TAC\\\\AM_NHAC\\\\2021\\\\04\\\\22\\\\VIETNAMDOCLAPTUDO-QUANGHA-7005919\\\\Square\\\\22042021111315\\\\111316_quangha2.jpg\"},{\"Type\":\"Thumbnail\",\"Url\":\"MAM\\\\VTC\\\\HOP_TAC\\\\AM_NHAC\\\\2021\\\\04\\\\22\\\\VIETNAMDOCLAPTUDO-QUANGHA-7005919\\\\Thumbnail\\\\22042021111309\\\\111310_quangha.jpg\"}]","Name":"Việt Nam độc lập tự do","Title":"Việt Nam độc lập tự do","Path":"https://vcv60b6khlvod.vcdn.cloud//MAM/VTC/HOP_TAC/AM_NHAC/2021/04/22/VIETNAMDOCLAPTUDO-QUANGHA-7005919/100627_VietNamDocLapTuDo-QuangHa-7005919.mp3","Schedule":"2021-04-22T11:14:16","Duration":"00:03:57","Metadata":[{"Name":"Title","Value":"Việt Nam độc lập tự do"},{"Name":"GenredDescription","Value":"Âm nhạc"},{"Name":"Country","Value":"Việt Nam"},{"Name":"Cast","Value":"Quang Hà"},{"Name":"ContentType","Value":"1"}]},{"PrivateID":"77fa3918-8d40-4427-a9d7-df6335c1a496","Description":"","Image":"[{\"Type\":\"Square\",\"Url\":\"MAM\\\\VTC\\\\HOP_TAC\\\\AM_NHAC\\\\2021\\\\04\\\\22\\\\TINHBANDIEUKYPIANOCOVER-KIYOSHIPHAN-6944473\\\\Square\\\\22042021101512\\\\101513_khongloi4.jpg\"},{\"Type\":\"Thumbnail\",\"Url\":\"MAM\\\\VTC\\\\HOP_TAC\\\\AM_NHAC\\\\2021\\\\04\\\\22\\\\TINHBANDIEUKYPIANOCOVER-KIYOSHIPHAN-6944473\\\\Thumbnail\\\\22042021101507\\\\101508_khongloi5.jpg\"}]","Name":"Tình bạn diệu kỳ","Title":"Tình bạn diệu kỳ","Path":"https://vcv60b6khlvod.vcdn.cloud//MAM/VTC/HOP_TAC/AM_NHAC/2021/04/22/TINHBANDIEUKYPIANOCOVER-KIYOSHIPHAN-6944473/100632_TinhBanDieuKyPianoCover-KiyoshiPhan-6944473.mp3","Schedule":"2021-04-22T10:15:31","Duration":"00:03:10","Metadata":[{"Name":"Title","Value":"Tình bạn diệu kỳ"},{"Name":"GenredDescription","Value":"Âm nhạc"},{"Name":"Cast","Value":"Kiyoshi Phan"},{"Name":"ContentType","Value":"1"}]},{"PrivateID":"a2cdccc0-5d27-47e8-92c7-79d2bb01bdec","Description":"","Image":"[{\"Type\":\"Square\",\"Url\":\"MAM\\\\VTC\\\\HOP_TAC\\\\AM_NHAC\\\\2021\\\\04\\\\20\\\\AMTHANHCUANOINHOANH-NGAOTHATGIAAOQIYE-6403008\\\\Square\\\\20042021102447\\\\102447_nhoanh1.jpg\"},{\"Type\":\"Thumbnail\",\"Url\":\"MAM\\\\VTC\\\\HOP_TAC\\\\AM_NHAC\\\\2021\\\\04\\\\20\\\\AMTHANHCUANOINHOANH-NGAOTHATGIAAOQIYE-6403008\\\\Thumbnail\\\\20042021102443\\\\102443_nhoanh.jpg\"}]","Name":"Âm thanh của nỗi nhớ anh","Title":"Âm thanh của nỗi nhớ anh","Path":"https://vcv60b6khlvod.vcdn.cloud//MAM/VTC/HOP_TAC/AM_NHAC/2021/04/20/AMTHANHCUANOINHOANH-NGAOTHATGIAAOQIYE-6403008/095100_AmThanhCuaNoiNhoAnh-NgaoThatGiaAoQiYe-6403008.mp3","Schedule":"2021-04-20T10:28:34","Duration":"00:03:54","Metadata":[{"Name":"Title","Value":"Âm thanh của nỗi nhớ anh"},{"Name":"GenredDescription","Value":"Âm thanh"},{"Name":"Country","Value":"Trung Quốc"},{"Name":"Cast","Value":"Ngạo Thất Gia"},{"Name":"ContentType","Value":"1"}]},{"PrivateID":"faf80d1d-f0f8-4db1-aa48-34d49a2b0f5a","Description":"","Image":"[{\"Type\":\"Square\",\"Url\":\"MAM\\\\VTC\\\\HOP_TAC\\\\AM_NHAC\\\\2021\\\\04\\\\20\\\\IWANNAGROWOLDWITHYOU-HOATAU-6952526\\\\Square\\\\20042021100556\\\\100556_khongloi3.jpg\"},{\"Type\":\"Thumbnail\",\"Url\":\"MAM\\\\VTC\\\\HOP_TAC\\\\AM_NHAC\\\\2021\\\\04\\\\20\\\\IWANNAGROWOLDWITHYOU-HOATAU-6952526\\\\Thumbnail\\\\20042021100510\\\\100510_khongloi2.jpg\"}]","Name":"I wanna grow old with you","Title":"I wanna grow old with you","Path":"https://vcv60b6khlvod.vcdn.cloud//MAM/VTC/HOP_TAC/AM_NHAC/2021/04/20/IWANNAGROWOLDWITHYOU-HOATAU-6952526/095105_IWannaGrowOldWithYou-HoaTau-6952526.mp3","Schedule":"2021-04-20T10:06:32","Duration":"00:04:04","Metadata":[{"Name":"Title","Value":"I wanna grow old with you"},{"Name":"GenredDescription","Value":"Âm nhạc"},{"Name":"Cast","Value":"Nhiều nghệ sĩ"},{"Name":"ContentType","Value":"1"}]},{"PrivateID":"d9e0d4cf-2e6f-4c23-991e-2576b4004883","Description":"","Image":"[{\"Type\":\"Square\",\"Url\":\"MAM\\\\VTC\\\\HOP_TAC\\\\AM_NHAC\\\\2021\\\\04\\\\20\\\\NHOCOHUONG-CAMLY-6927758\\\\Square\\\\20042021100046\\\\100045_camly.jpg\"},{\"Type\":\"Thumbnail\",\"Url\":\"MAM\\\\VTC\\\\HOP_TAC\\\\AM_NHAC\\\\2021\\\\04\\\\20\\\\NHOCOHUONG-CAMLY-6927758\\\\Thumbnail\\\\20042021100043\\\\100042_camly1.jpg\"}]","Name":"Nhớ cố hương","Title":"Nhớ cố hương","Path":"https://vcv60b6khlvod.vcdn.cloud//MAM/VTC/HOP_TAC/AM_NHAC/2021/04/20/NHOCOHUONG-CAMLY-6927758/095121_NhoCoHuong-CamLy-6927758.mp3","Schedule":"2021-04-20T10:01:03","Duration":"00:05:43","Metadata":[{"Name":"Title","Value":"Nhớ cố hương"},{"Name":"GenredDescription","Value":"Âm nhạc"},{"Name":"Country","Value":"Việt Nam"},{"Name":"Cast","Value":"Cẩm Ly"},{"Name":"ContentType","Value":"1"}]},{"PrivateID":"d834cbcd-4d00-4feb-b017-84be7a81865d","Description":"","Image":"[{\"Type\":\"Square\",\"Url\":\"MAM\\\\VTC\\\\HOP_TAC\\\\AM_NHAC\\\\2021\\\\04\\\\20\\\\CHUNGCONHATVENGUOIHOCHIMINH-TRONGTAN-5324600\\\\Square\\\\20042021095624\\\\095624_trongtan1.jpg\"},{\"Type\":\"Thumbnail\",\"Url\":\"MAM\\\\VTC\\\\HOP_TAC\\\\AM_NHAC\\\\2021\\\\04\\\\20\\\\CHUNGCONHATVENGUOIHOCHIMINH-TRONGTAN-5324600\\\\Thumbnail\\\\20042021095618\\\\095620_trongtan.jpg\"}]","Name":"Chúng con hát về Người Hồ Chí Minh","Title":"Chúng con hát về Người Hồ Chí Minh","Path":"https://vcv60b6khlvod.vcdn.cloud//MAM/VTC/HOP_TAC/AM_NHAC/2021/04/20/CHUNGCONHATVENGUOIHOCHIMINH-TRONGTAN-5324600/095126_ChungConHatVeNguoiHoChiMinh-TrongTan-5324600.mp3","Schedule":"2021-04-20T09:57:29","Duration":"00:04:09","Metadata":[{"Name":"Title","Value":"Chúng con hát về Người Hồ Chí Minh"},{"Name":"GenredDescription","Value":"Âm nhạc"},{"Name":"Country","Value":"Việt Nam"},{"Name":"Cast","Value":"Trọng Tấn"},{"Name":"ContentType","Value":"1"}]}]}