{"PrivateKey":"bcb387b1-f0f9-4e2a-92ce-dc35fc5328a5","Name":"Sống khỏe","Description":"Sống khỏe","Color":"song-khoe","Style":"{}","Icon":"MAM\\VTC\\Image\\Playlist\\2021\\06\\04\\icon\\04062021093422\\093429_SUC_KHOE.png","LayoutType":"{\"Type\":\"8\",\"SubType\":\"13\",\"Landscape\":{\"Height\":0,\"Width\":0},\"Portrait\":{\"Height\":0,\"Width\":0}}","CDN":"{\"Name\":\"VNG\",\"LiveDomain\":\"https://liveovp.tek4tv.vn/\",\"VideoDomain\":\"https://vcv60b6khlvod.vcdn.cloud/\",\"ImageDomain\":\"https://vcv60b6khlvod.vcdn.cloud/\",\"IsActive\":true}","OrderID":6,"Components":null,"Media":[{"PrivateID":"b9243882-6ff4-4c2d-854f-b7d4df29cc71","Description":"Chương trình có sự tham gia của TTND.GS.TS.BS Ngô Quý Châu Chủ tịch Hội hô hấp Việt Nam - Giám đốc Chuyên môn BVĐK Tâm Anh sẽ giải đáp các câu hỏi liên quan đến việc điều trị và các biện pháp đảm bảo sức khoẻ cho những bệnh nhân hen phế quản trong thời điểm dịch Covid-19. Quý vị khán giả có thể đặt câu hỏi trực tiếp ở phần bình luận để được tư vấn.\n","Image":"[{\"Type\":\"Square\",\"Url\":\"Mam\\\\VTC\\\\DUNG_BO_LO\\\\2021\\\\09\\\\12\\\\TRUC_TIEP_QUAN_LY_BENH_HEN_PHE_QUAN_TRONG_MUA_DICH\\\\Square\\\\12092021103214\\\\103214_vuong.jpg\"},{\"Type\":\"Thumbnail\",\"Url\":\"Mam\\\\VTC\\\\DUNG_BO_LO\\\\2021\\\\09\\\\12\\\\TRUC_TIEP_QUAN_LY_BENH_HEN_PHE_QUAN_TRONG_MUA_DICH\\\\Thumbnail\\\\12092021103210\\\\103211_ngang.jpg\"}]","Name":"Quản lý bệnh hen phế quản trong mùa dịch","Title":"Quản lý bệnh hen phế quản trong mùa dịch","Path":"https://vcv60b6khlvod.vcdn.cloud//MAM/VTC/DUNG_BO_LO/2021/09/14/[TRUC_TIEP]_QUAN_LY_BENH_HEN_PHE_QUAN_TRONG_MUA_DICH/211114_LIVE_TAM_ANH_20H_1409.mp4","Schedule":"2021-09-14T19:30:00","Duration":"01:03:02","Metadata":[{"Name":"Title","Value":"[Trực tiếp] Quản lý bệnh hen phế quản trong mùa dịch"},{"Name":"Highlight","Value":"false"},{"Name":"ContentType","Value":"0"},{"Name":"FileCode","Value":"https://c0fthcxjokliv.vcdn.cloud/evt1/index.m3u8"}]},{"PrivateID":"b8c07fba-112d-44b7-ac49-0a67036326e5","Description":"Giữa nhiều lựa chọn tiêm vaccine Covid-19 như Pfizer, Astrazeneca, Moderna...nhiều người đặt ra câu hỏi \"Liệu giữa các loại vaccine này có sự khác biệt nào trong hiệu quả điều trị  Covid-19 hay không?\"","Image":"[{\"Type\":\"Square\",\"Url\":\"MAM\\\\VTC\\\\NOI_DUNG_SO\\\\SUC_KHOE\\\\2021\\\\09\\\\05\\\\LIEU_CO_SU_KHAC_BIET_VE_HIEU_QUA_BAO_VE_GIUA_CAC_LOAI_VAC_XIN_COVID19\\\\Square\\\\05092021173229\\\\173228_vaccinee.jpg\"},{\"Type\":\"Thumbnail\",\"Url\":\"MAM\\\\VTC\\\\NOI_DUNG_SO\\\\SUC_KHOE\\\\2021\\\\09\\\\05\\\\LIEU_CO_SU_KHAC_BIET_VE_HIEU_QUA_BAO_VE_GIUA_CAC_LOAI_VAC_XIN_COVID19\\\\Thumbnail\\\\05092021173226\\\\173225_vaccine.jpg\"}]","Name":"Liệu có sự khác biệt về hiệu quả của các loại vaccine Covid-19 ?","Title":"Liệu có sự khác biệt về hiệu quả của các loại vaccine Covid-19 ?","Path":"https://vcv60b6khlvod.vcdn.cloud///mam/vtc/noi_dung_so/suc_khoe/2021/09/05/lieu_co_su_khac_biet_ve_hieu_qua_bao_ve_giua_cac_loai_vac_xin_covid19/hls/master.m3u8","Schedule":"2021-09-13T20:00:00","Duration":"00:03:44","Metadata":[{"Name":"Title","Value":"Liệu có sự khác biệt về hiệu quả của các loại vaccine Covid"}]},{"PrivateID":"681240d2-2f3b-4b8e-a078-1dc2cf85fa67","Description":"Bệnh nhân hen phế quản cần làm gì để đảm bảo sức khỏe trong mùa dịch? Câu trả lời sẽ được giải đáp qua chương trình \"Quản lý bệnh hen phế quản trong mùa dịch\" được phát sóng ngày 14/9 tới đây trên các nền tảng của VTC Now.","Image":"[{\"Type\":\"Thumbnail\",\"Url\":\"MAM\\\\VTC\\\\NOI_DUNG_SO\\\\SUC_KHOE\\\\2021\\\\09\\\\13\\\\TRAILER_TAM_ANH_SO_3MP4\\\\Thumbnail\\\\13092021121831\\\\121832_Untitled1Recovered.jpg\"}]","Name":"[Trailer] Bệnh nhân hen phế quản cần làm gì khi mắc Covid-19?","Title":"[Trailer] Bệnh nhân hen phế quản cần làm gì khi mắc Covid-19?","Path":"https://vcv60b6khlvod.vcdn.cloud///mam/vtc/noi_dung_so/suc_khoe/2021/09/13/trailer_tam_anh_so_3mp4/hls/master.m3u8","Schedule":"2021-09-13T10:59:32","Duration":"00:01:03","Metadata":[{"Name":"Title","Value":"Bệnh nhân hen phế quản cần làm gì khi mắc Covid-19?"}]},{"PrivateID":"3f973da6-cf8e-4ae4-9b7f-e1b9b2d0c5b5","Description":"Việc điều trị cũng như kiểm soát tình trạng đau nhức xương khớp của người làm văn phòng không quá khó khăn. Tuy vậy, không ít người bệnh mắc phải một số sai lầm khiến hiệu quả chữa bệnh suy giảm đáng kể.","Image":"[{\"Type\":\"Square\",\"Url\":\"MAM\\\\VTC\\\\NOI_DUNG_SO\\\\SUC_KHOE\\\\2021\\\\08\\\\17\\\\MOT_SO_BENH_XUONG_KHOP_CUA_NGUOI_LAM_VAN_PHONG\\\\Square\\\\17082021095543\\\\095541_Untitled2.jpg\"},{\"Type\":\"Thumbnail\",\"Url\":\"MAM\\\\VTC\\\\NOI_DUNG_SO\\\\SUC_KHOE\\\\2021\\\\08\\\\17\\\\MOT_SO_BENH_XUONG_KHOP_CUA_NGUOI_LAM_VAN_PHONG\\\\Thumbnail\\\\17082021095538\\\\095537_Untitled1.jpg\"}]","Name":"Những sai lầm khi điều trị bệnh xương khớp của người làm văn phòng.","Title":"Những sai lầm khi điều trị bệnh xương khớp của người làm văn phòng.","Path":"https://vcv60b6khlvod.vcdn.cloud///mam/vtc/noi_dung_so/suc_khoe/2021/08/17/mot_so_benh_xuong_khop_cua_nguoi_lam_van_phong/hls/master.m3u8","Schedule":"2021-09-12T20:00:00","Duration":"00:09:28","Metadata":[{"Name":"Title","Value":"Một số bệnh xương khớp của người làm văn phòng."}]},{"PrivateID":"ffe2e763-948e-4bdf-8b63-9600ccb19af6","Description":"Trong tình hình dịch Covid-19 với số ca mắc tăng cao, việc cách ly F0, F1 tại nhà là giải pháp giảm tải cho các cơ sở y tế. Vậy những lưu ý đối với người ở cùng nhà, người chăm sóc, hỗ trợ người cách ly là gì?","Image":"[{\"Type\":\"Square\",\"Url\":\"MAM\\\\VTC\\\\NOI_DUNG_SO\\\\SUC_KHOE\\\\2021\\\\09\\\\08\\\\NHUNG_KHO_KHAN_VA_LUU_Y_KHI_SONG_CHUNG_VOI_F0_F1_TAI_NHA\\\\Square\\\\08092021100350\\\\100349_3.jpg\"},{\"Type\":\"Thumbnail\",\"Url\":\"MAM\\\\VTC\\\\NOI_DUNG_SO\\\\SUC_KHOE\\\\2021\\\\09\\\\08\\\\NHUNG_KHO_KHAN_VA_LUU_Y_KHI_SONG_CHUNG_VOI_F0_F1_TAI_NHA\\\\Thumbnail\\\\08092021100346\\\\100344_4.jpg\"}]","Name":"Những điều cần lưu ý khi thực hiện cách ly F0, F1 tại nhà","Title":"Những điều cần lưu ý khi thực hiện cách ly F0, F1 tại nhà","Path":"https://vcv60b6khlvod.vcdn.cloud///mam/vtc/noi_dung_so/suc_khoe/2021/09/08/nhung_kho_khan_va_luu_y_khi_song_chung_voi_f0_f1_tai_nha/hls/master.m3u8","Schedule":"2021-09-11T20:00:00","Duration":"00:03:23","Metadata":[{"Name":"Title","Value":"Khó khăn và lưu ý khi thực hiện cách ly F0, F1 tại nhà"}]},{"PrivateID":"c94ab4f2-87c3-4449-bafb-dc032b1c7bcf","Description":"Biến thể Delta là một trong bốn biến chủng của virus Corona thuộc nhóm đáng lo ngại nhất. Vậy biến thể này lây lan nhanh bởi những yếu tố nào?","Image":"[{\"Type\":\"Square\",\"Url\":\"MAM\\\\VTC\\\\NOI_DUNG_SO\\\\SUC_KHOE\\\\2021\\\\08\\\\18\\\\TU_VAN_BIEN_THE_DELTA_LAY_LAN_NHANH_BOI_NHUNG_YEU_TO_NAO\\\\Square\\\\18082021090428\\\\090426_Untitled2.jpg\"},{\"Type\":\"Thumbnail\",\"Url\":\"MAM\\\\VTC\\\\NOI_DUNG_SO\\\\SUC_KHOE\\\\2021\\\\08\\\\18\\\\TU_VAN_BIEN_THE_DELTA_LAY_LAN_NHANH_BOI_NHUNG_YEU_TO_NAO\\\\Thumbnail\\\\18082021090423\\\\090421_Untitled1.jpg\"}]","Name":"Biến thể Delta lây lan nhanh bởi những yếu tố nào?","Title":"Biến thể Delta lây lan nhanh bởi những yếu tố nào?","Path":"https://vcv60b6khlvod.vcdn.cloud///mam/vtc/noi_dung_so/suc_khoe/2021/08/18/tu_van_bien_the_delta_lay_lan_nhanh_boi_nhung_yeu_to_nao/hls/master.m3u8","Schedule":"2021-09-05T20:00:00","Duration":"00:01:24","Metadata":[{"Name":"Title","Value":"Biến thể Delta lây lan nhanh bởi những yếu tố nào?"}]},{"PrivateID":"9c7c8418-3313-48e5-92aa-fae0c4639568","Description":"Bộ Y tế đã ban hành hướng dẫn tạm thời “Danh mục thuốc điều trị ngoại trú cho người nhiễm Covid-19 tại nhà”. Vậy F0 cách ly tại nhà cần chuẩn bị những loại thuốc nào?","Image":"[{\"Type\":\"Square\",\"Url\":\"MAM\\\\VTC\\\\NOI_DUNG_SO\\\\SUC_KHOE\\\\2021\\\\08\\\\28\\\\ALO_BAC_SI_24_2808\\\\Square\\\\28082021122959\\\\122958_2.1.jpg\"},{\"Type\":\"Thumbnail\",\"Url\":\"MAM\\\\VTC\\\\NOI_DUNG_SO\\\\SUC_KHOE\\\\2021\\\\08\\\\28\\\\ALO_BAC_SI_24_2808\\\\Thumbnail\\\\28082021122907\\\\122905_2.jpg\"}]","Name":"F0 Covid-19 cách ly tại nhà cần chuẩn bị những loại thuốc gì?","Title":"F0 Covid-19 cách ly tại nhà cần chuẩn bị những loại thuốc gì?","Path":"https://vcv60b6khlvod.vcdn.cloud///mam/vtc/noi_dung_so/suc_khoe/2021/08/28/alo_bac_si_24_2808/hls/master.m3u8","Schedule":"2021-08-28T12:30:08","Duration":"00:07:10","Metadata":[{"Name":"Title","Value":"F0 Covid-19 cách ly tại nhà cần có những loại thuốc gì?"}]},{"PrivateID":"bec27201-5f10-4203-9b27-84f333eb3a89","Description":"Chế độ ăn uống thiếu cân bằng và thời gian sinh hoạt không hợp lý khiến cho tỷ lệ mắc bệnh gout ngày càng gia tăng. Cùng VTC Now trang bị những kiến thức cơ bản về căn bệnh này.","Image":"[{\"Type\":\"Square\",\"Url\":\"MAM\\\\VTC\\\\NOI_DUNG_SO\\\\SUC_KHOE\\\\2021\\\\08\\\\20\\\\CANH_GIAC_VOI_BENH_GOUT_TU_CHE_DO_AN_VA_SINH_HOAT\\\\Square\\\\20082021174516\\\\174516_goutt.jpg\"},{\"Type\":\"Thumbnail\",\"Url\":\"MAM\\\\VTC\\\\NOI_DUNG_SO\\\\SUC_KHOE\\\\2021\\\\08\\\\20\\\\CANH_GIAC_VOI_BENH_GOUT_TU_CHE_DO_AN_VA_SINH_HOAT\\\\Thumbnail\\\\20082021174514\\\\174514_gout.jpg\"}]","Name":"Cảnh giác bệnh gout từ chế độ ăn và sinh hoạt","Title":"Cảnh giác bệnh gout từ chế độ ăn và sinh hoạt","Path":"https://vcv60b6khlvod.vcdn.cloud///mam/vtc/noi_dung_so/suc_khoe/2021/08/20/canh_giac_voi_benh_gout_tu_che_do_an_va_sinh_hoat/hls/master.m3u8","Schedule":"2021-08-20T20:00:00","Duration":"00:03:51","Metadata":[{"Name":"Title","Value":"Cảnh giác bệnh gout từ chế độ ăn và sinh hoạt"}]},{"PrivateID":"9f71867c-a03d-4a3a-be11-44106d32f1a4","Description":"Ngày 31/7, Bộ Y tế đã có quyết định về việc ban hành tiêu chí phân loại nguy cơ người nhiễm SARS-CoV-2 trong đó có 4 tiêu chí gồm nguy cơ thấp, trung bình, cao và rất cao.\n","Image":"[{\"Type\":\"Square\",\"Url\":\"MAM\\\\VTC\\\\NOI_DUNG_SO\\\\SUC_KHOE\\\\2021\\\\08\\\\14\\\\SUC_KHOE_1408_FULL\\\\Square\\\\14082021182529\\\\182529_suc_khoe_v.jpg\"},{\"Type\":\"Thumbnail\",\"Url\":\"MAM\\\\VTC\\\\NOI_DUNG_SO\\\\SUC_KHOE\\\\2021\\\\08\\\\14\\\\SUC_KHOE_1408_FULL\\\\Thumbnail\\\\14082021182523\\\\182523_suc_khoe.jpg\"}]","Name":"Các mức độ đánh giá bệnh nhân Covid-19","Title":"Các mức độ đánh giá bệnh nhân Covid-19","Path":"https://vcv60b6khlvod.vcdn.cloud///mam/vtc/noi_dung_so/suc_khoe/2021/08/14/suc_khoe_1408_full/hls/master.m3u8","Schedule":"2021-08-14T18:31:24","Duration":"00:01:32","Metadata":[{"Name":"Title","Value":"Các mức độ đánh giá bệnh nhân Covid-19"}]},{"PrivateID":"cf83c842-3aa5-4a99-9de4-4b8a00850e40","Description":"PGS-TS Nguyễn Viết Nhung, Giám đốc Bệnh viện phổi Trung ương đã chỉ ra những dấu hiệu cảnh báo bệnh Covid-19 trở nặng của F0 không có triệu chứng, tự cách ly tại nhà.","Image":"[{\"Type\":\"Thumbnail\",\"Url\":\"MAM\\\\VTC\\\\VTC14\\\\CUOC_SONG_24H\\\\2021\\\\08\\\\02\\\\CACH_THEO_DOI_CAC_DAU_HIEU_CUA_PHOI_O_F0_TAI_NHA\\\\Thumbnail\\\\02082021071958\\\\071959_Cot_dien_boc_chay_no_nhu_phao_hoa_o_Ha_Noi.00_00_23_00.Still001.jpg\"}]","Name":"Cách theo dõi nhịp thở cho F0 tự cách ly tại nhà","Title":"Cách theo dõi nhịp thở cho F0 tự cách ly tại nhà","Path":"https://vcv60b6khlvod.vcdn.cloud///mam/vtc/vtc14/cuoc_song_24h/2021/08/02/cach_theo_doi_cac_dau_hieu_cua_phoi_o_f0_tai_nha/hls/master.m3u8","Schedule":"2021-08-02T07:20:03","Duration":"00:01:52","Metadata":[{"Name":"Title","Value":"Dấu hiệu nhận biết bệnh trở nặng hơn ở F0 tại nhà là gì?"}]},{"PrivateID":"3b8fc1ca-9871-4980-8a44-fb46f6480dfb","Description":"Viêm tụy cấp vốn là một bệnh lý tiêu hóa cấp tính có tiên lượng xấu. Các trường hợp viêm tụy cấp nặng có nguy cơ cao ảnh hưởng đến tính mạng. Chính vì thế, việc nhận biết sớm các dấu hiệu viêm tụy cấp là điều đặc biệt quan trọng.","Image":"[{\"Type\":\"Square\",\"Url\":\"MAM\\\\VTC\\\\NOI_DUNG_SO\\\\SUC_KHOE\\\\2021\\\\05\\\\13\\\\BENH_VIEM_TUY_CAP_DIEN_BIEN_NHANH_NGUY_HIEM\\\\Square\\\\13052021151425\\\\151425_2.jpg\"},{\"Type\":\"Thumbnail\",\"Url\":\"MAM\\\\VTC\\\\NOI_DUNG_SO\\\\SUC_KHOE\\\\2021\\\\05\\\\13\\\\BENH_VIEM_TUY_CAP_DIEN_BIEN_NHANH_NGUY_HIEM\\\\Thumbnail\\\\13052021151421\\\\151421_benhviemtuycapanh4.jpg\"}]","Name":"Bệnh viêm tụy cấp: Diễn biến nhanh, nguy cơ tử vong cao","Title":"Bệnh viêm tụy cấp: Diễn biến nhanh, nguy cơ tử vong cao","Path":"https://vcv60b6khlvod.vcdn.cloud///mam/vtc/noi_dung_so/suc_khoe/2021/05/13/benh_viem_tuy_cap_dien_bien_nhanh_nguy_hiem/hls/master.m3u8","Schedule":"2021-07-30T20:00:00","Duration":"00:02:14","Metadata":[{"Name":"Title","Value":"Bệnh viêm tụy cấp: Diễn biến nhanh, nguy cơ tử vong cao"}]},{"PrivateID":"89de5bbb-9fea-45db-9857-9cbf1ae8ce5c","Description":"Ung thư vú là dạng u vú ác tính. Ung thư vú là căn bệnh gây tử vong cao nhất ở nữ giới nên việc phát hiện các triệu chứng của bệnh và điều trị kịp thời là rất quan trọng.","Image":"[{\"Type\":\"Square\",\"Url\":\"MAM\\\\VTC\\\\NOI_DUNG_SO\\\\SUC_KHOE\\\\2021\\\\05\\\\13\\\\NHAN_BIET_SOM_DAU_HIEU_CUA_BENH_UNG_THU_VU\\\\Square\\\\13052021151525\\\\151525_1.jpg\"},{\"Type\":\"Thumbnail\",\"Url\":\"MAM\\\\VTC\\\\NOI_DUNG_SO\\\\SUC_KHOE\\\\2021\\\\05\\\\13\\\\NHAN_BIET_SOM_DAU_HIEU_CUA_BENH_UNG_THU_VU\\\\Thumbnail\\\\13052021151522\\\\151523_anh021510795314894.jpg\"}]","Name":"Nhận biết sớm dấu hiệu ung thư vú","Title":"Nhận biết sớm dấu hiệu ung thư vú","Path":"https://vcv60b6khlvod.vcdn.cloud///mam/vtc/noi_dung_so/suc_khoe/2021/05/13/nhan_biet_som_dau_hieu_cua_benh_ung_thu_vu/hls/master.m3u8","Schedule":"2021-07-28T20:00:00","Duration":"00:02:54","Metadata":[{"Name":"Title","Value":"Nhận biết sớm dấu hiệu ung thư vú"}]},{"PrivateID":"c1778d4c-d733-4906-aa66-8db6eebc3063","Description":"Tình trạng bong gân cổ chân thường bị chúng ta xem nhẹ, mà không lường được hậu quả khi điều trị không đúng, không kịp thời.","Image":"[{\"Type\":\"Square\",\"Url\":\"MAM\\\\VTC\\\\NOI_DUNG_SO\\\\SUC_KHOE\\\\2021\\\\05\\\\24\\\\GIAM_DI_CHUNG_SAU_BONG_GAN_HIEU_QUA\\\\Square\\\\24052021140008\\\\140011_3.3.jpg\"},{\"Type\":\"Thumbnail\",\"Url\":\"MAM\\\\VTC\\\\NOI_DUNG_SO\\\\SUC_KHOE\\\\2021\\\\05\\\\24\\\\GIAM_DI_CHUNG_SAU_BONG_GAN_HIEU_QUA\\\\Thumbnail\\\\24052021140004\\\\140007_3.jpg\"}]","Name":"Giảm di chứng sau bong gân hiệu quả","Title":"Giảm di chứng sau bong gân hiệu quả","Path":"https://vcv60b6khlvod.vcdn.cloud///mam/vtc/noi_dung_so/suc_khoe/2021/05/24/giam_di_chung_sau_bong_gan_hieu_qua/hls/master.m3u8","Schedule":"2021-07-27T20:00:00","Duration":"00:02:20","Metadata":[{"Name":"Title","Value":"Giảm di chứng sau bong gân hiệu quả"}]},{"PrivateID":"5f9682c8-7896-48e6-8cda-c99d53742a22","Description":"Hãy cùng chuyên gia dinh dưỡng phân tích tác dụng của nguyên tố vi lượng sắt đối với cơ thể của con người.\n","Image":"[{\"Type\":\"Square\",\"Url\":\"MAM\\\\VTC\\\\NOI_DUNG_SO\\\\AM_THUC\\\\2021\\\\07\\\\06\\\\AM_THUC_VAI_TROCUA_SAT\\\\Square\\\\06072021154656\\\\154659_1.jpg\"},{\"Type\":\"Thumbnail\",\"Url\":\"MAM\\\\VTC\\\\NOI_DUNG_SO\\\\AM_THUC\\\\2021\\\\07\\\\06\\\\AM_THUC_VAI_TROCUA_SAT\\\\Thumbnail\\\\06072021154649\\\\154652_2.jpg\"}]","Name":"Vai trò của sắt đối với cơ thể","Title":"Vai trò của sắt đối với cơ thể","Path":"https://vcv60b6khlvod.vcdn.cloud///mam/vtc/noi_dung_so/am_thuc/2021/07/06/am_thuc_vai_trocua_sat/hls/master.m3u8","Schedule":"2021-07-07T20:00:00","Duration":"00:13:52","Metadata":[{"Name":"Title","Value":"Vai trò của sắt đối với cơ thể"}]},{"PrivateID":"862d8032-47f4-4540-a32a-66d107bdc585","Description":"Mùa hè, thời tiết nóng nực, các bệnh liên quan đến đường hô hấp có xu hướng tăng cao. Vậy để phòng bệnh cho trẻ, các bậc phụ huynh nên làm thế nào?","Image":"[{\"Type\":\"Square\",\"Url\":\"MAM\\\\VTC\\\\NOI_DUNG_SO\\\\SUC_KHOE\\\\2021\\\\05\\\\24\\\\PHONG_BENH_HO_HAP_CHO_TRE_MUA_NANG_NONG\\\\Square\\\\24052021145716\\\\145719_11.1.jpg\"},{\"Type\":\"Thumbnail\",\"Url\":\"MAM\\\\VTC\\\\NOI_DUNG_SO\\\\SUC_KHOE\\\\2021\\\\05\\\\24\\\\PHONG_BENH_HO_HAP_CHO_TRE_MUA_NANG_NONG\\\\Thumbnail\\\\24052021145713\\\\145716_11.jpg\"}]","Name":"Phòng bệnh hô hấp cho trẻ mùa nắng nóng","Title":"Phòng bệnh hô hấp cho trẻ mùa nắng nóng","Path":"https://vcv60b6khlvod.vcdn.cloud///mam/vtc/noi_dung_so/suc_khoe/2021/05/24/phong_benh_ho_hap_cho_tre_mua_nang_nong/hls/master.m3u8","Schedule":"2021-07-01T20:00:00","Duration":"00:01:09","Metadata":[{"Name":"Title","Value":"Phòng bệnh hô hấp cho trẻ mùa nắng nóng"}]},{"PrivateID":"6bf88078-5d2b-482c-8679-ac6371170a2e","Description":"Dứa dại được Đông y ghi nhận là một trong những loại thảo dược có tác dụng trị bệnh hiệu quả, giúp chữa nhiều loại bệnh như: Viêm gan cấp và mạn tính, xơ gan, viêm gan siêu vi.","Image":"[{\"Type\":\"Square\",\"Url\":\"MAM\\\\VTC\\\\NOI_DUNG_SO\\\\SUC_KHOE\\\\2021\\\\05\\\\24\\\\DUA_DAI_BAI_THUOC_QUY_CHUA_VIEM_GAN\\\\Square\\\\24052021135739\\\\135742_1.1.jpg\"},{\"Type\":\"Thumbnail\",\"Url\":\"MAM\\\\VTC\\\\NOI_DUNG_SO\\\\SUC_KHOE\\\\2021\\\\05\\\\24\\\\DUA_DAI_BAI_THUOC_QUY_CHUA_VIEM_GAN\\\\Thumbnail\\\\24052021135736\\\\135739_1.jpg\"}]","Name":"Dứa dại: Bài thuốc quý chữa viêm gan siêu vi","Title":"Dứa dại: Bài thuốc quý chữa viêm gan siêu vi","Path":"https://vcv60b6khlvod.vcdn.cloud///mam/vtc/noi_dung_so/suc_khoe/2021/05/24/dua_dai_bai_thuoc_quy_chua_viem_gan/hls/master.m3u8","Schedule":"2021-06-28T19:58:00","Duration":"00:01:46","Metadata":[{"Name":"Title","Value":"Dứa dại: Bài thuốc quý chữa viêm gan siêu vi"},{"Name":"Highlight","Value":"false"},{"Name":"ContentType","Value":"0"}]},{"PrivateID":"8eb3b691-ac34-437c-a610-31f8ea2ba077","Description":"Bất cứ loài côn trùng nào đốt đều có thể gây dị ứng, sốc phản vệ, nguy hiểm đến tính mạng con người nếu không được cấp cứu kịp thời. Vậy bạn phải làm gì khi bị côn trùng đốt?","Image":"[{\"Type\":\"Square\",\"Url\":\"MAM\\\\VTC\\\\NOI_DUNG_SO\\\\SUC_KHOE\\\\2021\\\\05\\\\24\\\\SOC_PHAN_VE_DO_CON_TRUNG_DOT\\\\Square\\\\24052021141348\\\\141351_7.7.jpg\"},{\"Type\":\"Thumbnail\",\"Url\":\"MAM\\\\VTC\\\\NOI_DUNG_SO\\\\SUC_KHOE\\\\2021\\\\05\\\\24\\\\SOC_PHAN_VE_DO_CON_TRUNG_DOT\\\\Thumbnail\\\\24052021141345\\\\141348_7.jpg\"}]","Name":"Cảnh báo sốc phản vệ do bị côn trùng đốt","Title":"Cảnh báo sốc phản vệ do bị côn trùng đốt","Path":"https://vcv60b6khlvod.vcdn.cloud///mam/vtc/noi_dung_so/suc_khoe/2021/05/24/soc_phan_ve_do_con_trung_dot/hls/master.m3u8","Schedule":"2021-06-22T20:00:00","Duration":"00:02:20","Metadata":[{"Name":"Title","Value":"Cảnh báo sốc phản vệ do bị côn trùng đốt"}]},{"PrivateID":"1cd1a102-41ba-408b-90f6-3c9843a8fd71","Description":"Cây xấu hổ là một loại thuốc quý, hỗ trợ điều trị nhiều chứng bệnh, trong đó có bệnh zona thần kinh.","Image":"[{\"Type\":\"Square\",\"Url\":\"MAM\\\\VTC\\\\NOI_DUNG_SO\\\\SUC_KHOE\\\\2021\\\\06\\\\11\\\\DUNG_CAY_XAU_HO_CHUA_ZONA_THAN_KINH\\\\Square\\\\11062021205413\\\\205414_DUNG_CAY_XAU_HO_CHUA_ZONA_THAN_KINH1.jpg\"},{\"Type\":\"Thumbnail\",\"Url\":\"MAM\\\\VTC\\\\NOI_DUNG_SO\\\\SUC_KHOE\\\\2021\\\\06\\\\11\\\\DUNG_CAY_XAU_HO_CHUA_ZONA_THAN_KINH\\\\Thumbnail\\\\11062021205409\\\\205410_DUNG_CAY_XAU_HO_CHUA_ZONA_THAN_KINH.jpg\"}]","Name":"Tạm biệt zona thần kinh bằng cây xấu hổ","Title":"Tạm biệt zona thần kinh bằng cây xấu hổ","Path":"https://vcv60b6khlvod.vcdn.cloud///mam/vtc/noi_dung_so/suc_khoe/2021/06/11/dung_cay_xau_ho_chua_zona_than_kinh/hls/master.m3u8","Schedule":"2021-06-17T17:00:00","Duration":"00:02:35","Metadata":[{"Name":"Title","Value":"Tạm biệt zona thần kinh bằng cây xấu hổ"}]},{"PrivateID":"04274f6f-e4e3-4e70-8902-943c6876e645","Description":"Theo y học cổ truyền, lá trầu không có vị cay nồng, mùi thơm hắc, tính ấm, có tác dụng trừ phong, tiêu viêm, sát trùng, kháng khuẩn tuyệt vời.","Image":"[{\"Type\":\"Square\",\"Url\":\"MAM\\\\VTC\\\\NOI_DUNG_SO\\\\SUC_KHOE\\\\2021\\\\06\\\\11\\\\TIEU_VIEM_HIEU_QUA_VOI_LA_TRAU_KHONG\\\\Square\\\\11062021205047\\\\205048_TIEU_VIEM_HIEU_QUA_VOI_LA_TRAU_KHONG.jpg\"},{\"Type\":\"Thumbnail\",\"Url\":\"MAM\\\\VTC\\\\NOI_DUNG_SO\\\\SUC_KHOE\\\\2021\\\\06\\\\11\\\\TIEU_VIEM_HIEU_QUA_VOI_LA_TRAU_KHONG\\\\Thumbnail\\\\11062021205043\\\\205044_TIEU_VIEM_HIEU_QUA_VOI_LA_TRAU_KHONG_1.jpg\"}]","Name":"Tiêu viêm hiệu quả với lá trầu không","Title":"Tiêu viêm hiệu quả với lá trầu không","Path":"https://vcv60b6khlvod.vcdn.cloud///mam/vtc/noi_dung_so/suc_khoe/2021/06/11/tieu_viem_hieu_qua_voi_la_trau_khong/hls/master.m3u8","Schedule":"2021-06-16T14:30:00","Duration":"00:02:01","Metadata":[{"Name":"Title","Value":"Tiêu viêm hiệu quả với lá trầu không"}]},{"PrivateID":"b7149bc6-b290-4bd7-8bb8-4b49ee5910bc","Description":"Sốt là phản ứng bình thường của cơ thể để chống lại các tác nhân xâm nhập như vi khuẩn, vi rút. Tuy nhiên, khi trẻ bị sốt, cha mẹ sẽ không khỏi lo lắng và băn khoăn tìm mọi cách tốt nhất để hạ sốt và chăm sóc cho trẻ.","Image":"[{\"Type\":\"Square\",\"Url\":\"MAM\\\\VTC\\\\NOI_DUNG_SO\\\\SUC_KHOE\\\\2021\\\\05\\\\27\\\\TUYET_CHIEU_HA_SOT_NHANH_CHO_TRE\\\\Square\\\\27052021172755\\\\172756_thumb00_064442296624511.jpg\"},{\"Type\":\"Thumbnail\",\"Url\":\"MAM\\\\VTC\\\\NOI_DUNG_SO\\\\SUC_KHOE\\\\2021\\\\05\\\\27\\\\TUYET_CHIEU_HA_SOT_NHANH_CHO_TRE\\\\Thumbnail\\\\27052021172752\\\\172753_R68a00045bc8e6518d059f28607a25219.jpg\"}]","Name":"Tuyệt chiêu hạ sốt nhanh cho trẻ","Title":"Tuyệt chiêu hạ sốt nhanh cho trẻ","Path":"https://vcv60b6khlvod.vcdn.cloud///mam/vtc/noi_dung_so/suc_khoe/2021/05/27/tuyet_chieu_ha_sot_nhanh_cho_tre/hls/master.m3u8","Schedule":"2021-06-12T20:00:00","Duration":"00:02:28","Metadata":[{"Name":"Title","Value":"Tuyệt chiêu hạ sốt nhanh cho trẻ"}]}]}