{"PrivateKey":"f0767725-535b-4fc9-a51e-ea112e4d197a","Name":"Món ngon","Description":"Món ngon","Color":"mon-ngon","Style":"{}","Icon":"MAM\\VTC\\Image\\Playlist\\2021\\06\\04\\icon\\04062021093409\\093415_MON_NGON.png","LayoutType":"{\"Type\":\"5\",\"SubType\":\"12\",\"Landscape\":{\"Height\":0,\"Width\":0},\"Portrait\":{\"Height\":0,\"Width\":0}}","CDN":"{\"Name\":\"VNG\",\"LiveDomain\":\"https://liveovp.tek4tv.vn/\",\"VideoDomain\":\"https://vcv60b6khlvod.vcdn.cloud/\",\"ImageDomain\":\"https://vcv60b6khlvod.vcdn.cloud/\",\"IsActive\":true}","OrderID":5,"Components":null,"Media":[{"PrivateID":"08a803a8-07c4-4b0b-927c-61a5eb2c09ed","Description":"Thay vì nấu những món canh quen thuộc hàng ngày, bạn hãy thử đổi vị cho cả gia đình vào dịp cuối tuần bằng món canh hầm củ sen vừa thơm ngon lại bổ dưỡng.","Image":"[{\"Type\":\"Square\",\"Url\":\"MAM\\\\VTC\\\\NOI_DUNG_SO\\\\AM_THUC\\\\2021\\\\09\\\\12\\\\CANH_HAM_CU_SEN\\\\Square\\\\12092021162011\\\\162012_canh_ham.jpg\"},{\"Type\":\"Thumbnail\",\"Url\":\"MAM\\\\VTC\\\\NOI_DUNG_SO\\\\AM_THUC\\\\2021\\\\09\\\\12\\\\CANH_HAM_CU_SEN\\\\Thumbnail\\\\12092021162009\\\\162010_canh_ham_cu_sen.jpg\"}]","Name":"Đổi vị cơm nhà với canh hầm củ sen thanh mát","Title":"Đổi vị cơm nhà với canh hầm củ sen thanh mát","Path":"https://vcv60b6khlvod.vcdn.cloud///mam/vtc/noi_dung_so/am_thuc/2021/09/12/canh_ham_cu_sen/hls/master.m3u8","Schedule":"2021-09-13T20:01:00","Duration":"00:01:39","Metadata":[{"Name":"Title","Value":"Đổi vị cơm nhà với canh hầm củ sen thanh mát"}]},{"PrivateID":"05e3dfbe-e8ba-4f57-8650-5fd375f2a5fe","Description":"Gỏi ngó sen tôm thịt là món gỏi được nhiều người yêu thích, đặc biệt phù hợp với tiết trời nóng bức bởi hương vị thanh ngọt của tôm, thịt, và vị chua chua, giòn ngọt của rau củ.","Image":"[{\"Type\":\"Square\",\"Url\":\"MAM\\\\VTC\\\\NOI_DUNG_SO\\\\AM_THUC\\\\2021\\\\09\\\\11\\\\GOI_NGO_SEN\\\\Square\\\\11092021164524\\\\164526_Untitled1.jpg\"},{\"Type\":\"Thumbnail\",\"Url\":\"MAM\\\\VTC\\\\NOI_DUNG_SO\\\\AM_THUC\\\\2021\\\\09\\\\11\\\\GOI_NGO_SEN\\\\Thumbnail\\\\11092021164520\\\\164522_goi.jpg\"}]","Name":"Cách làm gỏi ngó sen tôm thịt giòn ngon đơn giản tại nhà","Title":"Cách làm gỏi ngó sen tôm thịt giòn ngon đơn giản tại nhà","Path":"https://vcv60b6khlvod.vcdn.cloud///mam/vtc/noi_dung_so/am_thuc/2021/09/11/goi_ngo_sen/hls/master.m3u8","Schedule":"2021-09-12T20:00:00","Duration":"00:03:03","Metadata":[{"Name":"Title","Value":"Cách làm gỏi ngó sen tôm thịt giòn ngon đơn giản tại nhà"}]},{"PrivateID":"d38b7008-9a03-4d3f-8915-40aa03947fe4","Description":"Măng củ muối chua, đậu phụ, nấm kim châm, củ đậu, hành tây, củ sen, rau mùi, rau cải mầm... Tất cả những nguyên liệu quen thuộc đó sẽ tạo nên món măng cuốn chay ngon mắt, lạ miệng.","Image":"[{\"Type\":\"Square\",\"Url\":\"MAM\\\\VTC\\\\NOI_DUNG_SO\\\\AM_THUC\\\\2021\\\\09\\\\03\\\\MANG_CUON_VI_LAI\\\\Square\\\\03092021155248\\\\155247_mon_ngon.jpg\"},{\"Type\":\"Thumbnail\",\"Url\":\"MAM\\\\VTC\\\\NOI_DUNG_SO\\\\AM_THUC\\\\2021\\\\09\\\\03\\\\MANG_CUON_VI_LAI\\\\Thumbnail\\\\03092021155243\\\\155244_mon_nogn.jpg\"}]","Name":"Măng cuốn: Món chay mới lạ, dễ làm","Title":"Măng cuốn: Món chay mới lạ, dễ làm","Path":"https://vcv60b6khlvod.vcdn.cloud///mam/vtc/noi_dung_so/am_thuc/2021/09/03/mang_cuon_vi_lai/hls/master.m3u8","Schedule":"2021-09-11T20:00:00","Duration":"00:14:05","Metadata":[{"Name":"Title","Value":"Măng cuốn: Món ăn mới lạ, dễ làm"}]},{"PrivateID":"3bb987bb-2452-4388-ba14-7ccbd135d1c7","Description":"Cùng tìm hiểu những gia vị đặc trưng của vùng miền Thanh Hóa để chế biến món trâu giật sao cho vừa tươi ngon, mềm, ngọt vừa đảm bảo dinh dưỡng.","Image":"[{\"Type\":\"Square\",\"Url\":\"MAM\\\\VTC\\\\NOI_DUNG_SO\\\\AM_THUC\\\\2021\\\\09\\\\07\\\\TRAU_GIAT_XU_THANH\\\\Square\\\\07092021161648\\\\161647_2.jpg\"},{\"Type\":\"Thumbnail\",\"Url\":\"MAM\\\\VTC\\\\NOI_DUNG_SO\\\\AM_THUC\\\\2021\\\\09\\\\07\\\\TRAU_GIAT_XU_THANH\\\\Thumbnail\\\\07092021161641\\\\161643_1.jpg\"}]","Name":"Trâu giật xứ Thanh, món ngon cho những ngày mưa","Title":"Trâu giật xứ Thanh, món ngon cho những ngày mưa","Path":"https://vcv60b6khlvod.vcdn.cloud///mam/vtc/noi_dung_so/am_thuc/2021/09/07/trau_giat_xu_thanh/hls/master.m3u8","Schedule":"2021-09-08T20:00:00","Duration":"00:02:22","Metadata":[{"Name":"Title","Value":"Trâu giật xứ Thanh, món ngon cho những ngày mưa"}]},{"PrivateID":"1976bcdc-0f68-48ff-a464-161dbfdfd5ff","Description":"Cá hồi sốt Teriyaki là món ăn thơm ngon, hấp dẫn với lớp vỏ chiên giòn và vị ngọt của thịt bên trong, cùng nước sốt Teriyaki đặc biệt mang hương vị Nhật Bản.","Image":"[{\"Type\":\"Square\",\"Url\":\"MAM\\\\VTC\\\\NOI_DUNG_SO\\\\AM_THUC\\\\2021\\\\09\\\\04\\\\CA_HOI_SOT_TAKE\\\\Square\\\\04092021163426\\\\163427_ca.jpg\"},{\"Type\":\"Thumbnail\",\"Url\":\"MAM\\\\VTC\\\\NOI_DUNG_SO\\\\AM_THUC\\\\2021\\\\09\\\\04\\\\CA_HOI_SOT_TAKE\\\\Thumbnail\\\\04092021163338\\\\163340_ca_hoi.jpg\"}]","Name":"Cách làm món cá hồi sốt Teriyaki Nhật Bản ngon dễ làm","Title":"Cách làm món cá hồi sốt Teriyaki Nhật Bản ngon dễ làm","Path":"https://vcv60b6khlvod.vcdn.cloud///mam/vtc/noi_dung_so/am_thuc/2021/09/04/ca_hoi_sot_take/hls/master.m3u8","Schedule":"2021-09-04T20:00:00","Duration":"00:13:52","Metadata":[{"Name":"Title","Value":"Cách làm món cá hồi sốt Teriyaki Nhật Bản ngon dễ làm"}]},{"PrivateID":"d81ed61f-811b-46e2-a719-7f18a106f219","Description":"Còn gì tuyệt vời hơn khi vào bếp và gửi trọn yêu thương tới gia đình nhân dịp cuối tuần cùng tuyệt phẩm Chim Bắc Cô tiềm hồng sâm giàu dinh dưỡng, bồi bổ cho gia đình mùa dịch bệnh","Image":"[{\"Type\":\"Square\",\"Url\":\"MAM\\\\VTC\\\\NOI_DUNG_SO\\\\AM_THUC\\\\2021\\\\08\\\\19\\\\CHIM_BAC_CO_TIEM_HONG_SAM\\\\Square\\\\20082021003449\\\\003449_3.jpg\"},{\"Type\":\"Thumbnail\",\"Url\":\"MAM\\\\VTC\\\\NOI_DUNG_SO\\\\AM_THUC\\\\2021\\\\08\\\\19\\\\CHIM_BAC_CO_TIEM_HONG_SAM\\\\Thumbnail\\\\20082021003441\\\\003444_6.jpg\"}]","Name":"Chim Bắc Cô tiềm hồng sâm - Món ngon bồi bổ cho cả gia đình","Title":"Chim Bắc Cô tiềm hồng sâm - Món ngon bồi bổ cho cả gia đình","Path":"https://vcv60b6khlvod.vcdn.cloud///mam/vtc/noi_dung_so/am_thuc/2021/08/19/chim_bac_co_tiem_hong_sam/hls/master.m3u8","Schedule":"2021-09-02T20:00:00","Duration":"00:03:00","Metadata":[{"Name":"Title","Value":"Chim Bắc Cô tiềm hồng sâm - Món ngon bồi bổ cho cả gia đình"}]},{"PrivateID":"26ea3c59-0c21-496d-87eb-93f2b5d3c73f","Description":"Chỉ từ các loại hoa quả có sẵn trong nhà và qua một vài công đoạn đơn giản, món chè đậu biếc cốt dừa hoa quả chắc chắn sẽ là một \"hot trend\" cho các chị em thỏa sức trổ tài.","Image":"[{\"Type\":\"Square\",\"Url\":\"MAM\\\\VTC\\\\NOI_DUNG_SO\\\\AM_THUC\\\\2021\\\\08\\\\30\\\\CHE_DAU_BIEC_COT_DUA_HOA_QUA\\\\Square\\\\30082021175920\\\\175920_ddauaj_biec.jpg\"},{\"Type\":\"Thumbnail\",\"Url\":\"MAM\\\\VTC\\\\NOI_DUNG_SO\\\\AM_THUC\\\\2021\\\\08\\\\30\\\\CHE_DAU_BIEC_COT_DUA_HOA_QUA\\\\Thumbnail\\\\30082021175917\\\\175917_dau_biec.jpg\"}]","Name":"Cách làm chè đậu biếc cốt dừa hoa quả lạ mắt, mê ly","Title":"Cách làm chè đậu biếc cốt dừa hoa quả lạ mắt, mê ly","Path":"https://vcv60b6khlvod.vcdn.cloud///mam/vtc/noi_dung_so/am_thuc/2021/08/30/che_dau_biec_cot_dua_hoa_qua/hls/master.m3u8","Schedule":"2021-08-31T20:00:00","Duration":"00:13:36","Metadata":[{"Name":"Title","Value":"Cách làm chè đậu biếc cốt dừa hoa quả lạ mắt, mê ly"}]},{"PrivateID":"373b5920-d5bf-46e2-995f-9cb0f988818c","Description":"Rau muống không chỉ được nấu canh, xào tỏi mà còn có thể được chế biến thành món nộm giòn ngon khó cưỡng.","Image":"[{\"Type\":\"Square\",\"Url\":\"MAM\\\\VTC\\\\NOI_DUNG_SO\\\\AM_THUC\\\\2021\\\\08\\\\31\\\\NOM_RAU_MUONG\\\\Square\\\\31082021083530\\\\083529_Untitled2.jpg\"},{\"Type\":\"Thumbnail\",\"Url\":\"MAM\\\\VTC\\\\NOI_DUNG_SO\\\\AM_THUC\\\\2021\\\\08\\\\31\\\\NOM_RAU_MUONG\\\\Thumbnail\\\\31082021083525\\\\083524_Untitled1.jpg\"}]","Name":"Nộm rau muống thơm ngon khó cưỡng","Title":"Nộm rau muống thơm ngon khó cưỡng","Path":"https://vcv60b6khlvod.vcdn.cloud///mam/vtc/noi_dung_so/am_thuc/2021/08/31/nom_rau_muong/hls/master.m3u8","Schedule":"2021-08-30T20:00:00","Duration":"00:13:06","Metadata":[{"Name":"Title","Value":"Nộm rau muống thơm ngon khó cưỡng"}]},{"PrivateID":"a8dd61e7-ba51-46c3-8588-809e73036999","Description":"Gỏi nấm trộn thính là một món chay có nguyên liệu đơn giản, dễ làm, nhưng lại mang đến hương vị thơm ngon mới lạ, rất phù hợp với ngày hè nóng bức.","Image":"[{\"Type\":\"Square\",\"Url\":\"MAM\\\\VTC\\\\NOI_DUNG_SO\\\\AM_THUC\\\\2021\\\\08\\\\25\\\\NOM_NAM_THINH\\\\Square\\\\25082021083016\\\\083016_Untitled1.jpg\"},{\"Type\":\"Thumbnail\",\"Url\":\"MAM\\\\VTC\\\\NOI_DUNG_SO\\\\AM_THUC\\\\2021\\\\08\\\\25\\\\NOM_NAM_THINH\\\\Thumbnail\\\\25082021083009\\\\083009_Untitled2.jpg\"}]","Name":"Cách làm gỏi nấm trộn thính thơm ngon","Title":"Cách làm gỏi nấm trộn thính thơm ngon","Path":"https://vcv60b6khlvod.vcdn.cloud///mam/vtc/noi_dung_so/am_thuc/2021/08/25/nom_nam_thinh/hls/master.m3u8","Schedule":"2021-08-27T20:00:00","Duration":"00:13:21","Metadata":[{"Name":"Title","Value":"Cách làm gỏi nấm trộn thính thơm ngon"}]},{"PrivateID":"c11b89a2-099a-4ee2-845c-0dbe79bff27c","Description":"Thịt heo cuộn phô mai chiên xù có màu vàng ươm, giòn nhẹ bên ngoài, thơm béo, đậm đà bên trong vô cùng hấp dẫn","Image":"[{\"Type\":\"Square\",\"Url\":\"MAM\\\\VTC\\\\NOI_DUNG_SO\\\\AM_THUC\\\\2021\\\\08\\\\18\\\\THIT_HEO_CUON_PHOMAI\\\\Square\\\\18082021090113\\\\090111_Untitled2.jpg\"},{\"Type\":\"Thumbnail\",\"Url\":\"MAM\\\\VTC\\\\NOI_DUNG_SO\\\\AM_THUC\\\\2021\\\\08\\\\18\\\\THIT_HEO_CUON_PHOMAI\\\\Thumbnail\\\\18082021090109\\\\090108_Untitled1.jpg\"}]","Name":"Thịt heo cuộn phô mai béo ngậy, tuyệt ngon","Title":"Thịt heo cuộn phô mai béo ngậy, tuyệt ngon","Path":"https://vcv60b6khlvod.vcdn.cloud///mam/vtc/noi_dung_so/am_thuc/2021/08/18/thit_heo_cuon_phomai/hls/master.m3u8","Schedule":"2021-08-25T20:00:00","Duration":"00:10:19","Metadata":[{"Name":"Title","Value":"Thịt heo cuộn phô mai béo ngậy, tuyệt ngon"}]},{"PrivateID":"c75e4934-80b4-44ae-8cbc-2f9123dbd0be","Description":"Chỉ từ những nguyên liệu quen thuộc như chim Bắc Cô, hồng sâm và các gia vị thảo mộc, chim bắc cô tiềm hồng sâm thực sự là một món ăn với hương vị tinh tế và giàu dinh dưỡng.","Image":"[{\"Type\":\"Square\",\"Url\":\"MAM\\\\VTC\\\\NOI_DUNG_SO\\\\AM_THUC\\\\2021\\\\08\\\\20\\\\CHIM_BAC_CO_TIEM_HONG_SAM\\\\Square\\\\20082021173943\\\\173943_am_thucc.jpg\"},{\"Type\":\"Thumbnail\",\"Url\":\"MAM\\\\VTC\\\\NOI_DUNG_SO\\\\AM_THUC\\\\2021\\\\08\\\\20\\\\CHIM_BAC_CO_TIEM_HONG_SAM\\\\Thumbnail\\\\20082021173939\\\\173940_am_thuc.jpg\"}]","Name":"Chim bắc cô tiềm hồng sâm - món ngon độc đáo","Title":"Chim bắc cô tiềm hồng sâm - món ngon độc đáo","Path":"https://vcv60b6khlvod.vcdn.cloud///mam/vtc/noi_dung_so/am_thuc/2021/08/20/chim_bac_co_tiem_hong_sam/hls/master.m3u8","Schedule":"2021-08-24T20:00:00","Duration":"00:03:00","Metadata":[{"Name":"Title","Value":"Chim bắc cô tiềm hồng sâm - món ngon độc đáo"}]},{"PrivateID":"77966b00-fdec-4468-a6ed-310d726233a9","Description":"Món chay với nhiều kiểu biến tấu đa dạng không chỉ mang đến hương vị hấp dẫn mà còn tốt cho sức khỏe. Chương trình hôm nay sẽ hướng dẫn bạn cách làm bún riêu chay thơm ngon.","Image":"[{\"Type\":\"Square\",\"Url\":\"MAM\\\\VTC\\\\NOI_DUNG_SO\\\\AM_THUC\\\\2021\\\\08\\\\17\\\\BUN_RIEU_CHAY\\\\Square\\\\17082021095202\\\\095200_Untitled2.jpg\"},{\"Type\":\"Thumbnail\",\"Url\":\"MAM\\\\VTC\\\\NOI_DUNG_SO\\\\AM_THUC\\\\2021\\\\08\\\\17\\\\BUN_RIEU_CHAY\\\\Thumbnail\\\\17082021095110\\\\095109_Untitled1.jpg\"}]","Name":"Bún riêu chay ngon mà lại đơn giản","Title":"Bún riêu chay ngon mà lại đơn giản","Path":"https://vcv60b6khlvod.vcdn.cloud///mam/vtc/noi_dung_so/am_thuc/2021/08/17/bun_rieu_chay/hls/master.m3u8","Schedule":"2021-08-18T20:00:00","Duration":"00:03:25","Metadata":[{"Name":"Title","Value":"Bún riêu chay ngon mà lại đơn giản"}]},{"PrivateID":"ea0e6b9a-555c-4bd6-8216-f21730770a64","Description":"Chỉ với những nguyên liệu rau củ đơn giản hàng ngày thêm chút sự biến tấu khéo léo, chúng ta đã có ngay món cháo chay thực dưỡng thơm ngon, lạ miệng và giàu dinh dưỡng.","Image":"[{\"Type\":\"Square\",\"Url\":\"MAM\\\\VTC\\\\NOI_DUNG_SO\\\\AM_THUC\\\\2021\\\\08\\\\16\\\\CHAO_CHAY_THUC_DUONG\\\\Square\\\\16082021154258\\\\154258_CHAO.jpg\"},{\"Type\":\"Thumbnail\",\"Url\":\"MAM\\\\VTC\\\\NOI_DUNG_SO\\\\AM_THUC\\\\2021\\\\08\\\\16\\\\CHAO_CHAY_THUC_DUONG\\\\Thumbnail\\\\16082021154255\\\\154255_CHAO_CHAY.jpg\"}]","Name":"Lạ miệng với món cháo chay thực dưỡng thơm ngon, thanh đạm","Title":"Lạ miệng với món cháo chay thực dưỡng thơm ngon, thanh đạm","Path":"https://vcv60b6khlvod.vcdn.cloud///mam/vtc/noi_dung_so/am_thuc/2021/08/16/chao_chay_thuc_duong/hls/master.m3u8","Schedule":"2021-08-17T19:55:00","Duration":"00:05:14","Metadata":[{"Name":"Title","Value":"Lạ miệng với món cháo chay thực dưỡng thơm ngon, thanh đạm"}]},{"PrivateID":"f2df967e-c46f-4cf4-a8d4-577076b6d15d","Description":"Cùng VTC Now vào bếp chế biến món ăn chống ngán quốc dân cho ngày hè. Đó là món salad rau càng cua trộn thịt bò, với đầy đủ vị mặn ngọt chua cay và màu sắc tươi ngon hấp dẫn. ","Image":"[{\"Type\":\"Square\",\"Url\":\"MAM\\\\VTC\\\\NOI_DUNG_SO\\\\AM_THUC\\\\2021\\\\08\\\\12\\\\AM_THUC\\\\Square\\\\12082021110215\\\\110215_GZGu.jpg\"},{\"Type\":\"Thumbnail\",\"Url\":\"MAM\\\\VTC\\\\NOI_DUNG_SO\\\\AM_THUC\\\\2021\\\\08\\\\12\\\\AM_THUC\\\\Thumbnail\\\\12082021110212\\\\110211_egGS.jpg\"}]","Name":"Biến tấu món salad rau càng cua thịt bò thơm ngon hấp dẫn","Title":"Biến tấu món salad rau càng cua thịt bò thơm ngon hấp dẫn","Path":"https://vcv60b6khlvod.vcdn.cloud///mam/vtc/noi_dung_so/am_thuc/2021/08/12/am_thuc/hls/master.m3u8","Schedule":"2021-08-12T20:00:00","Duration":"00:02:18","Metadata":[{"Name":"Title","Value":"Cách làm món salad rau càng cua với thịt bò thơm ngon hấp dẫn"}]},{"PrivateID":"a8a89d9e-f4e1-46a3-b7bc-2b86996af192","Description":"Món sườn nướng mắc khén hấp dẫn với màu vàng óng, vị béo ngậy của thịt hòa quyện vị thơm đặc trưng của hạt mắc khén và vị ngọt của mật ong.","Image":"[{\"Type\":\"Square\",\"Url\":\"MAM\\\\VTC\\\\NOI_DUNG_SO\\\\AM_THUC\\\\2021\\\\08\\\\11\\\\SUON_NUONG_MAC_KHEN\\\\Square\\\\11082021170502\\\\170502_999999.jpg\"},{\"Type\":\"Thumbnail\",\"Url\":\"MAM\\\\VTC\\\\NOI_DUNG_SO\\\\AM_THUC\\\\2021\\\\08\\\\11\\\\SUON_NUONG_MAC_KHEN\\\\Thumbnail\\\\11082021170458\\\\170458_99999.jpg\"}]","Name":"Sườn nướng mắc khén","Title":"Sườn nướng mắc khén","Path":"https://vcv60b6khlvod.vcdn.cloud///mam/vtc/noi_dung_so/am_thuc/2021/08/11/suon_nuong_mac_khen/hls/master.m3u8","Schedule":"2021-08-11T20:00:00","Duration":"00:04:27","Metadata":[{"Name":"Title","Value":"Sườn nướng mắc khén"}]},{"PrivateID":"28dea4b8-8605-4121-b4af-55b4c869ba00","Description":"Món cốm xào nước cốt dừa mang đặc trưng của Hà Nội. Mùi thơm của cốm tươi kết hợp vị ngọt mát của nước dừa sẽ khiến bạn không thể nào quên.","Image":"[{\"Type\":\"Square\",\"Url\":\"MAM\\\\VTC\\\\NOI_DUNG_SO\\\\AM_THUC\\\\2021\\\\07\\\\20\\\\COM_XAO_COT_DUA\\\\Square\\\\20072021172120\\\\172120_AT2.jpg\"},{\"Type\":\"Thumbnail\",\"Url\":\"MAM\\\\VTC\\\\NOI_DUNG_SO\\\\AM_THUC\\\\2021\\\\07\\\\20\\\\COM_XAO_COT_DUA\\\\Thumbnail\\\\20072021172117\\\\172117_AT_1.jpg\"}]","Name":"Cốm xào nước cốt dừa - món ngon khó cưỡng","Title":"Cốm xào nước cốt dừa - món ngon khó cưỡng","Path":"https://vcv60b6khlvod.vcdn.cloud///mam/vtc/noi_dung_so/am_thuc/2021/07/20/com_xao_cot_dua/hls/master.m3u8","Schedule":"2021-08-07T20:00:00","Duration":"00:12:02","Metadata":[{"Name":"Title","Value":"Cốm xào nước cốt dừa - món ngon khó cưỡng"}]},{"PrivateID":"fc73a853-f107-4284-bb4f-777cebb608c5","Description":"Bánh chưng chay không những giúp cả nhà đổi mới khẩu vị mà đây còn là món ăn lành mạnh và an toàn cho sức khỏe.","Image":"[{\"Type\":\"Square\",\"Url\":\"MAM\\\\VTC\\\\NOI_DUNG_SO\\\\AM_THUC\\\\2021\\\\07\\\\21\\\\AM_THUC_2107\\\\Square\\\\21072021170854\\\\170854_banh1.jpg\"},{\"Type\":\"Thumbnail\",\"Url\":\"MAM\\\\VTC\\\\NOI_DUNG_SO\\\\AM_THUC\\\\2021\\\\07\\\\21\\\\AM_THUC_2107\\\\Thumbnail\\\\21072021170849\\\\170849_banh.jpg\"},{\"Type\":\"Square\",\"Url\":\"MAM\\\\VTC\\\\NOI_DUNG_SO\\\\AM_THUC\\\\2021\\\\07\\\\21\\\\AM_THUC_2107\\\\Square\\\\21072021170854\\\\170854_banh1.jpg\"}]","Name":"Cách làm bánh chưng chay ăn hoài không chán","Title":"Cách làm bánh chưng chay ăn hoài không chán","Path":"https://vcv60b6khlvod.vcdn.cloud///mam/vtc/noi_dung_so/am_thuc/2021/07/21/am_thuc_2107/hls/master.m3u8","Schedule":"2021-08-05T20:00:00","Duration":"00:14:05","Metadata":[{"Name":"Title","Value":"Cách làm bánh chưng chay ăn hoài không chán"}]},{"PrivateID":"fd30eb0e-9158-4582-a94c-7964cb23409e","Description":"Không chỉ là một loại quả nhiều dinh dưỡng tốt cho sức khỏe mà đu đủ còn là nguyên liệu để chế biến rất nhiều món ăn dịu mát cho ngày hè nóng bức ","Image":"[{\"Type\":\"Square\",\"Url\":\"MAM\\\\VTC\\\\NOI_DUNG_SO\\\\AM_THUC\\\\2021\\\\07\\\\01\\\\NOM_XOAI_DU_DU_VI_THAI\\\\Square\\\\01072021164936\\\\164937_nom_xoai_vuong.jpg\"},{\"Type\":\"Thumbnail\",\"Url\":\"MAM\\\\VTC\\\\NOI_DUNG_SO\\\\AM_THUC\\\\2021\\\\07\\\\01\\\\NOM_XOAI_DU_DU_VI_THAI\\\\Thumbnail\\\\01072021164933\\\\164934_NOM_XOAI_DU_DU_VI_THAI.jpg\"}]","Name":"Dịu mát ngày hè với món gỏi đu đủ vị thái ","Title":"Dịu mát ngày hè với món gỏi đu đủ vị thái ","Path":"https://vcv60b6khlvod.vcdn.cloud///mam/vtc/noi_dung_so/am_thuc/2021/07/01/nom_xoai_du_du_vi_thai/hls/master.m3u8","Schedule":"2021-07-28T20:00:00","Duration":"00:07:21","Metadata":[{"Name":"Title","Value":"Dịu mát ngày hè với món gỏi đu đủ vị thái "}]},{"PrivateID":"fd671fd0-8ce3-42fe-832e-7fae9b122f45","Description":"Từng thớ thịt vịt căng mọng, dâng tràn vị ngọt tươi đậm đà hoà lẫn trong nước sốt được chế biến từ mắm nhĩ đã tạo nên món vịt đặc biệt khó quên.","Image":"[{\"Type\":\"Square\",\"Url\":\"MAM\\\\VTC\\\\NOI_DUNG_SO\\\\AM_THUC\\\\2021\\\\07\\\\22\\\\VIT_OM_MAM_NHI\\\\Square\\\\22072021155956\\\\155957_am_thuc_1.jpg\"},{\"Type\":\"Thumbnail\",\"Url\":\"MAM\\\\VTC\\\\NOI_DUNG_SO\\\\AM_THUC\\\\2021\\\\07\\\\22\\\\VIT_OM_MAM_NHI\\\\Thumbnail\\\\22072021155953\\\\155953_am_thuc_2.jpg\"}]","Name":"Vịt ươm mắm nhĩ - \"hoa hậu\" của các món vịt","Title":"Vịt ươm mắm nhĩ - \"hoa hậu\" của các món vịt","Path":"https://vcv60b6khlvod.vcdn.cloud///mam/vtc/noi_dung_so/am_thuc/2021/07/22/vit_om_mam_nhi/hls/master.m3u8","Schedule":"2021-07-22T20:00:00","Duration":"00:12:52","Metadata":[{"Name":"Title","Value":"Vịt ươm mắm nhĩ - \"hoa hậu\" của các món vịt"}]},{"PrivateID":"d8c7a7ad-a772-4497-a9c4-cfb1c67baea7","Description":"Thịt bò Úc mềm thơm đặc trưng kết hợp với sốt rượu vang nóng hổi sánh mịn sẽ là món ăn chinh phục cả những người khó tính nhất.","Image":"[{\"Type\":\"Square\",\"Url\":\"MAM\\\\VTC\\\\NOI_DUNG_SO\\\\AM_THUC\\\\2021\\\\07\\\\18\\\\BO_UC_SOT_RUOU_VANG\\\\Square\\\\18072021154816\\\\154554_am_thuc2.jpg\"},{\"Type\":\"Thumbnail\",\"Url\":\"MAM\\\\VTC\\\\NOI_DUNG_SO\\\\AM_THUC\\\\2021\\\\07\\\\18\\\\BO_UC_SOT_RUOU_VANG\\\\Thumbnail\\\\18072021154812\\\\154551_am_thuc.jpg\"}]","Name":"Ngon khó cưỡng với món bò Úc sốt rượu vang","Title":"Ngon khó cưỡng với món bò Úc sốt rượu vang","Path":"https://vcv60b6khlvod.vcdn.cloud///mam/vtc/noi_dung_so/am_thuc/2021/07/18/bo_uc_sot_ruou_vang/hls/master.m3u8","Schedule":"2021-07-18T20:00:00","Duration":"00:10:35","Metadata":[{"Name":"Title","Value":"Ngon khó cưỡng với món bò Úc sốt rượu vang"}]},{"PrivateID":"d10ab168-e7ac-42b0-90fa-8a3d2f107e82","Description":"Tôm càng xanh sốt cam là một món ăn lạ miệng, chắc chắn sẽ khiến các thành viên trong gia đình bạn tấm tắc khen ngon.","Image":"[{\"Type\":\"Square\",\"Url\":\"MAM\\\\VTC\\\\NOI_DUNG_SO\\\\AM_THUC\\\\2021\\\\07\\\\13\\\\AM_THUC_TOM_CANG_XANH_SOT_CAM_NGON_COM_NGYA_NANGG_NONG\\\\Square\\\\13072021183036\\\\183036_154927_am_thuc.jpg\"},{\"Type\":\"Thumbnail\",\"Url\":\"MAM\\\\VTC\\\\NOI_DUNG_SO\\\\AM_THUC\\\\2021\\\\07\\\\13\\\\AM_THUC_TOM_CANG_XANH_SOT_CAM_NGON_COM_NGYA_NANGG_NONG\\\\Thumbnail\\\\13072021183030\\\\183033_154922_hihi.jpg\"}]","Name":"Tôm càng xanh sốt cam - ngon cơm ngày nắng nóng","Title":"Tôm càng xanh sốt cam - ngon cơm ngày nắng nóng","Path":"https://vcv60b6khlvod.vcdn.cloud///mam/vtc/noi_dung_so/am_thuc/2021/07/13/am_thuc_tom_cang_xanh_sot_cam_ngon_com_ngya_nangg_nong/hls/master.m3u8","Schedule":"2021-07-13T20:00:00","Duration":"00:10:19","Metadata":[{"Name":"Title","Value":"Tôm càng xanh sốt cam - ngon cơm ngày nắng nóng"}]},{"PrivateID":"c744dd02-62be-40dd-a77e-9e1db9983615","Description":"Chỉ với nguyên liệu cực đơn giản như gân bò, cà chua, nấm, dứa... là bạn đã có một món ăn hấp dẫn và lạ miệng cho bữa cơm ngày hè.","Image":"[{\"Type\":\"Square\",\"Url\":\"MAM\\\\VTC\\\\NOI_DUNG_SO\\\\AM_THUC\\\\2021\\\\07\\\\12\\\\AM_THUC_1207_FULL\\\\Square\\\\12072021170703\\\\170702_alic.jpg\"},{\"Type\":\"Thumbnail\",\"Url\":\"MAM\\\\VTC\\\\NOI_DUNG_SO\\\\AM_THUC\\\\2021\\\\07\\\\12\\\\AM_THUC_1207_FULL\\\\Thumbnail\\\\12072021170657\\\\170656_ssc.jpg\"}]","Name":"Gân bò hầm nấm dứa - Lạ miêng cho bữa cơm ngày hè","Title":"Gân bò hầm nấm dứa - Lạ miêng cho bữa cơm ngày hè","Path":"https://vcv60b6khlvod.vcdn.cloud///mam/vtc/noi_dung_so/am_thuc/2021/07/12/am_thuc_1207_full/hls/master.m3u8","Schedule":"2021-07-12T20:07:00","Duration":"00:13:35","Metadata":[{"Name":"Title","Value":"Gân bò hầm nấm dứa - Lạ miêng cho bữa cơm ngày hè"}]},{"PrivateID":"5e2aed1f-0180-4534-8518-faa907ed9884","Description":"Trà vải - thức uống đơn giản, quen thuộc với mọi người hiện nay, với nguyên liệu từ thiên nhiên dễ làm lại được chị em ưa thích.","Image":"[{\"Type\":\"Square\",\"Url\":\"MAM\\\\VTC\\\\NOI_DUNG_SO\\\\AM_THUC\\\\2021\\\\07\\\\07\\\\AM_THUC_TRA_VAI_GIAI_NHIET_MUA_HE\\\\Square\\\\07072021160936\\\\160939_am_thucccc.jpg\"},{\"Type\":\"Thumbnail\",\"Url\":\"MAM\\\\VTC\\\\NOI_DUNG_SO\\\\AM_THUC\\\\2021\\\\07\\\\07\\\\AM_THUC_TRA_VAI_GIAI_NHIET_MUA_HE\\\\Thumbnail\\\\07072021160931\\\\160934_am_thuc.jpg\"}]","Name":"Giải nhiệt mùa hè cùng trà vải","Title":"Giải nhiệt mùa hè cùng trà vải","Path":"https://vcv60b6khlvod.vcdn.cloud///mam/vtc/noi_dung_so/am_thuc/2021/07/07/am_thuc_tra_vai_giai_nhiet_mua_he/hls/master.m3u8","Schedule":"2021-07-09T20:00:00","Duration":"00:13:39","Metadata":[{"Name":"Title","Value":"Giải nhiệt mùa hè cùng trà vải"}]},{"PrivateID":"f664e961-4fa3-403e-a93d-42ed89101730","Description":"Cá hồi nướng kết hợp cùng lá nếp và nước sốt sẽ mang đến hương vị lạ miệng nhưng vẫn phù hợp với mọi lứa tuổi trong gia đình. ","Image":"[{\"Type\":\"Square\",\"Url\":\"MAM\\\\VTC\\\\NOI_DUNG_SO\\\\AM_THUC\\\\2021\\\\06\\\\14\\\\AM_THUC\\\\Square\\\\17062021073341\\\\073337_am_thuc.jpg\"},{\"Type\":\"Thumbnail\",\"Url\":\"MAM\\\\VTC\\\\NOI_DUNG_SO\\\\AM_THUC\\\\2021\\\\06\\\\14\\\\AM_THUC\\\\Thumbnail\\\\14062021220618\\\\220616_am_thuc.jpg\"}]","Name":"Cách làm cá hồi cuốn lá nếp nướng thơm ngon \"nhức mũi\"  ","Title":"Cách làm cá hồi cuốn lá nếp nướng thơm ngon \"nhức mũi\"  ","Path":"https://vcv60b6khlvod.vcdn.cloud///mam/vtc/noi_dung_so/am_thuc/2021/06/14/am_thuc/hls/master.m3u8","Schedule":"2021-07-08T20:00:00","Duration":"00:14:28","Metadata":[{"Name":"Title","Value":"Cách làm cá hồi cuốn lá nếp nướng thơm ngon \"nhức mũi\"  "}]},{"PrivateID":"9a114bc0-1aa7-4bd7-b824-500f0d419060","Description":"Nếu thích ăn cua đồng trong những ngày hè này, chắc chắn bạn không nên bỏ qua món lẩu cua nước dừa thanh mát với hương vị mới lạ, độc đáo.","Image":"[{\"Type\":\"Thumbnail\",\"Url\":\"MAM\\\\VTC\\\\NOI_DUNG_SO\\\\AM_THUC\\\\2021\\\\07\\\\03\\\\AM_THUC\\\\Thumbnail\\\\03072021210525\\\\210525_0009.jpg\"}]","Name":"Đổi vị với lẩu cua nước dừa thanh mát","Title":"Đổi vị với lẩu cua nước dừa thanh mát","Path":"https://vcv60b6khlvod.vcdn.cloud///mam/vtc/noi_dung_so/am_thuc/2021/07/03/am_thuc/hls/master.m3u8","Schedule":"2021-07-03T20:05:00","Duration":"00:13:54","Metadata":[{"Name":"Title","Value":"Đổi vị với lẩu cua nước dừa thanh mát"}]},{"PrivateID":"f0545077-070f-4e29-b5e2-53029a475e5a","Description":"Trong mùa hè nắng nóng, bột sắn dây chanh luôn được người tiêu dùng ưa chuộng bởi công dụng giải khát và bổ sung năng lượng cực tốt.","Image":"[{\"Type\":\"Square\",\"Url\":\"MAM\\\\VTC\\\\NOI_DUNG_SO\\\\AM_THUC\\\\2021\\\\06\\\\30\\\\AM_THUC\\\\Square\\\\30062021163423\\\\163424_am_thuc.jpg\"},{\"Type\":\"Thumbnail\",\"Url\":\"MAM\\\\VTC\\\\NOI_DUNG_SO\\\\AM_THUC\\\\2021\\\\06\\\\30\\\\AM_THUC\\\\Thumbnail\\\\30062021163417\\\\163418_am_thucc.jpg\"}]","Name":"Tinh bột sắn dây chanh, thức uống thanh mát ngày hè","Title":"Tinh bột sắn dây chanh, thức uống thanh mát ngày hè","Path":"https://vcv60b6khlvod.vcdn.cloud///mam/vtc/noi_dung_so/am_thuc/2021/06/30/am_thuc/hls/master.m3u8","Schedule":"2021-06-30T20:00:00","Duration":"00:13:27","Metadata":[{"Name":"Title","Value":"Tinh bột sắn dây chanh, thức uống thanh mát cho ngày hè"}]},{"PrivateID":"f40cc0aa-b322-481d-9825-838e3b1d8909","Description":"Chỉ với 10 phút vào bếp cùng các nguyên liệu đơn giản, quen thuộc, chúng ta đã có ngay món salad Mimoza vừa ngon, vừa bổ, vừa khỏe dành cho gia đình.","Image":"[{\"Type\":\"Square\",\"Url\":\"MAM\\\\VTC\\\\NOI_DUNG_SO\\\\AM_THUC\\\\2021\\\\06\\\\27\\\\NGON_VA_LANH_2706_FULL\\\\Square\\\\27062021181646\\\\181646_salad_1.jpg\"},{\"Type\":\"Thumbnail\",\"Url\":\"MAM\\\\VTC\\\\NOI_DUNG_SO\\\\AM_THUC\\\\2021\\\\06\\\\27\\\\NGON_VA_LANH_2706_FULL\\\\Thumbnail\\\\27062021181643\\\\181643_salad.jpg\"}]","Name":"10 phút có ngay salad Mimoza ngon - bổ - khỏe","Title":"10 phút có ngay salad Mimoza ngon - bổ - khỏe","Path":"https://vcv60b6khlvod.vcdn.cloud///mam/vtc/noi_dung_so/am_thuc/2021/06/27/ngon_va_lanh_2706_full/hls/master.m3u8","Schedule":"2021-06-27T20:00:00","Duration":"00:14:04","Metadata":[{"Name":"Title","Value":"10 phút có ngay salad Mimoza ngon - bổ - khỏe"}]},{"PrivateID":"60e28032-84d9-47b4-90ec-2d56ec31a6a1","Description":"Chè sương sáo là một trong những món ăn giải nhiệt vừa rẻ vừa ngon miệng. Trong tiết trời nóng bức mùa hè, còn gì tuyệt vời hơn khi được thưởng thức một bát sương sáo dưa lưới mát lạnh và thơm ngọt do bạn tự tay chế biến.","Image":"[{\"Type\":\"Square\",\"Url\":\"MAM\\\\VTC\\\\VTC14\\\\NGON_VA_LANH\\\\2021\\\\06\\\\22\\\\AM_THUC_2206_FULL\\\\Square\\\\22062021174748\\\\174748_Untitled5.jpg\"},{\"Type\":\"Thumbnail\",\"Url\":\"MAM\\\\VTC\\\\VTC14\\\\NGON_VA_LANH\\\\2021\\\\06\\\\22\\\\AM_THUC_2206_FULL\\\\Thumbnail\\\\22062021174742\\\\174742_Untitled4.jpg\"}]","Name":"Giải nhiệt cấp tốc với chè sương sáo dưa lưới","Title":"Giải nhiệt cấp tốc với chè sương sáo dưa lưới","Path":"https://vcv60b6khlvod.vcdn.cloud///mam/vtc/vtc14/ngon_va_lanh/2021/06/22/am_thuc_2206_full/hls/master.m3u8","Schedule":"2021-06-22T18:09:51","Duration":"00:14:25","Metadata":[{"Name":"Title","Value":"Chè sương sáo dưa lưới: Thức uống mát ngọt mùa nắng nóng"}]},{"PrivateID":"9afb3364-9dd1-4b5a-be3d-4f5801dacb77","Description":"Vào mùa World Cup, những món ăn đặc trưng của người Nga vừa dễ chế biến vừa phù hợp với các đấng mày râu chắc chắn sẽ là sự lựa chọn của nhiều thực khách.","Image":"[{\"Type\":\"Square\",\"Url\":\"MAM\\\\VTC\\\\NOI_DUNG_SO\\\\AM_THUC\\\\2021\\\\06\\\\19\\\\NGON_VA_LANH_1906\\\\Square\\\\19062021211434\\\\211236_TIM_HIEU_NHUNG_MON_AN_DAC_TRUNG_CUA_NGUOI_NGAA.jpg\"},{\"Type\":\"Thumbnail\",\"Url\":\"MAM\\\\VTC\\\\NOI_DUNG_SO\\\\AM_THUC\\\\2021\\\\06\\\\19\\\\NGON_VA_LANH_1906\\\\Thumbnail\\\\19062021211318\\\\211120_TIM_HIEU_NHUNG_MON_AN_DAC_TRUNG_CUA_NGUOI_NGA.jpg\"}]","Name":"Tìm hiểu món ăn đặc trưng của nước Nga","Title":"Tìm hiểu món ăn đặc trưng của nước Nga","Path":"https://vcv60b6khlvod.vcdn.cloud///mam/vtc/noi_dung_so/am_thuc/2021/06/19/ngon_va_lanh_1906/hls/master.m3u8","Schedule":"2021-06-19T21:15:14","Duration":"00:14:38","Metadata":[{"Name":"Title","Value":"Tìm hiểu món ăn đặc trưng của người Nga trong mùa World Cup "}]},{"PrivateID":"35fe120a-adfc-4205-a14f-cdc3b8ac3da7","Description":"Lẩu gà là món ăn quen thuộc đối với người Việt Nam. Từ món lẩu gà quen thuộc, kết hợp với một vài thảo dược dễ tìm, chúng ta đã có món lẩu gà thảo dược bổ dưỡng đậm vị!","Image":"[{\"Type\":\"Square\",\"Url\":\"MAM\\\\VTC\\\\NOI_DUNG_SO\\\\AM_THUC\\\\2021\\\\05\\\\11\\\\0105_LAU_GA_THAO_DUOC\\\\Square\\\\11052021154144\\\\154146_0105_LAU_GA_THAO_DUOC.jpg\"},{\"Type\":\"Thumbnail\",\"Url\":\"MAM\\\\VTC\\\\NOI_DUNG_SO\\\\AM_THUC\\\\2021\\\\05\\\\11\\\\0105_LAU_GA_THAO_DUOC\\\\Thumbnail\\\\11052021154139\\\\154140_0105_LAU_GA_THAO_DUOC.jpg\"}]","Name":"Lẩu gà thảo dược: Dễ làm mà bổ dưỡng","Title":"Lẩu gà thảo dược: Dễ làm mà bổ dưỡng","Path":"https://vcv60b6khlvod.vcdn.cloud///mam/vtc/noi_dung_so/am_thuc/2021/05/11/0105_lau_ga_thao_duoc/hls/master.m3u8","Schedule":"2021-06-16T20:00:00","Duration":"00:14:04","Metadata":[{"Name":"Title","Value":"Lẩu gà thảo dược: Dễ làm mà bổ dưỡng"}]},{"PrivateID":"398f22ec-82a5-4103-8355-d05e4b3e93e6","Description":"Nếu bạn muốn thưởng thức phở vịt quay Lạng Sơn nhưng không thể ra ngoài hàng vì lo ngại dịch Covid-19; bạn hãy làm theo hướng dẫn từ các đầu bếp để tự chế biến món ăn này tại nhà theo các bước sau.","Image":"[{\"Type\":\"Square\",\"Url\":\"MAM\\\\VTC\\\\NOI_DUNG_SO\\\\AM_THUC\\\\2021\\\\05\\\\11\\\\2704_PHO_VIT_QUAY_DAC_SAN_LANG_SON\\\\Square\\\\11052021164844\\\\164846_2704_PHO_VIT_QUAY_DAC_SAN_LANG_SON.jpg\"},{\"Type\":\"Thumbnail\",\"Url\":\"MAM\\\\VTC\\\\NOI_DUNG_SO\\\\AM_THUC\\\\2021\\\\05\\\\11\\\\2704_PHO_VIT_QUAY_DAC_SAN_LANG_SON\\\\Thumbnail\\\\11052021164834\\\\164836_2704_PHO_VIT_QUAY_DAC_SAN_LANG_SON.jpg\"}]","Name":"Thưởng thức đặc sản phở vịt quay Lạng Sơn ngay tại nhà","Title":"Thưởng thức đặc sản phở vịt quay Lạng Sơn ngay tại nhà","Path":"https://vcv60b6khlvod.vcdn.cloud///mam/vtc/noi_dung_so/am_thuc/2021/05/11/2704_pho_vit_quay_dac_san_lang_son/hls/master.m3u8","Schedule":"2021-06-13T20:00:00","Duration":"00:14:08","Metadata":[{"Name":"Title","Value":"Thưởng thức đặc sản phở vịt quay Lạng Sơn ngay tại nhà"}]},{"PrivateID":"debd76a3-204f-4a71-9af3-5e82d5d8f1f2","Description":"Miến xào cháy cuộn là món ăn độc đáo, lạ miệng được nhiều người ưa thích thời gian gần đây. Cùng vào bếp và chế biến ngay món ăn này cho cả gia đình thôi nào!","Image":"[{\"Type\":\"Square\",\"Url\":\"MAM\\\\VTC\\\\NOI_DUNG_SO\\\\AM_THUC\\\\2021\\\\05\\\\11\\\\3004_MIEN_XAO_CHAY_CUON\\\\Square\\\\11052021154906\\\\154908_3004_MIEN_XAO_CHAY_CUON.jpg\"},{\"Type\":\"Thumbnail\",\"Url\":\"MAM\\\\VTC\\\\NOI_DUNG_SO\\\\AM_THUC\\\\2021\\\\05\\\\11\\\\3004_MIEN_XAO_CHAY_CUON\\\\Thumbnail\\\\11052021154737\\\\154739_3004_MIEN_XAO_CHAY_CUON.jpg\"}]","Name":"Miến xào cháy cuộn: Hấp dẫn, lạ miệng","Title":"Miến xào cháy cuộn: Hấp dẫn, lạ miệng","Path":"https://vcv60b6khlvod.vcdn.cloud///mam/vtc/noi_dung_so/am_thuc/2021/05/11/3004_mien_xao_chay_cuon/hls/master.m3u8","Schedule":"2021-06-11T20:00:00","Duration":"00:14:24","Metadata":[{"Name":"Title","Value":"Miến xào cháy cuộn: Hấp dẫn, lạ miệng"}]}]}