{"label_recently_added_products": "S\u1ea3n ph\u1ea9m m\u1edbi th\u00eam", "order_cart_drawer_label_wholesale": "Mua gi\u00e1 b\u00e1n bu\u00f4n/ b\u00e1n s\u1ec9", "order_cart_drawer_label_invalid": "H\u1ebft Hi\u1ec7u L\u1ef1c", "order_cart_drawer_label_addon": "Deal S\u1ed1c", "order_cart_drawer_label_bundle": "Combo khuy\u1ebfn m\u00e3i", "label_view_my_shopping_cart": "Xem Gi\u1ecf h\u00e0ng", "order_cart_drawer_label_updated": "\u0110\u00e3 c\u1eadp nh\u1eadt", "order_cart_drawer_label_delete": "X\u00f3a", "order_cart_drawer_label_deleted": "xo\u00e1", "label_n_more_products_in_cart_plural": "Th\u00eam h\u00e0ng v\u00e0o gi\u1ecf", "label_no_product_yet": "Ch\u01b0a c\u00f3 s\u1ea3n ph\u1ea9m", "order_cart_drawer_label_unlisted": "\u0110\u00e3 \u1ea9n", "order_cart_drawer_label_variations": "Ph\u00e2n lo\u1ea1i h\u00e0ng", "order_cart_drawer_label_pwg_badge_gift_only": "Qu\u00e0 T\u1eb7ng", "label_n_more_products_in_cart": "Th\u00eam h\u00e0ng v\u00e0o gi\u1ecf", "order_cart_drawer_label_sold_out": "h\u1ebft h\u00e0ng", "order_cart_drawer_label_gift": "Mua K\u00e8m"}