{"label_amount_sold_out_in_n_mins": "{{amount}} s\u1ea3n ph\u1ea9m b\u00e1n trong {{minutes}} ph\u00fat", "seo_flash_sale_description_ph": "Great online deals with good quality at low prices by Shopee Philippines. Grab promotions with huge discounts and voucher codes on new flash deals daily!", "label_amount_sold_out_in_1_hour": "{{amount}}sp b\u00e1n trong {{hours}}h", "fs_extra_n_off_first_m_within_x": "Gi\u1ea3m th\u00eam {{n}}% cho {{m}} s\u1ea3n ph\u1ea9m \u0111\u1ea7u ti\u00ean trong {{x}}", "label_sold_out": "h\u1ebft h\u00e0ng", "seo_flash_sale_description_my": "Maximise your value with Shopee Malaysia's Shocking Sale! With Lowest Prices Guaranteed, you can buy your ideal goods at mega discounts! Hurry and enjoy our limited-time deals on selected products while stocks last.", "fs_badge_label_sold": "B\u00e1n", "text_flash_deal_does_not_exist": "Kh\u00f4ng c\u00f3 Flash Sale n\u00e0o \u0111ang di\u1ec5n ra", "label_amount_sold_out_in_n_hours": "{{amount}}sp b\u00e1n trong {{hours}}h", "flash_sale_time_desync_title": "Device Time Inaccurate", "label_ends_in": "K\u1ebft th\u00fac trong", "flash_sale_header_starts_at": "B\u1eaeT \u0110\u1ea6U SAU", "label_flash_deals": "Flash Sales", "seo_flash_sale_title": "Flash Sale - Gi\u00e1 T\u1ed1t, \u01afu \u0110\u00e3i Kh\u1ee7ng | Shopee Vi\u1ec7t Nam", "text_flash_deal_ended": "Flash Sale \u0111\u00e3 k\u1ebft th\u00fac. C\u1ea3m \u01a1n b\u1ea1n \u0111\u00e3 tham gia!", "label_buy_now_flash_sale": "Mua ngay", "seo_flash_sale_title_ph": "Flash Deals | Shopee Philippines", "text_flash_sale_ended": "Flash Sale \u0111\u00e3 k\u1ebft th\u00fac. C\u1ea3m \u01a1n b\u1ea1n \u0111\u00e3 tham gia!", "seo_flash_sale_description_mx": "\u00a1Maximiza tu dinero con las Ofertas Rel\u00e1mpago de Shopee Malasia! \u00a1Con los Precios M\u00e1s Bajos Garantizados, puedes comprar tus productos ideales con megadescuentos! Ap\u00farate y disfruta de nuestras ofertas por tiempo limitado en productos seleccionados hasta que el stock se agote.", "seo_flash_sale_description_sg": "Enjoy Lowest Prices Guaranteed with Shopee Singapore's daily Flash Deals. Stretch your dollar with huge discounts on selected products, offered for limited-time periods, while stocks last!", "fs_badge_label_out": "H\u1ebft", "fs_extra_n_off_first_m": "Gi\u1ea3m th\u00eam {{n}}% cho {{m}} s\u1ea3n ph\u1ea9m \u0111\u1ea7u ti\u00ean", "label_coming_soon": "S\u1eafp di\u1ec5n ra", "fs_extra_n_off_applied_for_first_m_in_x": "Gi\u1ea3m th\u00eam {{n}}% cho {{m}} s\u1ea3n ph\u1ea9m trong {{x}} \u0111\u1ea7u ti\u00ean", "seo_flash_sale_description": "C\u01a1 h\u1ed9i mua s\u1eafm online gi\u00e1 h\u1ee7y di\u1ec7t, nhi\u1ec1u khuy\u1ebfn m\u00e3i h\u1ea5p d\u1eabn, mi\u1ec5n ph\u00ed v\u1eadn chuy\u1ec3n to\u00e0n qu\u1ed1c. S\u1ed1 l\u01b0\u1ee3ng c\u00f3 h\u1ea1n. S\u0103n flash sale ngay!", "fs_extra_n_off_applied_for_first_m": "Gi\u1ea3m th\u00eam {{n}}% cho {{m}} s\u1ea3n ph\u1ea9m \u0111\u1ea7u ti\u00ean", "text_flash_sale_does_not_exist": "Kh\u00f4ng c\u00f3 Flash Sale n\u00e0o \u0111ang di\u1ec5n ra", "text_shocking_sale_does_not_exist": "No ongoing Shocking Sale", "label_tomorrow": "Ng\u00e0y mai", "label_flash_sale_selling_out_tab": "S\u1eafp ch\u00e1y h\u00e0ng", "label_flashsale_no_selling_out_item": "Hi\u1ec7n t\u1ea1i ch\u01b0a c\u00f3 s\u1ea3n ph\u1ea9m n\u00e0o b\u00e1n ch\u00e1y h\u00e0ng. Vui l\u00f2ng ki\u1ec3m tra l\u1ea1i sau", "seo_flash_sale_title_my": "Shocking Sale | Shopee Malaysia", "label_amount_sold_out_in_1_min": "{{amount}}sp b\u00e1n trong 1 ph\u00fat", "flash_sale_no_product_hint": "Kh\u00f4ng t\u00ecm th\u1ea5y s\u1ea3n ph\u1ea9m n\u00e0o trong kho\u1ea3ng th\u1eddi gian n\u00e0y.", "seo_flash_sale_title_mx": "Ofertas Rel\u00e1mpago | Shopee M\u00e9xico", "seo_flash_sale_title_sg": "Flash Deals | Shopee Singapore"}