{"label_header_all_categories": "T\u1ea5t c\u1ea3 Danh m\u1ee5c", "label_header_no_product_yet": "Ch\u01b0a c\u00f3 s\u1ea3n ph\u1ea9m", "label_join_as_seller": "Tr\u1edf th\u00e0nh Ng\u01b0\u1eddi b\u00e1n Shopee", "label_header_n_more_products_in_cart": "Th\u00eam h\u00e0ng v\u00e0o gi\u1ecf", "label_header_go_sell": "Go to Seller Center", "label_header_downloads": "T\u1ea3i \u1ee9ng d\u1ee5ng", "label_header_more": "Th\u00eam", "label_header_recently_added_products": "S\u1ea3n ph\u1ea9m m\u1edbi th\u00eam", "label_header_hide_categories": "\u1ea8n danh m\u1ee5c", "label_header_my_group": "My Groups", "label_header_my_account": "T\u00e0i kho\u1ea3n c\u1ee7a t\u00f4i", "label_header_signup": "\u0110\u0103ng k\u00fd", "label_header_sell_on_shopee": "Sell on Shopee", "label_header_help": "H\u1ed7 Tr\u1ee3", "label_header_logout": "\u0110\u0103ng xu\u1ea5t", "label_header_sell": "K\u00eanh Ng\u01b0\u1eddi B\u00e1n", "label_header_my_purchase": "\u0110\u01a1n Mua", "label_header_view_my_shopping_cart": "Xem Gi\u1ecf h\u00e0ng", "label_header_shopee_blog": "Shopee Blog", "label_header_follow_us_on_shopee_campus": "Follow us on Shopee Campus", "label_header_login": "\u0110\u0103ng nh\u1eadp", "label_header_shopee_home": "Trang ch\u1ee7 Shopee", "label_header_follow_us_on": "K\u1ebft n\u1ed1i"}