{"label_page_title_subcat_CL": "Comprar {{subcategory}} Online - {{category}} Rebajas | Shopee Chile", "Label_selling_point_3_vn": "Mi\u1ec5n ph\u00ed v\u1eadn chuy\u1ec3n", "plt_label_submitting": "\u0110ang x\u1eed l\u00fd", "label_page_title_subcat_CO": "Comprar {{subcategory}} Online - {{category}} Ofertas | Shopee Colombia", "msg_username_length_restriction": "T\u00ean \u0111\u0103ng nh\u1eadp ph\u1ea3i ch\u1ee9a t\u1eeb 5 \u0111\u1ebfn 30 k\u00fd t\u1ef1", "title_search_page_new_PH": "{{keywords}} Price and Deals | Shopee {{country}}", "Label_selling_point_2_br": "100% Authentic", "Label_selling_point_3_sg": "Free Shipping", "msg_password_is_weak": "M\u1eadt kh\u1ea9u ph\u1ea3i d\u00e0i t\u1eeb 8-16 k\u00ed t\u1ef1, bao g\u1ed3m 1 ch\u1eef vi\u1ebft hoa v\u00e0 1 ch\u1eef vi\u1ebft th\u01b0\u1eddng", "label_curated_collection_price_from": "t\u1eeb", "Label_selling_point_3_my": "Free Shipping", "label_page_title_cat_PH": "Buy {{category}} Products Online | Shopee Philippines", "dl_sf_msg_promotion__rule__order_total__simple__MX": "{{deltaPhrase}} para pedidos de {{minOrderTotal}}", "msg_referral_download_app": "T\u1ea3i \u1ee9ng d\u1ee5ng ngay n\u00e0o!", "label_more": "Th\u00eam", "label_learn_more": "T\u00ecm hi\u1ec3u th\u00eam", "msg_password_length_restriction_strong": "8-16 k\u00ed t\u1ef1", "title_shop_collection_page_SG": "{{shop_name}}, Online Shop | Shopee {{country}}", "grb_label_group_and_save": "Group and Save", "label_shopee_mall_header_id": "Shopee Mall", "Label_selling_point_2_my": "15 Days Return", "Label_selling_point_2_mx": "100% Aut\u00e9ntico", "Msg_selling_point_2_vn_short": "\u0110\u1ea3m b\u1ea3o h\u00e0ng ch\u00ednh h\u00e3ng ho\u1eb7c ho\u00e0n ti\u1ec1n g\u1ea5p \u0111\u00f4i", "plt_label_ok": "OK", "label_page_title_cat_ID": "Jual {{category}}, Harga | Beli di Shopee Indonesia", "Label_selling_point_1_ph": "100% Authentic", "Msg_selling_point_3_br_short": "Nationwide with minimum spend", "title_home_page_new_ph": "Shopee {{country}} | Buy and Sell on Mobile or Online, Best Marketplace For You", "Msg_selling_point_1_my_short": "Guaranteed authentic or 2x money back", "label_page_title_cat_IN": "{{category}} Online Shopping | Shopee India", "label_preferred_for_preferred_seller": "Y\u00eau th\u00edch", "label_page_title_subcat_ID": "Jual {{subcategory}} - {{category}} | Shopee Indonesia", "msg_username_wrong_format": "T\u00ean \u0110\u0103ng nh\u1eadp ph\u1ea3i t\u1eeb 5-30 k\u00fd t\u1ef1 v\u1edbi \u00edt nh\u1ea5t m\u1ed9t ch\u1eef c\u00e1i (a-z). Bao g\u1ed3m c\u00e1c s\u1ed1 (0-9), d\u1ea5u ch\u1ea5m (.) v\u00e0 d\u1ea5u g\u1ea1ch d\u01b0\u1edbi (_).", "seo_l3_title_CO": "Compra {{l3}} Productos en l\u00ednea - {{l2}} | {{l1}}, {{time}} | Shopee {{locale}}", "msg_password_lowercase_restriction": "\u00cdt nh\u1ea5t m\u1ed9t k\u00ed t\u1ef1 vi\u1ebft th\u01b0\u1eddng.", "msg_referral_mobile_only": "Ch\u01b0\u01a1ng tr\u00ecnh Gi\u1edbi Thi\u1ec7u B\u1ea1n B\u00e8 hi\u1ec7n ch\u1ec9 c\u00f3 tr\u00ean \u1ee9ng d\u1ee5ng Shopee.", "Label_selling_point_2_th": "15 Days Return/Refund", "text_need_help": "C\u1ea7n tr\u1ee3 gi\u00fap?", "label_all_categories": "T\u1ea5t c\u1ea3 Danh m\u1ee5c", "msg_vcode_format_error": "M\u00e3 x\u00e1c minh ph\u1ea3i g\u1ed3m 6 ch\u1eef s\u1ed1", "Label_selling_point_1_id": "7 Days Return", "label_login": "\u0110\u0103ng nh\u1eadp", "plt_action_toast_label_cart_partial_fulfilment_error": "Kh\u00f4ng \u0111\u1ee7 s\u1ed1 l\u01b0\u1ee3ng \u0111\u1ec3 x\u1eed l\u00fd \u0111\u01a1n h\u00e0ng c\u00f9ng 1 kho, vui l\u00f2ng thay \u0111\u1ed5i s\u1ed1 l\u01b0\u1ee3ng nh\u00e9", "description_shop_collection_SG": "{{shop_description}} Kh\u00e1m ph\u00e1 c\u00e1c \u01b0u \u0111\u00e3i s\u1ea3n ph\u1ea9m v\u00e0 \u0111\u00e1nh gi\u00e1 {{shop_name}} online!", "Label_selling_point_3_mx": "Env\u00edo gratis", "label_all_products_camelcase": "S\u1ea3n Ph\u1ea9m", "label_filter_by_category": "theo Danh m\u1ee5c", "msg_error_select_variation": "Vui l\u00f2ng ch\u1ecdn  ph\u00e2n lo\u1ea1i h\u00e0ng tr\u01b0\u1edbc.", "product_card_label_sold_n": "\u0110\u00e3 b\u00e1n {{sold}}", "title_crash": "It's us, not you. Please try to refresh the page to solve the problem", "label_page_title_cat_SG": "Buy {{category}} Products Online | Shopee Singapore", "label_page_title_subcat_SG": "Buy {{subcategory}} Products Online - {{category}} Deals | Shopee Singapore", "msg_password_length_restriction": "M\u1eadt kh\u1ea9u ph\u1ea3i g\u1ed3m \u00edt nh\u1ea5t 6 k\u00fd t\u1ef1", "label_page_title_cat_BR": "Compre {{category}} em Promo\u00e7\u00e3o | Shopee Brasil", "Msg_selling_point_1_sg_short": "Tr\u1ea3 h\u00e0ng mi\u1ec5n ph\u00ed trong 7 ng\u00e0y", "label_free_shipping_cap": "Mi\u1ec5n ph\u00ed v\u1eadn chuy\u1ec3n", "Label_selling_point_3_th": "Free Shipping", "label_btn_more": "Th\u00eam", "label_online": "online", "page_campaigns_label_app_only": "T\u1ea3i \u1ee9ng d\u1ee5ng ngay \u0111\u1ec3 tham gia ch\u01b0\u01a1ng tr\u00ecnh khuy\u1ebfn m\u00e3i!", "title_home_page_new_my": "Shopee {{country}} | Buy and Sell on Mobile or Online, Best Marketplace For You", "label_page_title_subcat_ES": "{{subcategory}} Rebajas Online - {{category}} Ofertas | Shopee {{locale}}", "label_scan_qr_code": "Qu\u00e9t m\u00e3 QR \u0111\u1ec3 t\u1ea3i \u1ee9ng d\u1ee5ng Shopee ngay th\u00f4i", "Label_selling_point_1_br": "15 Days Return", "page_campaigns_title_app_only": "Ch\u01b0\u01a1ng tr\u00ecnh khuy\u1ebfn m\u00e3i n\u00e0y ch\u1ec9 \u00e1p d\u1ee5ng tr\u00ean \u1ee9ng d\u1ee5ng.", "label_shopee_mall_header_ph": "Th\u01b0\u01a1ng Hi\u1ec7u Ch\u00ednh H\u00e3ng", "label_page_title_subcat_TW": "\u7db2\u8cfc{{subcategory}}\u512a\u60e0\u63a8\u85a6\u5546\u54c1 - {{category}}\u5c08\u5340 | \u8766\u76ae\u8cfc\u7269", "label_page_title_cat_PL": "{{category}} Sprzeda\u017c online| Shopee {{locale}}", "Msg_selling_point_1_br_short": "Guaranteed authentic or 2x money back", "Label_selling_point_2_sg": "100% Authentic", "label_search_related_shops": "Shop li\u00ean quan \u0111\u1ebfn {{placeholder}}", "description_shop_collection_MX": "{{shop_description}} \u00a1Explora ofertas de productos y rese\u00f1as de {{shop_name}} en l\u00ednea!", "description_shop_collection_MY": "{{shop_description}} Kh\u00e1m ph\u00e1 c\u00e1c \u01b0u \u0111\u00e3i s\u1ea3n ph\u1ea9m v\u00e0 \u0111\u00e1nh gi\u00e1 v\u1ec1 {{shop_name}} online!", "description_shop_collection": "{{shop_description}} Kh\u00e1m ph\u00e1 c\u00e1c \u01b0u \u0111\u00e3i s\u1ea3n ph\u1ea9m v\u00e0 \u0111\u00e1nh gi\u00e1 v\u1ec1 {{shop_name}} online.", "label_page_title_subcat_MX": "Compra {{subcategory}} Productos - {{category}} | Shopee M\u00e9xico", "label_page_title_subcat_MY": "Buy {{subcategory}} Products - {{category}} | Shopee Malaysia", "Msg_selling_point_2_sg_short": "Cam k\u1ebft ch\u00ednh h\u00e3ng ho\u1eb7c ho\u00e0n ti\u1ec1n g\u1ea5p \u0111\u00f4i", "msg_must_be_numeric": "Gi\u00e1 tr\u1ecb ph\u1ea3i l\u00e0 s\u1ed1", "label_home": "D\u1ea1o", "label_page_title_subcat_PL": "{{subcategory}} Sprzeda\u017c online - {{category}} oferty | Shopee {{locale}}", "label_page_title_subcat_TH": "{{subcategory}} \u0e2a\u0e48\u0e07\u0e1f\u0e23\u0e35 | \u0e0b\u0e37\u0e49\u0e2d {{category}} \u0e2d\u0e2d\u0e19\u0e44\u0e25\u0e19\u0e4c \u0e23\u0e32\u0e04\u0e32\u0e14\u0e35\u0e17\u0e35\u0e48\u0e2a\u0e38\u0e14 | Shopee Thailand", "title_shop_page_new_MY": "{{shop_name}}, Online Shop | Shopee {{country}}", "msg_quantity_invalid": "Quantity is not valid", "plt_label_submit": "Ho\u00e0n th\u00e0nh", "plt_label_cancel": "Tr\u1edf L\u1ea1i", "label_back_to_shop_home": "Tr\u1edf l\u1ea1i Trang c\u1ee7a Shop", "label_download_shopee_now": "T\u1ea3i \u1ee9ng d\u1ee5ng ngay", "plt_action_toast_msg_you_have_rated_buyer": "B\u1ea1n \u0111\u00e3 \u0111\u00e1nh gi\u00e1 \u0111\u01a1n h\u00e0ng n\u00e0y.", "plt_action_toast_msg_can_only_edit_once": "B\u1ea1n ch\u1ec9 c\u00f3 th\u1ec3 thay \u0111\u1ed5i \u0110\u00e1nh gi\u00e1 1 l\u1ea7n.", "plt_action_toast_msg_cannot_add_cart_item_deleted_or_banned": "S\u1ea3n ph\u1ea9m \u0111\u00e3 b\u1ecb kh\u00f3a ho\u1eb7c x\u00f3a", "label_shop_categories": "Danh m\u1ee5c Shop", "order_cart_label_ok": "OK", "Label_selling_point_3_br": "Free Shipping", "label_clear_all": "X\u00f3a t\u1ea5t c\u1ea3", "msg_bundle_deal_reach_limit": "B\u1ea1n \u0111\u00e3 \u0111\u1ea1t s\u1ed1 l\u01b0\u1ee3ng s\u1ea3n ph\u1ea9m t\u1ed1i \u0111a trong Combo khuy\u1ebfn m\u00e3i", "label_show_brand_list_count": "Hi\u1ec3n th\u1ecb {{count}} c\u1eeda h\u00e0ng", "Msg_selling_point_2_my_short": "Hassle free returns at zero cost", "label_page_title_subcat_BR": "Buy {{subcategory}} Products - {{category}} | Shopee Brazil", "add_to_car_text_n_pieces_available": "{{count}} s\u1ea3n ph\u1ea9m c\u00f3 s\u1eb5n", "msg_welcome_package_mobile_only": "\u01afu \u0111\u00e3i t\u1eeb G\u00f3i Ch\u00e0o M\u1eebng hi\u1ec7n ch\u1ec9 c\u00f3 tr\u00ean \u1ee9ng d\u1ee5ng Shopee.", "Label_selling_point_1_sg": "15 Days Return", "plt_action_toast_msg_server_error": "L\u1ed7i Server", "title_shop_page_new_SG": "{{shop_name}}, Online Shop | Shopee {{country}}", "label_add_to_cart": "th\u00eam v\u00e0o gi\u1ecf h\u00e0ng", "Msg_selling_point_2_id_short": "Authentic or money back guarantee", "label_page_title_cat_FR": "{{category}} Vente en Ligne | Shopee {{locale}}", "label_see_more": "Xem th\u00eam", "title_shop_collection_page_PH": "{{shop_name}}, Online Shop | Shopee {{country}}", "label_reset_password": "\u0110\u1eb7t l\u1ea1i m\u1eadt kh\u1ea9u", "Label_selling_point_3_id": "Free Shipping", "label_price": "Gi\u00e1", "label_page_title_subcat_VN": "Mua s\u1eafm online s\u1ea3n ph\u1ea9m {{subcategory}} gi\u00e1 t\u1ed1t| {{category}} | Shopee Vi\u1ec7t Nam", "title_shop_page_new": "{{shop_name}}, C\u1eeda h\u00e0ng tr\u1ef1c tuy\u1ebfn | Shopee {{country}}", "label_n_sold_flash_sale": "\u0110\u00e3 b\u00e1n {{count}}", "title_home_page_new": "Shopee {{country}} | Mua v\u00e0 B\u00e1n Tr\u00ean \u1ee8ng D\u1ee5ng Di \u0110\u1ed9ng Ho\u1eb7c Website", "title_shop_page_new_PH": "{{shop_name}}, Online Shop | Shopee {{country}}", "Msg_selling_point_1_id_short": "Hassle free return for all products*", "label_page_title_cat_VN": "Mua s\u1eafm online s\u1ea3n ph\u1ea9m {{category}} gi\u00e1 t\u1ed1t | Shopee Vi\u1ec7t Nam", "msg_no_checkout_items": "B\u1ea1n v\u1eabn ch\u01b0a ch\u1ecdn s\u1ea3n ph\u1ea9m n\u00e0o \u0111\u1ec3 mua.", "label_apply": "\u00c1p d\u1ee5ng", "label_page_title_cat_MX": "{{category}} Products Online Shopping | Shopee Mexico", "plt_action_toast_msg_add_item_to_cart_failed": "Kh\u00f4ng th\u1ec3 th\u00eam s\u1ea3n ph\u1ea9m v\u00e0o Gi\u1ecf h\u00e0ng", "label_quantity": "S\u1ed1 l\u01b0\u1ee3ng", "Label_selling_point_1_th": "100% Authentic", "label_slash_price_title": "Ch\u00e9m Gi\u00e1!!", "msg_password_uppercase_restriction": "\u00cdt nh\u1ea5t m\u1ed9t k\u00ed t\u1ef1 vi\u1ebft hoa.", "dl_sf_msg_promotion__rule__order_total__simple__VN": "__deltaPhrase__ cho \u0111\u01a1n h\u00e0ng t\u1eeb __minOrderTotal__", "plt_action_toast_msg_addon_main_item_is_invalid": "Ch\u01b0\u01a1ng tr\u00ecnh Mua th\u00eam deal s\u1ed1c c\u1ee7a s\u1ea3n ph\u1ea9m n\u00e0y \u0111\u00e3 k\u1ebft th\u00fac", "Msg_selling_point_3_ph_short": "Free Shipping & COD nationwide", "msg_slash_price_mobile_only": "Uii! Ch\u1ec9 ch\u00e9m gi\u00e1 tr\u00ean \u1ee9ng d\u1ee5ng \u0111\u01b0\u1ee3c th\u00f4i b\u1ea1n \u01a1i. B\u1ea1n t\u1ea3i \u1ee9ng d\u1ee5ng Shopee \u0111\u1ec3 ch\u00e9m gi\u00e1 nha!", "plt_action_toast_msg_addon_item_is_invalid": "Ch\u01b0\u01a1ng tr\u00ecnh Mua th\u00eam deal s\u1ed1c c\u1ee7a s\u1ea3n ph\u1ea9m n\u00e0y \u0111\u00e3 k\u1ebft th\u00fac", "Msg_selling_point_2_mx_short": "Devoluci\u00f3n sin problemas a coste cero", "label_follow": "theo d\u00f5i", "msg_password_length_restriction_long": "M\u1eadt kh\u1ea9u kh\u00f4ng \u0111\u01b0\u1ee3c qu\u00e1 16 k\u00fd t\u1ef1", "label_shopee_mall_header": "Shopee Mall", "Label_selling_point_2_ph": "7-Day Returns", "Msg_selling_point_3_vn_short": "Giao h\u00e0ng mi\u1ec5n ph\u00ed to\u00e0n qu\u1ed1c", "label_shopee_mall_header_sg": "Th\u01b0\u01a1ng Hi\u1ec7u Ch\u00ednh H\u00e3ng", "Msg_selling_point_1_th_short": "2x money back", "plt_action_toast_msg_rate_items_success": "B\u1ea1n \u0111\u00e3 \u0111\u00e1nh gi\u00e1 s\u1ea3n ph\u1ea9m th\u00e0nh c\u00f4ng!", "Label_selling_point_2_id": "100% Original", "Label_selling_point_1_mx": "Devoluci\u00f3n de 15 d\u00edas", "Label_selling_point_1_my": "100% Authentic", "label_buy_now": "Mua ngay", "label_search_user_sponsored_by": "T\u00e0i tr\u1ee3 b\u1edfi {{name}}", "msg_please_enter_username": "Vui l\u00f2ng nh\u1eadp T\u00ean ng\u01b0\u1eddi d\u00f9ng", "title_home_page_new_sg": "Shopee {{country}} | Hot Deals, Best Prices", "msg_welcome_package_download_app": "T\u1ea3i \u1ee9ng d\u1ee5ng ngay n\u00e0o!", "Msg_selling_point_1_vn_short": "Tr\u1ea3 h\u00e0ng mi\u1ec5n ph\u00ed trong 7 ng\u00e0y", "Label_selling_point_3_ph": "Free Shipping & COD", "Msg_selling_point_2_th_short": "Free return within 15 days", "label_shopee_mall_brand_list_all": "T\u1ea5t c\u1ea3 c\u1eeda h\u00e0ng", "label_page_title_subcat_FR": "{{subcategory}} Vente en Ligne - {{category}}} Bons Plans | Shopee {{locale}}", "msg_error_has_occurred": "Uiiiii, c\u00f3 l\u1ed7i m\u1ea5t r\u1ed3i.", "plt_action_toast_msg_addon_deal_is_expired": "R\u1ea5t ti\u1ebfc, \u01b0u \u0111\u00e3i \u0111\u00e3 k\u1ebft th\u00fac", "title_shop_collection_page_MY": "{{shop_name}}, Online Shop | Shopee {{country}}", "plt_action_toast_msg_add_item_to_cart_success": "S\u1ea3n ph\u1ea9m \u0111\u00e3 \u0111\u01b0\u1ee3c th\u00eam v\u00e0o Gi\u1ecf h\u00e0ng", "label_signup": "\u0110\u0103ng k\u00fd", "label_page_title_cat_CO": "{{category}} Rebajas Online | Shopee Colombia", "label_page_title_cat_TH": "\u0e0b\u0e37\u0e49\u0e2d {{category}} \u0e2d\u0e2d\u0e19\u0e44\u0e25\u0e19\u0e4c \u0e2a\u0e48\u0e07\u0e1f\u0e23\u0e35 \u0e23\u0e32\u0e04\u0e32\u0e14\u0e35\u0e17\u0e35\u0e48\u0e2a\u0e38\u0e14 | Shopee Thailand", "label_page_title_cat_CL": "{{category}} Ofertas Online | Shopee Chile", "msg_invalid_captcha_entered": "B\u1ea1n \u0111\u00e3 nh\u1eadp m\u00e3 kh\u00f4ng ch\u00ednh x\u00e1c", "label_page_title_subcat_PH": "Shop {{subcategory}} Online - {{category}} | Shopee Philippines", "plt_action_toast_msg_item_out_of_stock": "S\u1ea3n ph\u1ea9m n\u00e0y \u0111\u00e3 h\u1ebft h\u00e0ng", "plt_action_toast_msg_remind_to_select_varations": "Vui l\u00f2ng ch\u1ecdn Ph\u00e2n lo\u1ea1i h\u00e0ng", "Msg_selling_point_3_id_short": "Special min. spend only Rp90.000*", "Label_selling_point_1_vn": "7 ng\u00e0y mi\u1ec5n ph\u00ed tr\u1ea3 h\u00e0ng", "label_user_on_vacation": "\u0110ang t\u1ea1m ngh\u1ec9 b\u00e1n", "description_shop_collection_PH": "{{shop_description}} Thanh to\u00e1n {{shop_name}} s\u1ea3n ph\u1ea9m v\u00e0 \u0111\u00e1nh gi\u00e1 online!", "plt_action_toast_msg_add_item_to_cart_blocked": "Ng\u01b0\u1eddi d\u00f9ng n\u00e0y \u0111\u00e3 th\u00eam b\u1ea1n v\u00e0o Danh s\u00e1ch ch\u1eb7n c\u1ee7a h\u1ecd. Vui l\u00f2ng mua c\u00e1c s\u1ea3n ph\u1ea9m kh\u00e1c.", "label_variations": "Ph\u00e2n lo\u1ea1i h\u00e0ng", "label_page_title_subcat_IN": "Buy {{subcategory}} Online - {{category}} Deals | Shopee India", "label_page_title_cat_TW": "\u7db2\u8cfc{{category}}\u512a\u60e0\u63a8\u85a6\u5546\u54c1 | \u8766\u76ae\u8cfc\u7269", "badge_label_new_mall": "M\u1edbi", "title_search_page_new_MY": "Explore {{keywords}} Product Offers and Prices | Shopee {{country}}", "label_promotion_exclusive_price": "{{label}} gi\u1ea3m  {{discount}}", "Msg_selling_point_3_mx_short": "A nivel nacional con gasto m\u00ednimo", "seo_l3_title_MX": "Compra {{l3}} Productos en l\u00ednea - {{l2}} | {{l1}}, {{time}} | Shopee {{locale}}", "label_loading": "\u0110ang t\u1ea3i...", "label_page_title_cat_ES": "{{category}} Rebajas Online | Shopee {{locale}}", "title_search_page_new_SG": "{{keywords}} Price and Deals | Shopee {{country}}", "plt_label_preferred_plus": "Y\u00eau th\u00edch+", "Msg_selling_point_3_my_short": "Nationwide with minimum spend", "msg_captcha_empty_error": "M\u00e3 ng\u1eabu nhi\u00ean/m\u00e3 hi\u1ec3n th\u1ecb kh\u00f4ng \u0111\u01b0\u1ee3c \u0111\u1ec3 tr\u1ed1ng", "label_shopee": "Shopee", "seo_l3_title_CL": "Compra {{l3}} Productos en l\u00ednea - {{l2}} | {{l1}}, {{time}} | Shopee {{locale}}", "plt_action_toast_msg_cannot_add_cart_item_cant_fulfill_source": "R\u1ea5t ti\u1ebfc ch\u01b0a th\u1ec3 thanh to\u00e1n \u0111\u01b0\u1ee3c do kh\u00f4ng \u0111\u1ee7 s\u1ed1 l\u01b0\u1ee3ng \u0111\u1ec3 x\u1eed l\u00fd \u0111\u01a1n h\u00e0ng c\u00f9ng 1 kho", "Msg_selling_point_2_ph_short": "Hassle-free returns for all products", "Msg_selling_point_3_sg_short": "Mi\u1ec5n ph\u00ed giao h\u00e0ng to\u00e0n qu\u1ed1c", "label_shopee_mall_header_my": "Th\u01b0\u01a1ng Hi\u1ec7u Ch\u00ednh H\u00e3ng", "msg_password_is_different": "M\u1eadt kh\u1ea9u v\u00e0 M\u1eadt kh\u1ea9u x\u00e1c nh\u1eadn kh\u00f4ng gi\u1ed1ng nhau", "Msg_selling_point_3_th_short": "Enjoy free shipping with min spend THB 200", "Label_selling_point_2_vn": "H\u00e0ng ch\u00ednh h\u00e3ng 100%", "Msg_selling_point_1_ph_short": "Guaranteed authentic or your money back", "Msg_selling_point_2_br_short": "Hassle free returns at zero cost", "label_see_all": "Xem t\u1ea5t c\u1ea3", "label_page_title_cat_MY": "{{category}} Products Online Shopping | Shopee Malaysia", "label_selling_fast": "S\u1eafp ch\u00e1y h\u00e0ng", "title_shop_collection_page": "{{shop_name}}, C\u1eeda h\u00e0ng tr\u1ef1c tuy\u1ebfn | Shopee {{country}}", "title_search_page_new": "Mua S\u1ea3n Ph\u1ea9m {{keywords}} Gi\u00e1 T\u1ed1t & Khuy\u1ebfn M\u00e3i H\u1ea5p D\u1eabn | Shopee {{country}}"}