{"label_in_whole_shopee": "Trong Shopee", "label_search_history": "L\u1ecbch s\u1eed T\u00ecm ki\u1ebfm", "label_in_category": "trong {{category}}", "label_search_in_entity": "T\u00ecm trong {{entity}}", "label_in_this_shop": "Trong Shop n\u00e0y", "label_in_entity": "Trong {{entity}}", "label_search_product_brands_and_shops_tab": "T\u00ecm s\u1ea3n ph\u1ea9m, th\u01b0\u01a1ng hi\u1ec7u, v\u00e0 t\u00ean shop", "label_in_official_shops": "T\u1ea1i Shopee Mall", "label_search_x_shops": "T\u00ecm Shop \"{{username}}\"", "label_search_x_in_shopee": "T\u00ecm Shop  \"{{username}}\" trong Shopee", "label_search_products_in_voucher": "T\u00ecm ki\u1ebfm c\u00e1c s\u1ea3n ph\u1ea9m c\u00f3 th\u1ec3 \u00e1p d\u1ee5ng m\u00e3 gi\u1ea3m gi\u00e1 n\u00e0y.", "label_in_this_site": "trong trang n\u00e0y", "label_search_in_official_shop": "T\u00ecm trong Shopee Mall", "label_search_in_mart": "T\u00ecm trong Shopee Supermarket", "label_shops": "Shop", "label_with_this_voucher": "V\u1edbi M\u00e3 gi\u1ea3m gi\u00e1 n\u00e0y", "label_search_in_this_site": "T\u00ecm trong trang n\u00e0y", "label_search_in_this_shop": "T\u00ecm trong Shop n\u00e0y"}