{"label_noti_btn_notification": "xem th\u00f4ng b\u00e1o", "label_noti_login_required": "\u0110\u0103ng nh\u1eadp \u0111\u1ec3 xem Th\u00f4ng b\u00e1o", "label_noti_btn_rate_products_now": "\u0110\u00e1nh gi\u00e1 S\u1ea3n ph\u1ea9m", "msg_noti_activity_at_you_comment": "<b>{{username}}</b> \u0111\u00e3 \u0111\u1ec1 c\u1eadp \u0111\u1ebfn b\u1ea1n trong b\u00ecnh lu\u1eadn: <b>{{comment}}</b>", "label_noti_btn_not_following": "Theo d\u00f5i {{username}}", "label_noti_signup": "\u0110\u0103ng k\u00fd", "label_noti_btn_view_shopping_cart": "Xem Gi\u1ecf h\u00e0ng", "label_noti_btn_view_my_coins": "Xem Xu c\u1ee7a t\u00f4i", "label_noti_view_comment_only": "Ch\u1ec9 xem b\u00ecnh lu\u1eadn", "label_noti_no_promotion": "Ch\u01b0a c\u00f3 Khuy\u1ebfn m\u00e3i t\u1eeb Shopee", "label_noti_no_flashsale_update": "Ch\u01b0a c\u00f3 ch\u01b0\u01a1ng tr\u00ecnh n\u00e0o", "label_noti_no_wallet_updates": "Ch\u01b0a c\u00f3 th\u00f4ng tin m\u1edbi", "label_noti_no_activity": "Ch\u01b0a c\u00f3 ho\u1ea1t \u0111\u1ed9ng", "label_noti_btn_view_my_wallet": "Xem V\u00ed c\u1ee7a t\u00f4i", "label_noti_btn_download_app": "T\u1ea3i app", "label_noti_btn_view_comment": "Xem b\u00ecnh lu\u1eadn", "label_noti_mark_as_read": "\u0110\u00e1nh d\u1ea5u \u0110\u00e3 \u0111\u1ecdc t\u1ea5t c\u1ea3", "label_noti_no_paid_ads": "Kh\u00f4ng c\u00f3 c\u1eadp nh\u1eadt n\u00e0o t\u1eeb D\u1ecbch V\u1ee5 \u0110\u1ea5u Th\u1ea7u T\u1eeb Kh\u00f3a", "label_noti_btn_view_my_profile": "Xem H\u1ed3 s\u01a1 c\u1ee7a t\u00f4i", "label_noti_no_listing_update": "Ch\u01b0a c\u1eadp nh\u1eadt th\u00eam s\u1ea3n ph\u1ea9m", "label_noti_btn_find_out_more": "T\u00ecm hi\u1ec3u th\u00eam", "label_noti_recently_received": "Th\u00f4ng b\u00e1o m\u1edbi nh\u1eadn", "msg_noti_activity_liked_product": "<b>{{username}}</b> \u0111\u00e3 th\u00edch s\u1ea3n ph\u1ea9m <b>{{product}}</b> c\u1ee7a b\u1ea1n.", "label_noti_btn_view_shop_rating": "Xem \u0111\u00e1nh gi\u00e1 Shop", "msg_noti_activity_following": "<b>{{username}}</b> b\u1eaft \u0111\u1ea7u theo d\u00f5i b\u1ea1n.", "label_noti_btn_reply_now": "Tr\u1ea3 l\u1eddi ngay", "label_noti_btn_edit_shop_profile": "Ch\u1ec9nh s\u1eeda H\u1ed3 s\u01a1 Shop", "msg_noti_activity_contact_registered": "<b>{{contactname}}</b> trong danh b\u1ea1 c\u1ee7a b\u1ea1n \u0111ang s\u1eed d\u1ee5ng Shopee v\u1edbi t\u00ean <b>{{username}}</b>.", "label_noti_btn_following": "\u0110ang theo", "label_noti_notifications": "Th\u00f4ng b\u00e1o", "label_noti_btn_view_product_detail": "Xem Chi ti\u1ebft s\u1ea3n ph\u1ea9m", "label_noti_no_rating_update": "Ch\u01b0a c\u00f3 c\u1eadp nh\u1eadt v\u1ec1 \u0110\u00e1nh gi\u00e1", "label_noti_view_all": "Xem t\u1ea5t c\u1ea3", "label_noti_btn_view_income": "Xem Doanh thu", "msg_noti_activity_rated_product": "<b>{{username}}</b> \u0111\u00e3 \u0111\u00e1nh gi\u00e1 s\u1ea3n ph\u1ea9m <b>{{product}}</b> c\u1ee7a b\u1ea1n.", "label_noti_btn_view_order_details": "Xem Chi ti\u1ebft \u0111\u01a1n h\u00e0ng", "label_noti_btn_view_details": "Xem chi ti\u1ebft", "msg_noti_activity_updated_like_product": "S\u1ea3n ph\u1ea9m<b>{{product}}</b> \u0111\u00e3 \u0111\u01b0\u1ee3c c\u1eadp nh\u1eadt.", "label_noti_login": "\u0110\u0103ng nh\u1eadp", "label_noti_btn_choose_another_pickup_counter": "C\u1eadp nh\u1eadt \u0110i\u1ec3m l\u1ea5y h\u00e0ng", "label_noti_btn_rate_buyer_now": "\u0110\u00e1nh gi\u00e1 Ng\u01b0\u1eddi mua", "label_noti_view_transaction_details": "Xem chi ti\u1ebft giao d\u1ecbch", "highest_discount_hotdeals": "GI\u1ea2M", "label_noti_no_paylater_update": "Ch\u01b0a c\u00f3 c\u1eadp nh\u1eadt n\u00e0o", "label_noti_no_notification": "Ch\u01b0a c\u00f3 th\u00f4ng b\u00e1o", "label_noti_no_shopee_update": "Ch\u01b0a c\u00f3 c\u1eadp nh\u1eadt m\u1edbi t\u1eeb Shopee", "label_noti_no_comment": "Ch\u01b0a c\u00f3 b\u00ecnh lu\u1eadn", "label_noti_btn_view_refund_return_detail": "Xem chi ti\u1ebft Tr\u1ea3 h\u00e0ng/Ho\u00e0n ti\u1ec1n", "label_noti_btn_home_page": "V\u1ec1 Trang Ch\u1ee7", "msg_noti_activity_commented_product": "<b>{{username}}</b> \u0111\u00e3 b\u00ecnh lu\u1eadn s\u1ea3n ph\u1ea9m c\u1ee7a b\u1ea1n: <b>{{comment}}</b>", "label_noti_loading": "\u0110ang t\u1ea3i...", "label_noti_no_order_update": "Ch\u01b0a c\u00f3 c\u1eadp nh\u1eadt \u0111\u01a1n h\u00e0ng"}