{"label_voucher_inapplicable": "Ch\u01b0a th\u1ec3 \u00e1p d\u1ee5ng", "label_voucher_apply": "\u00c1p D\u1ee5ng", "label_voucher_coins_cashback_value": "Ho\u00e0n {{value}}% xu", "label_airpay_only__TH": "ShopeePay Only", "msg_voucher_server_error": "Uiiii, c\u00f3 l\u1ed7i r\u1ed3i! B\u1ea1n vui l\u00f2ng th\u1eed l\u1ea1i nh\u00e9.", "label_voucher_product_value_discount": "Gi\u1ea3m {{value}}", "label_first_come_first_served": "L\u01b0\u1ee3t s\u1eed d\u1ee5ng c\u00f3 h\u1ea1n. Nhanh tay k\u1ebbo l\u1ee1 b\u1ea1n nh\u00e9!", "label_flash_sale_buy_short": "Mua", "page_wallet_title_app_only": "Ch\u01b0\u01a1ng tr\u00ecnh khuy\u1ebfn m\u00e3i n\u00e0y ch\u1ec9 \u00e1p d\u1ee5ng tr\u00ean \u1ee9ng d\u1ee5ng.", "alert_claim_error_not_found": "R\u1ea5t ti\u1ebfc! Voucher n\u00e0y kh\u00f4ng c\u00f2n hi\u1ec7u l\u1ef1c", "label_add_voucher": "M\u00e3 Voucher", "grb_badge_label_sold": "B\u00e1n", "voucher_wallet_label_airpay_only_fsv__VN": "Thanh to\u00e1n AirPay", "label_promo_code_short": "M\u00e3", "voucher_wallet_label_shopee_wallet_only_fsv__MY": "ShopeePay Only", "label_voucher_jko": "JKO Pay Only", "label_free_shipping": "Mi\u1ec5n Ph\u00ed V\u1eadn Chuy\u1ec3n", "label_voucher_usage_valid_till_date": "c\u00f3 hi\u1ec7u l\u1ef1c \u0111\u1ebfn ng\u00e0y {{date}}", "voucher_cust_err_msg_cta": "T\u00ccM HI\u1ec2U", "label_buy_anyway": "Mua ngay", "voucher_wallet_label_shopee_wallet_only_fsv": "Thanh to\u00e1n v\u1edbi ShopeePay", "label_voucher_faq": "H\u1ed7 Tr\u1ee3", "label_capped_x": "T\u1ed1i \u0111a {{n}} Xu", "msg_input_claim_error_self_shop": "B\u1ea1n kh\u00f4ng th\u1ec3 t\u1ef1 s\u1eed d\u1ee5ng voucher c\u1ee7a Shop b\u1ea1n.", "voucher_cust_err_msg_content": "R\u1ea5t ti\u1ebfc! B\u1ea1n ch\u01b0a \u0111\u1ea1t \u0111\u1ee7 \u0111i\u1ec1u ki\u1ec7n \u0111\u1ec3 s\u1eed d\u1ee5ng voucher n\u00e0y.", "label_free_shipping_header": "M\u00e3 Mi\u1ec5n ph\u00ed v\u1eadn chuy\u1ec3n", "msg_voucher_payment_not_match": "H\u00ecnh th\u1ee9c thanh to\u00e1n \u0111ang s\u1eed d\u1ee5ng kh\u00f4ng \u0111\u1ea1t \u0111\u1ee7 \u0111i\u1ec1u ki\u1ec7n c\u1ee7a voucher n\u00e0y.", "msg_voucher_code_expired": "Voucher n\u00e0y \u0111\u00e3 h\u1ebft h\u1ea1n s\u1eed d\u1ee5ng", "label_voucher_usage_expiring_in": "h\u1ebft h\u1ea1n trong: {{time}}", "alert_claim_error_not_start": "Th\u1eddi gian \u0111\u1ec3 l\u01b0u voucher n\u00e0y v\u1ec1 v\u00ed v\u1eabn ch\u01b0a b\u1eaft \u0111\u1ea7u. B\u1ea1n vui l\u00f2ng th\u1eed l\u1ea1i sau nh\u00e9!", "label_voucher_discount_value_off": "Gi\u1ea3m {{value}}", "msg_input_claim_error_exist": "B\u1ea1n \u0111\u00e3 l\u01b0u voucher n\u00e0y", "label_btn_voucher_use_it": "D\u00f9ng ngay", "msg_voucher_not_complete_task": "B\u1ea1n kh\u00f4ng thu\u1ed9c nh\u00f3m kh\u00e1ch h\u00e0ng \u0111\u1ee7 \u0111i\u1ec1n ki\u1ec7n \u0111\u1ec3 s\u1eed d\u1ee5ng voucher n\u00e0y", "voucher_wallet_label_shopee_wallet_only_fsv__VN": "Thanh to\u00e1n ShopeePay", "msg_input_claim_error_no_quota": "R\u1ea5t ti\u1ebfc! Voucher n\u00e0y \u0111\u00e3 h\u1ebft l\u01b0\u1ee3t s\u1eed d\u1ee5ng", "msg_voucher_no_applicable": "S\u1ea3n ph\u1ea9m \u0111\u00e3 ch\u1ecdn kh\u00f4ng \u0111\u1ea1t \u0111\u1ee7 \u0111i\u1ec1u ki\u1ec7n c\u1ee7a voucher n\u00e0y.", "label_shopee_wallet_only__TH": "ShopeePay Only", "msg_input_voucher_already_used": "B\u1ea1n \u0111\u00e3 s\u1eed d\u1ee5ng voucher n\u00e0y tr\u01b0\u1edbc \u0111\u00e2y", "label_voucher_usage_percentage_used": "\u0110\u00e3 d\u00f9ng {{percentage}}%", "voucher_wallet_checkout_label_show_more_fsv": "Xem th\u00eam", "title_where_to_find_vouchers": "C\u00e1ch T\u00ecm Voucher", "msg_voucher_not_started": "Ch\u01b0a \u0111\u1ebfn l\u00fac c\u00f3 th\u1ec3 \u00e1p d\u1ee5ng voucher n\u00e0y", "label_btn_view_details": "Xem chi ti\u1ebft", "msg_input_voucher_wrong_code": "R\u1ea5t ti\u1ebfc! Kh\u00f4ng th\u1ec3 t\u00ecm th\u1ea5y m\u00e3 voucher n\u00e0y. B\u1ea1n vui l\u00f2ng ki\u1ec3m tra l\u1ea1i m\u00e3 \u0111ang nh\u1eadp ho\u1eb7c c\u00f3 th\u1ec3 m\u00e3 \u0111\u00e3 h\u1ebft h\u1ea1n s\u1eed d\u1ee5ng.", "msg_shop_voucher_select_items": "Ch\u1ecdn s\u1ea3n ph\u1ea9m t\u1eeb shop tr\u01b0\u1edbc khi nh\u1eadp m\u00e3 voucher", "alert_claim_error_no_quota": "R\u1ea5t ti\u1ebfc! Voucher n\u00e0y \u0111\u00e3 h\u1ebft l\u01b0\u1ee3t s\u1eed d\u1ee5ng", "label_ongoing": "\u0110ang di\u1ec5n ra", "label_voucher_shop": "SHOP", "msg_platform_voucher_select_items": "Ch\u1ecdn s\u1ea3n ph\u1ea9m trong gi\u1ecf tr\u01b0\u1edbc khi ch\u1ecdn \u00e1p d\u1ee5ng voucher nh\u00e9!", "label_promotion_off": "GI\u1ea2M", "label_voucher_limited_stock": "S\u1ed1 lu\u1ee3ng c\u00f3 h\u1ea1n", "msg_no_applicable_vouchers": "B\u1ea1n ch\u01b0a th\u1ec3 s\u1eed d\u1ee5ng nh\u1eefng voucher b\u00ean d\u01b0\u1edbi.", "label_flash_sale_buy_long": "\u0905\u092d\u0940 \u0916\u0930\u0940\u0926\u0947\u0902", "msg_input_claim_error_not_found": "R\u1ea5t ti\u1ebfc! Kh\u00f4ng th\u1ec3 t\u00ecm th\u1ea5y m\u00e3 voucher n\u00e0y. B\u1ea1n vui l\u00f2ng ki\u1ec3m tra l\u1ea1i m\u00e3 \u0111ang nh\u1eadp ho\u1eb7c c\u00f3 th\u1ec3 m\u00e3 \u0111\u00e3 h\u1ebft h\u1ea1n s\u1eed d\u1ee5ng.", "pr_msg_inactive_sellers_popup": "Ng\u01b0\u1eddi b\u00e1n n\u00e0y kh\u00f4ng ho\u1ea1t \u0111\u1ed9ng \u0111\u00e3 h\u01a1n {{n}} ng\u00e0y. Vui l\u00f2ng chat tr\u01b0\u1edbc khi mua h\u00e0ng.", "label_applied_vouchers": "Voucher \u0111\u00e3 ch\u1ecdn", "label_free_shipping_voucher_list": "M\u00e3 Mi\u1ec5n Ph\u00ed V\u1eadn Chuy\u1ec3n", "msg_input_claim_error_expired": "R\u1ea5t ti\u1ebfc! Voucher n\u00e0y \u0111\u00e3 h\u1ebft h\u1ea1n s\u1eed d\u1ee5ng", "msg_input_voucher_code_expired": "R\u1ea5t ti\u1ebfc! Voucher n\u00e0y \u0111\u00e3 h\u1ebft h\u1ea1n s\u1eed d\u1ee5ng", "msg_input_voucher_no_applicable": "Voucher n\u00e0y \u0111\u00e3 \u0111\u01b0\u1ee3c l\u01b0u nh\u01b0ng ch\u01b0a th\u1ec3 \u00e1p d\u1ee5ng ngay v\u00ec s\u1ea3n ph\u1ea9m \u0111\u00e3 ch\u1ecdn kh\u00f4ng \u0111\u1ea1t \u0111\u1ee7 \u0111i\u1ec1u ki\u1ec7n.", "label_status_group_buy_to_pay": "To Pay", "voucher_wallet_label_shopee_wallet_only_fsv__TH": "ShopeePay", "label_voucher_shopeepay_later": "SPayLater", "label_bundle_deal": "Combo khuy\u1ebfn m\u00e3i", "label_voucher_wallet_minimum_purchase": "\u0110\u01a1n T\u1ed1i Thi\u1ec3u {{minSpend}}", "pr_msg_confirm_remove_cart_item": "B\u1ea1n ch\u1eafc ch\u1eafn mu\u1ed1n b\u1ecf s\u1ea3n ph\u1ea9m n\u00e0y?", "label_voucher_quota_date": "M\u00e3 c\u00f2n l\u1ea1i {{quota}}% kh\u1ea3 d\u1ee5ng \u0111\u1ebfn {{date}}", "label_shop_voucher": "M\u00e3 gi\u1ea3m gi\u00e1 c\u1ee7a Shop", "msg_platform_voucher_input": "Ch\u1ecdn s\u1ea3n ph\u1ea9m trong gi\u1ecf tr\u01b0\u1edbc khi ch\u1ecdn \u00e1p d\u1ee5ng voucher nh\u00e9!", "msg_shop_no_voucher": "Nh\u1eadp m\u00e3 gi\u1ea3m gi\u00e1 c\u00f3 th\u1ec3 s\u1eed d\u1ee5ng v\u00e0o thanh b\u00ean tr\u00ean", "label_voucher_discount_percentage_off": "Gi\u1ea3m {{value}}%", "voucher_wallet_label_shopee_wallet_only_fsv__TW": "CUB x Shopee co-brand card", "label_shopee_wallet_only": "Thanh to\u00e1n v\u1edbi ShopeePay", "msg_input_voucher_logistics_not_match": "Voucher n\u00e0y \u0111\u00e3 \u0111\u01b0\u1ee3c l\u01b0u nh\u01b0ng ch\u01b0a th\u1ec3 \u00e1p d\u1ee5ng ngay v\u00ec k\u00eanh v\u1eadn chuy\u1ec3n \u0111\u00e3 ch\u1ecdn kh\u00f4ng \u0111\u1ea1t \u0111\u1ee7 \u0111i\u1ec1u ki\u1ec7n.", "voucher_label_cancel": "Tr\u1edf L\u1ea1i", "voucher_claim": "L\u01b0u", "label_start_at": "C\u00f3 hi\u1ec7u l\u1ef1c t\u1eeb", "msg_voucher_min_bucket_not_met": "Mua th\u00eam {{n}} \u0111\u1ec3 s\u1eed d\u1ee5ng voucher n\u00e0y", "msg_voucher_invalid": "Voucher n\u00e0y kh\u00f4ng c\u00f2n hi\u1ec7u l\u1ef1c", "pr_label_remove": "C\u00f3", "label_airpay_only": "Airpay Only", "label_status_group_buy_paid": "Paid", "msg_input_voucher_payment_not_match": "Voucher n\u00e0y \u0111\u00e3 \u0111\u01b0\u1ee3c l\u01b0u nh\u01b0ng ch\u01b0a th\u1ec3 \u00e1p d\u1ee5ng ngay v\u00ec ph\u01b0\u01a1ng th\u1ee9c thanh to\u00e1n \u0111\u00e3 ch\u1ecdn kh\u00f4ng \u0111\u1ea1t \u0111\u1ee7 \u0111i\u1ec1u ki\u1ec7n.", "grb_label_group_buy_people_joined": "{{count}} Joined", "voucher_wallet_label_airpay_only_fsv__MY": "ShopeePay Only", "label_group_buy_badge": "{{size}} per group", "msg_how_to_use_vouchers": "\u0110\u1ec3 c\u00f3 th\u1ec3 \u00e1p d\u1ee5ng m\u00e3 Shopee voucher, b\u1ea1n h\u00e3y ch\u1ecdn n\u00fat \"L\u01b0u\" \u0111\u1ec3 l\u1ea5y voucher v\u1ec1 m\u1ee5c v\u00ed voucher c\u1ee7a b\u1ea1n nh\u00e9.", "voucher_wallet_label_airpay_only_fsv": "AirPay Only", "label_shopee_wallet_only__VN": "Thanh to\u00e1n v\u1edbi ShopeePay", "label_voucher_stocks_left": "{{quota}}% M\u00e3 c\u00f2n l\u1ea1i", "msg_input_voucher_not_started": "Uiii, th\u1eddi gian s\u1eed d\u1ee5ng c\u1ee7a voucher n\u00e0y ch\u01b0a b\u1eaft \u0111\u1ea7u. B\u1ea1n vui l\u00f2ng th\u1eed l\u1ea1i sau nh\u00e9!", "label_voucher_input_apply": "\u00c1p D\u1ee5ng", "alert_claim_error_user_scope": "R\u1ea5t ti\u1ebfc! B\u1ea1n ch\u01b0a \u0111\u1ea1t \u0111\u1ee7 \u0111i\u1ec1u ki\u1ec7n \u0111\u1ec3 s\u1eed d\u1ee5ng voucher n\u00e0y", "pr_label_group_buy_head": "HEAD", "label_voucher_quota_date_expiring": "M\u00e3 c\u00f2n l\u1ea1i {{quota}}%, s\u1ebd h\u1ebft h\u1ea1n v\u00e0o {{time}}", "label_limited": "S\u1ed1 l\u01b0\u1ee3ng c\u00f3 h\u1ea1n", "label_flashsale_n_sold": "\u0110\u00e3 b\u00e1n {{n}}", "msg_input_voucher_from_seller_own_shop": "B\u1ea1n kh\u00f4ng th\u1ec3 t\u1ef1 s\u1eed d\u1ee5ng voucher c\u1ee7a Shop b\u1ea1n.", "msg_shop_data_error": "R\u1ea5t nhi\u1ec1u ng\u01b0\u1eddi d\u00f9ng \u0111ang \u00e1p d\u1ee5ng voucher c\u1ee7a Shopee l\u00fac n\u00e0y. B\u1ea1n vui l\u00f2ng th\u1eed l\u1ea1i sau nh\u00e9!", "msg_input_voucher_claim_not_start": "Uiii, th\u1eddi gian s\u1eed d\u1ee5ng c\u1ee7a voucher n\u00e0y ch\u01b0a b\u1eaft \u0111\u1ea7u. B\u1ea1n vui l\u00f2ng th\u1eed l\u1ea1i sau nh\u00e9!", "label_voucher_tnc": "\u0110i\u1ec1u Ki\u1ec7n", "label_shop_voucher_input_placeholder": "Nh\u1eadp m\u00e3 voucher c\u1ee7a Shop", "page_wallet_label_app_only": "T\u1ea3i \u1ee9ng d\u1ee5ng ngay \u0111\u1ec3 tham gia ch\u01b0\u01a1ng tr\u00ecnh khuy\u1ebfn m\u00e3i!", "label_voucher_help": "H\u1ed7 Tr\u1ee3", "label_airpay_offline_payment": "AirPay Offline Payment", "title_no_voucher": "Kh\u00f4ng t\u00ecm th\u1ea5y Shopee Voucher n\u00e0o trong m\u1ee5c V\u00ed Voucher c\u1ee7a b\u1ea1n", "msg_platform_voucher_explanation": "\u0110\u00e3 hi\u1ec3n th\u1ecb t\u1ea5t c\u1ea3 Shopee voucher thu\u1ed9c m\u1ee5c V\u00ed Voucher c\u1ee7a b\u1ea1n.", "voucher_wallet_label_airpay_only_fsv__MX": "Solo ShopeePay", "label_voucher_offline_payment_discount": "Offline payment discount voucher", "label_valid_until": "HSD", "label_voucher_details_device": "Thi\u1ebft b\u1ecb", "msg_input_claim_error_invalid": "R\u1ea5t ti\u1ebfc! Voucher n\u00e0y kh\u00f4ng c\u00f2n hi\u1ec7u l\u1ef1c", "msg_data_error": "R\u1ea5t nhi\u1ec1u ng\u01b0\u1eddi d\u00f9ng \u0111ang \u00e1p d\u1ee5ng voucher l\u00fac n\u00e0y. B\u1ea1n vui l\u00f2ng th\u1eed l\u1ea1i sau nh\u00e9!", "msg_input_voucher_invalid_country": "R\u1ea5t ti\u1ebfc! Kh\u00f4ng th\u1ec3 t\u00ecm th\u1ea5y m\u00e3 voucher n\u00e0y. B\u1ea1n vui l\u00f2ng ki\u1ec3m tra l\u1ea1i m\u00e3 \u0111ang nh\u1eadp ho\u1eb7c c\u00f3 th\u1ec3 m\u00e3 \u0111\u00e3 h\u1ebft h\u1ea1n s\u1eed d\u1ee5ng.", "msg_no_voucher": "Kh\u00f4ng t\u00ecm th\u1ea5y Shopee Voucher n\u00e0o trong m\u1ee5c V\u00ed Voucher c\u1ee7a b\u1ea1n. H\u00e3y b\u1eaft \u0111\u1ea7u l\u01b0u voucher t\u1eeb nh\u1eefng trang ch\u01b0\u01a1ng tr\u00ecnh khuy\u1ebfn m\u00e3i tr\u00ean Shopee nh\u00e9!", "alert_claim_error_exist": "B\u1ea1n \u0111\u00e3 l\u01b0u voucher n\u00e0y", "label_voucher_mall_preferred": "Mall & Y\u00eau Th\u00edch", "msg_where_to_find_vouchers": "B\u1ea1n c\u00f3 th\u1ec3 t\u00ecm th\u1ea5y Shopee Voucher xuy\u00ean su\u1ed1t trang shopee.vn v\u00e0 \u1ee9ng d\u1ee5ng shopee. M\u1eb9o ri\u00eang cho b\u1ea1n n\u00e8, h\u00e3y b\u1eaft \u0111\u1ea7u v\u1edbi nh\u1eefng trang ch\u01b0\u01a1ng tr\u00ecnh khuy\u1ebfn m\u00e3i v\u00e0 trang ch\u1ee7 c\u1ee7a shop nh\u00e9!", "voucher_wallet_label_shopee_wallet_only_fsv__ID": "ShopeePay Only", "msg_shop_voucher_input": "Ch\u1ecdn s\u1ea3n ph\u1ea9m t\u1eeb shop tr\u01b0\u1edbc khi nh\u1eadp m\u00e3 voucher", "label_airpay_only__VN": "Thanh to\u00e1n ShopeePay", "label_voucher_offline_payment_coin_cashback": "Offline payment coin cashback voucher", "label_voucher_valid_duration": "Valid {{days}} days", "voucher_claimed": "\u0110\u00e3 L\u01b0u", "title_vouchers": "{{shopName}} Voucher", "grb_badge_label_out": "H\u1ebft", "msg_voucher_from_seller_own_shop": "B\u1ea1n kh\u00f4ng th\u1ec3 t\u1ef1 s\u1eed d\u1ee5ng voucher c\u1ee7a Shop b\u1ea1n.", "msg_input_voucher_ua_no_match": "Voucher n\u00e0y \u0111\u00e3 \u0111\u01b0\u1ee3c l\u01b0u nh\u01b0ng ch\u01b0a th\u1ec3 \u00e1p d\u1ee5ng ngay v\u00ec thi\u1ebft b\u1ecb \u0111ang s\u1eed d\u1ee5ng kh\u00f4ng \u0111\u1ea1t \u0111\u1ee7 \u0111i\u1ec1u ki\u1ec7n.", "label_group_buy_badge_long": "Need {{size}} buyers", "label_voucher_seller_voucher_use": "D\u00f9ng ngay", "msg_voucher_logistics_not_match": "\u0110\u01a1n v\u1ecb v\u1eadn chuy\u1ec3n \u0111ang ch\u1ecdn kh\u00f4ng \u0111\u1ea1t \u0111\u1ee7 \u0111i\u1ec1u ki\u1ec7n c\u1ee7a voucher n\u00e0y.", "label_voucher_preferred": "Shop Y\u00eau Th\u00edch", "voucher_wallet_label_airpay_only_fsv__TH": "ShopeePay", "title_data_error": "Voucher qu\u00e1 hot!", "msg_input_voucher_min_bucket_not_met": "Voucher n\u00e0y \u0111\u00e3 \u0111\u01b0\u1ee3c l\u01b0u nh\u01b0ng ch\u01b0a th\u1ec3 \u00e1p d\u1ee5ng ngay v\u00ec gi\u00e1 tr\u1ecb t\u1ed1i thi\u1ec3u c\u1ee7a \u0111\u01a1n ch\u01b0a \u0111\u1ea1t \u0111\u1ee7 \u0111i\u1ec1u ki\u1ec7n.", "label_discount_value_summary": "\u0110\u00e3 gi\u1ea3m {{n}}", "msg_voucher_no_quota": "Voucher n\u00e0y \u0111\u00e3 h\u1ebft l\u01b0\u1ee3t s\u1eed d\u1ee5ng", "label_voucher_coins_cashback_value__SG": "{{value}}% Cashback", "label_voucher_max_value": "Gi\u1ea3m t\u1ed1i \u0111a", "voucher_wallet_checkout_label_show_less_fsv": "Thu g\u1ecdn", "voucher_wallet_label_airpay_only_fsv__TW": "CUB x Shopee co-brand card", "voucher_label_close": "\u0110\u00f3ng", "msg_input_claim_error_user_scope": "R\u1ea5t ti\u1ebfc! B\u1ea1n ch\u01b0a \u0111\u1ea1t \u0111\u1ee7 \u0111i\u1ec1u ki\u1ec7n \u0111\u1ec3 s\u1eed d\u1ee5ng voucher n\u00e0y", "label_free_shipping_icon_label": "Free Shipping", "title_modal_select_voucher": "Ch\u1ecdn Shopee Voucher", "voucher_label_ok": "OK", "voucher_cust_err_msg_title": "Oops!", "msg_voucher_wrong_code": "\u0905\u092e\u093e\u0928\u094d\u092f \u0935\u093e\u0909\u091a\u0930 \u0915\u094b\u0921", "label_other_vouchers": "Voucher kh\u00e1c", "msg_voucher_airpay_offline_popup": "This voucher is used on Wallet", "pr_label_chat_to_offer": "Chat ngay", "label_voucher_expiring_soon": "S\u1eafp h\u1ebft h\u1ea1n", "msg_hint_cart_recommended_vouchers": "L\u1ea5y Voucher \u0111\u1ec3 nh\u1eadn gi\u1ea3m gi\u00e1", "msg_input_voucher_no_quota": "R\u1ea5t ti\u1ebfc! Voucher n\u00e0y \u0111\u00e3 h\u1ebft l\u01b0\u1ee3t s\u1eed d\u1ee5ng", "msg_voucher_already_used": "B\u1ea1n \u0111\u00e3 s\u1eed d\u1ee5ng voucher n\u00e0y tr\u01b0\u1edbc \u0111\u00e2y", "msg_voucher_claim_not_start": "Ch\u01b0a \u0111\u1ebfn l\u00fac c\u00f3 th\u1ec3 \u00e1p d\u1ee5ng voucher n\u00e0y", "label_voucher_best_choice": "L\u1ef1a ch\u1ecdn t\u1ed1t nh\u1ea5t", "msg_select_one": "C\u00f3 th\u1ec3 ch\u1ecdn 1", "label_inapplicable_vouchers_header": "Voucher ch\u01b0a th\u1ec3 \u00e1p d\u1ee5ng", "voucher_wallet_label_shopee_wallet_only_fsv__MX": "Solo ShopeePay", "msg_voucher_shopeepay_offline_popup": "This voucher is used on ShopeePay", "alert_claim_error_self_shop": "B\u1ea1n kh\u00f4ng th\u1ec3 t\u1ef1 s\u1eed d\u1ee5ng voucher c\u1ee7a Shop b\u1ea1n.", "alert_claim_error_invalid": "R\u1ea5t ti\u1ebfc! Voucher n\u00e0y kh\u00f4ng c\u00f2n hi\u1ec7u l\u1ef1c", "msg_input_voucher_not_complete_task": "R\u1ea5t ti\u1ebfc! B\u1ea1n ch\u01b0a \u0111\u1ea1t \u0111\u1ee7 \u0111i\u1ec1u ki\u1ec7n \u0111\u1ec3 s\u1eed d\u1ee5ng voucher n\u00e0y", "label_capped_x_plural": "T\u1ed1i \u0111a {{n}} Xu", "title_shop_data_error": "Voucher qu\u00e1 hot!", "label_voucher_new_user": "Ng\u01b0\u1eddi M\u1edbi", "label_platform_voucher_input_placeholder": "M\u00e3 Shopee Voucher", "label_voucher_add_more": "Mua Th\u00eam", "msg_input_claim_error_not_start": "Uiii, th\u1eddi gian s\u1eed d\u1ee5ng c\u1ee7a voucher n\u00e0y ch\u01b0a b\u1eaft \u0111\u1ea7u. B\u1ea1n vui l\u00f2ng th\u1eed l\u1ea1i sau nh\u00e9!", "voucher_label_specific_products": "S\u1ea3n ph\u1ea9m nh\u1ea5t \u0111\u1ecbnh", "label_discount_voucher_list": "Gi\u1ea3m Gi\u00e1 & Ho\u00e0n Xu", "label_opc_n_coins": "{{count}} Xu", "promo_msg_error_has_occurred": "Uiiiii, c\u00f3 l\u1ed7i m\u1ea5t r\u1ed3i.", "label_voucher_offline_payment_cashback": "Offline payment cashback voucher", "voucher_shop_description": "Ti\u1ebft ki\u1ec7m h\u01a1n khi \u00e1p d\u1ee5ng m\u00e3 gi\u1ea3m gi\u00e1 c\u1ee7a Shop. Li\u00ean h\u1ec7 v\u1edbi Shop n\u1ebfu g\u1eb7p tr\u1ee5c tr\u1eb7c v\u1ec1 m\u00e3 gi\u1ea3m gi\u00e1 do Shop t\u1ef1 t\u1ea1o.", "label_voucher_mall": "Mall", "msg_voucher_ua_no_match": "M\u00e3 mi\u1ec5n ph\u00ed v\u1eadn chuy\u1ec3n ch\u1ec9 s\u1eed d\u1ee5ng \u0111\u01b0\u1ee3c tr\u00ean \u1ee9ng d\u1ee5ng.", "title_how_to_use_vouchers": "C\u00e1ch S\u1eed D\u1ee5ng Voucher", "label_coin_cashback_value_summary": "Nh\u1eadn +{{n}} xu", "msg_server_error": "L\u1ed7i Server", "label_opc_n_coins__plural": "{{count}} Xu", "alert_claim_error_expired": "R\u1ea5t ti\u1ebfc! Voucher n\u00e0y \u0111\u00e3 h\u1ebft h\u1ea1n s\u1eed d\u1ee5ng", "label_coins_cashback": "Ho\u00e0n Xu", "label_voucher_go_shopping": "Mua S\u1eafm", "label_digital_purchase": "N\u1ea1p Th\u1ebb & D\u1ecbch V\u1ee5", "title_shop_no_voucher": "Ch\u01b0a c\u00f3 m\u00e3 gi\u1ea3m gi\u00e1 n\u00e0o c\u1ee7a Shop", "label_opc_n_coins_plural": "{{count}} Xu", "voucher_wallet_label_airpay_only_fsv__ID": "ShopeePay Only", "msg_input_voucher_invalid": "R\u1ea5t ti\u1ebfc! Voucher n\u00e0y kh\u00f4ng c\u00f2n hi\u1ec7u l\u1ef1c", "label_valid_till": "HSD:{{date}}", "label_shopee_offline_voucher": "ShopeePay Offline Payment", "pr_badge_label_off": "gi\u1ea3m", "label_use": "D\u00f9ng ngay"}