{"label_shopee_privacy_policy_popup_content__PH": "In compliance with the Data Privacy Law of 2012, please take a minute to review Shopee\u2019s privacy policy before using our services.", "home_page_label_shopee_mall_header": "Shopee Mall", "home_page_label_categories": "Danh M\u1ee5c", "home_page_ofs_section_see_all": "Xem t\u1ea5t c\u1ea3", "label_welcome_package_get": "Nh\u1eadn qu\u00e0 t\u1eb7ng v\u00e0 c\u00e1c deal \u0111\u1ed9c quy\u1ec1n ngay b\u00e2y gi\u1edd.", "promo_label_see_more": "Xem th\u00eam", "label_shopee_privacy_policy_title": "Shopee Privacy Policy", "msg_kyc_popup": "Shopee has updated its Terms of Service and Privacy Policy.", "label_accept_button": "Ch\u1ea5p nh\u1eadn", "home_page_kyc_popup_secondary_button": "OK", "label_welcome_package_download": "T\u1ea3i \u1ee9ng d\u1ee5ng Shopee \u0111\u1ec3 nh\u1eadn ngay Qu\u00e0 T\u1eb7ng t\u1eeb ch\u00fang t\u1edb nh\u00e9!", "label_privacy_policy": "Ch\u00ednh s\u00e1ch b\u1ea3o m\u1eadt"}